client_id,date_souscription,jour_souscription,secteur,pays,taille_entreprise,plan,anciennete_mois,sieges_souscrits,utilisateurs_actifs,taux_adoption_pct,connexions_30j,heures_usage_30j,fonctionnalites_total,fonctionnalites_utilisees,nb_integrations,derniere_connexion_jours,tickets_support_90j,delai_reponse_support_h,csat,retards_paiement_12m,revenu_mensuel_recurrent_eur,couleur_theme_interface,code_datacenter,groupe_experimentation,commentaire_csm,sante_compte_fin_periode,valeur_vie_client_eur,churn
CLI-002447,31/01/2024,mercredi,Finance,France,TPE,STARTER,12,3,0,0.0,0,"0,0",8,0,0,34,0,14.2,4,1,"40,0",sombre,us-e1,control,,38,689,0
CLI-004125,2024-02-06,mardi,SANTÉ,Belgique,TPE,STARTER,12,3,1,"33,3",2,0.4,8,2,1,0,5,27.9,3,0,31.14,violet,us-e1,control,,45,485,0
CLI-000087,23 Dec 2024,lundi,éducation,France,tpe, Pro ,1,10,2,20.0%,1,"0,1",16,0,0,25,2,17.7,1,2,171.02,clair,ap-s1,B,Mécontentement exprimé au support.,1,701,1
CLI-004628,05 Aug 2024,lundi, Santé ,,PME,pro,6,33,5,15.2,1,0.3,16,6,2,6,1,11.2,5,2,771.93,violet,us-e1,control,Faible adoption des sièges.,47,8862,0
CLI-001671,07 Jan 2025,mardi,Commerce,France,TPE,STARTER,1,4,3,75.0,73,11.9,8,6,0,1,7,"31,8",2,4,"50,01",vert,us-e1,control,,0,300,1
CLI-002103,2024-07-05,vendredi,PUBLIC,Allemagne,TPE,Pro,7,11,7,"63,6",25,10.0,16,4,3,2,2,14.5,4,0,280.62 €,violet,eu-w3,A,Client très satisfait et actif.,42,7133,0
CLI-001474,2024-04-09,mardi,,France,PME,business,10,39,26,66.7,60,15.8,26,13,3,1,3,6.4,3,0,"2000,67",vert,ap-s1,A,,58,101714,0
CLI-001003,11/01/2023,mercredi, Public ,Suisse,eti,BUSINESS,25,133,80,60.2,19,4.0,26,12,6,1,1,5.0,4,0,6262.75,clair,us-e1,B,,76,112980,0
CLI-002638,2025-01-04,samedi,Industrie,France, GE , Enterprise ,1,264,223,84.5,76,56.1,40,27,0,3,9,"5,8",4,2,21725.8 €,clair,us-e1,control,,36,249412,0
CLI-001617,2022-12-07,mercredi,Tech,France,TPE,starter,26,7,4,57.1%,19,6.6,8,2,6,1,5,20.7,3,0,,bleu,eu-w1,control,,64,2749,0
CLI-004372,28 Dec 2024,samedi,Finance,Canada,PME,Enterprise,1,53,29,54.7%,37,18.8,40,16,0,0,2,3.1 h,3,0,"4112,87",sombre,ap-s1,control,Suivi standard.,63,13490,0
CLI-002449,2024-11-11,lundi,Commerce,France,PME,pro,3,42,2,4.8%,1,0.1,16,5,0,30,8,16.8,,0,961.74 €,sombre,ap-s1,B,Mécontentement exprimé au support.,0,11829,1
CLI-002761,04 Jan 2025,samedi,Tech,Belgique,pme,starter,1,25,24,96.0,126,79.9,8,5,0,0,0,20.6,4,2,319.5,bleu,ap-s1,B,,24,2358,1
CLI-002414,10 Apr 2024,mercredi,SANTÉ,France,GE,Enterprise,10,593,334,56.3,3,1.2,40,12,2,4,3,1.8,4,1,"47220,94",violet,ap-s1,A,,59,1510126,0
CLI-000475,09/06/2024,dimanche,Éducation,France,eti,enterprise,8,49,31,63.3%,37,"18,3",40,14,5,1,1,1.7 h,5,0,3862.48,violet,eu-w1,A,Client très satisfait et actif.,69,117188,0
CLI-003680,2025-01-03,vendredi,Commerce,Allemagne,PME, Enterprise ,1,34,5,14.7,1,0.5,40,3,0,23,0,5.0,4,2,"2851,25",bleu,ap-s1,A,,27,116901,0
CLI-000818,27 Dec 2024,vendredi,Finance,Belgique,GE, Enterprise ,1,817,229,28.0,11,2.4,40,16,0,4,1,6.5,3,2,66515.81,bleu,eu-w3,B,,38,436344,0
CLI-004297,2023-07-15,samedi,Tech,France, PME ,Starter,19,48,27,56.2,18,6.0,8,4,2,1,4,,4,0,595.07 €,clair,ap-s1,A,RAS.,15,32693,1
CLI-000618,2024-12-29,dimanche, Finance ,Suisse,GE,Pro,1,267,106,39.7,16,7.9,16,8,0,0,1,13.7,3,2,5271.06,bleu,ap-s1,B,Suivi standard.,17,51867,1
CLI-004909,13 Aug 2024,mardi, Commerce ,France,TPE,Pro,6,6,1,16.7,1,0.1,16,0,2,4,0,2.7,4,2,90.0 €,bleu,us-e1,control,Faible adoption des sièges.,13,1033,1
CLI-000115,17/08/2023,jeudi,INDUSTRIE,France,PME, Business ,18,48,13,27.1%,5,0.9,26,7,9,14,1,5.7,,0,2117.68,bleu,ap-s1,A,,72,52095,0
CLI-000830,02 Mar 2024,samedi,Commerce,France, ETI ,Enterprise,11,147,79,53.7,28,"18,5",40,15,1,3,5,5.8,3,1,12258.83,clair,eu-w1,control,,55,643343,0
CLI-000107,14 Mar 2023,mardi,Éducation,France,TPE,Pro,23,3,2,66.7,57,39.7,16,6,5,2,1,"12,3",3,0,73.85,clair,eu-w1,control,,82,2907,0
CLI-002233,2024-06-05,mercredi,Finance,Canada,pme,pro,8,35,14,"40,0",14,2.1,16,7,5,3,4,14.6 h,3,3,816.11,sombre,ap-s1,control,,47,21415,0
CLI-004947,2025-01-04,samedi,INDUSTRIE,France,ge,BUSINESS,1,168,88,52.4,28,5.2,26,11,0,0,3,0.8,2,1,7388.29,violet,eu-w3,A,"Client insatisfait, risque de départ.",20,236278,1
CLI-001247,28/02/2024,mercredi,Éducation,France,ETI,starter,11,42,20,47.6,10,5.4,8,2,6,1,3,24.1,4,1,562.28,clair,ap-s1,A,"Compte engagé, ambassadeur potentiel.",50,5072,0
CLI-004959,29 Aug 2024,jeudi,tech,France,ge,Enterprise,5,136,110,80.9,39,3.6,40,11,0,1,0,4.7,3,2,"12064,03",violet,eu-w3,A,RAS.,56,98925,0
CLI-000692,07 Jan 2025,mardi, Éducation ,Espagne,tpe,Pro,1,4,2,50.0,21,6.7,16,7,0,1,2,"6,5",3,1,72.4,violet,ap-s1,A,,53,594,0
CLI-002448,2024-04-30,mardi,Tech,Espagne, ETI , Business ,9,184,77,41.8,19,4.7,26,15,3,0,5,10.3,1,2,9921.7,bleu,us-e1,A,Mécontentement exprimé au support.,8,122037,1
CLI-003079,02/12/2023,samedi,Industrie,Allemagne,ETI,PRO,14,121,98,81.0,71,"9,7",16,8,3,3,3,9.8,3,0,3289.48,bleu,ap-s1,A,Compte dans la moyenne.,29,37763,1
CLI-002633,02 Dec 2024,lundi,Tech,France,TPE,Pro,2,2,1,50.0,27,,16,5,0,0,1,12.0,5,2,45.66,bleu,ap-s1,control,Compte dans la moyenne.,37,412,0
CLI-004722,10 Mar 2024,dimanche,Industrie,France,TPE,Pro,11,8,4,50.0,24,11.4,16,5,3,0,9,13.2 h,3,1,"151,9",sombre,ap-s1,A,"Multiples tickets ouverts, friction élevée.",47,2242,0
CLI-002595,14 May 2024,mardi,COMMERCE,France, PME , Starter ,9,27,18,66.7,45,16.3,8,3,2,0,4,26.6,3,1,409.98,bleu,ap-s1,A,,6,17145,1
CLI-001960,15/12/2022,jeudi,,Allemagne,pme, Pro ,26,20,0,0.0,0,0.0,16,0,0,53,0,1.2,5,0,"567,89",sombre,us-e1,control,,69,10710,0
CLI-001887,08/10/2024,mardi,industrie,Espagne,PME,Business,4,27,16,59.3%,9,"4,0",26,5,2,2,2,8.5,4,1,,bleu,us-e1,B,Compte dans la moyenne.,62,4403,0
CLI-003759,15/07/2023,samedi,éducation,Canada, PME ,PRO,19,52,41,78.8,46,24.3,16,7,,0,5,14.5,3,0,1499.72,bleu,us-e1,A,RAS.,69,19676,0
CLI-000604,2024-08-13,mardi,Finance,France,TPE,Business,6,4,4,100.0%,123,"92,9",26,20,2,0,1,"7,5",4,1,214.32,vert,ap-s1,control,,55,18804,0
CLI-002077,08/08/2024,jeudi,Tech,,TPE,Pro,6,7,4,57.1%,10,6.4,16,7,4,4,2,14.2,,2,"169,59",sombre,eu-w3,A,Mécontentement exprimé au support.,47,4589,0
CLI-002683,14 Mar 2024,jeudi,,France, PME , Pro ,11,53,0,"0,0",0,"0,0",16,0,0,40,0,3.8,5,0,"1339,11",violet,eu-w3,control,Déploiement interne limité.,25,14275,1
CLI-000744,2024-05-27,lundi,commerce,Espagne,PME, Business ,8,21,5,"23,8",4,0.2,26,3,2,2,2,1.2,3,,950.18,vert,eu-w3,A,Faible adoption des sièges.,38,9350,0
CLI-000814,2024-05-31,vendredi,Éducation,France,PME,Pro,8,7,5,"71,4",44,28.2,16,9,1,1,0,5.6,5,0,180.29,bleu,eu-w1,control,,73,1626,0
CLI-000189,2023-11-11,samedi, Commerce ,Allemagne,PME,PRO,15,6,4,"66,7",40,20.8,16,6,3,0,2,,5,1,156.04,bleu,us-e1,B,Client très satisfait et actif.,66,3839,0
CLI-003067,25 Dec 2024,mercredi,Industrie,Allemagne,eti,Enterprise,1,43,13,30.2,6,4.0,40,25,0,1,2,1.4,2,0,4371.79 €,clair,eu-w1,A,,20,32264,1
CLI-001415,2024-10-26,samedi,Industrie,Allemagne,TPE,Pro,3,2,1,50.0,10,2.5,16,4,0,0,3,,2,2,45.51 €,bleu,us-e1,B,,38,411,0
CLI-002024,02 May 2024,jeudi,Finance,France,TPE, Starter ,9,2,1,50.0,16,6.4,8,4,,2,6,23.5,4,1,,clair,us-e1,B,Compte dans la moyenne.,50,728,0
CLI-004462,04 May 2023,jeudi, Commerce ,France, PME ,Business,21,35,23,65.7,18,"12,1",26,8,6,1,2,,3,0,1619.11,vert,ap-s1,B,,75,112852,0
CLI-004512,06/10/2023,vendredi,Tech,France,PME,starter,16,18,15,83.3,68,42.8,8,3,2,1,4,29.9,3,0,252.96,violet,eu-w1,B,,53,9334,0
CLI-002415,01/01/2024,lundi,INDUSTRIE,France,PME,Pro,13,30,8,,3,,16,4,2,30,2,10.9,4,0,721.48,clair,eu-w3,B,,53,5325,0
CLI-001170,06 Jul 2024,samedi,public,France,PME, Starter ,7,54,10,"18,5",1,0.1,8,0,5,11,1,18.5,4,0,"615,55",vert,eu-w3,B,,55,13628,0
CLI-002570,17/08/2023,jeudi,SANTÉ,France,eti,Business,18,134,103,76.9,54,32.7,26,9,3,1,3,6.7,3,0,6531.64 €,sombre,ap-s1,control,,75,192814,0
CLI-001260,2024-07-12,vendredi,Éducation,,TPE,Pro,7,2,2,100.0,78,49.9,16,9,1,5,3,17.4,3,0,57.9,clair,ap-s1,A,,48,4368,0
CLI-003900,17 Jul 2023,lundi,Santé,Belgique,ETI,Enterprise,19,123,101,,88,61.8,40,24,4,1,7,5.4,,0,11828.34,sombre,us-e1,A,Mécontentement exprimé au support.,67,387970,0
CLI-001946,15/12/2022,jeudi,Tech,Belgique,ge,pro,26,833,475,57.0,9,4.1,16,6,6,3,4,16.3 h,2,0,23825.28,bleu,eu-w3,B,,73,957300,0
CLI-001861,31/10/2024,jeudi,,Canada,PME,Pro,3,38,5,13.2,1,0.2,16,4,0,1,3,7.9,3,2,591.9,clair,ap-s1,A,,25,5339,1
CLI-001821,04/10/2023,mercredi,tech,France,TPE,PRO,16,11,9,81.8%,74,,16,12,0,0,1,6.7,,0,288.58,clair,ap-s1,A,,69,2130,0
CLI-004585,2024-04-11,jeudi, Éducation ,France,PME,BUSINESS,10,34,19,55.9,17,"10,1",26,16,3,3,3,7.0,,1,1742.7 €,violet,us-e1,control,,51,35725,0
CLI-001719,13/04/2023,jeudi,Tech,France, TPE ,Starter,22,5,1,"20,0",1,0.1,8,0,4,30,1,18.6,3,,62.0,sombre,us-e1,A,,55,1525,0
CLI-002211,2023-11-09,jeudi,Commerce,France,ETI,Business,15,30,0,0.0,0,0.0,26,0,0,103,2,4.0,4,0,1508.58,sombre,us-e1,B,Usage en forte baisse ce trimestre.,2,80407,1
CLI-001041,10 Jun 2024,lundi,INDUSTRIE,France,tpe,Starter,8,7,5,"71,4",15,8.4,8,4,,4,3,30.8,2,0,84.7,clair,eu-w1,control,"Client insatisfait, risque de départ.",1,1111,1
CLI-004313,2024-04-06,samedi,Tech,Canada,ETI,starter,10,102,0,"0,0",0,0.0,8,0,0,82,6,26.7 h,2,0,1103.52,sombre,eu-w1,control,"Compte peu actif, relance nécessaire.",0,24432,1
CLI-001782,2023-08-18,vendredi,Finance,France,ETI,Enterprise,18,112,52,46.4,13,2.0,40,20,3,0,1,2.1,2,0,8559.39,bleu,eu-w3,control,Mécontentement exprimé au support.,75,35093,0
CLI-002911,05 Dec 2023,mardi, Finance ,Suisse,tpe,enterprise,14,1,1,100.0,38,12.7,40,5,,1,0,0.5,4,1,75.37,violet,ap-s1,B,,70,494,0
CLI-002495,09/10/2023,lundi,Éducation,Suisse,pme,Pro,16,7,5,71.4,29,22.3,16,6,2,0,2,11.2,,0,"179,0",bleu,ap-s1,A,,79,4844,0
CLI-002615,13/12/2023,mercredi,Commerce,Espagne,eti, Business ,14,117,83,70.9,56,"46,8",26,11,0,0,4,8.5,2,0,6823.84,vert,eu-w3,control,,49,128698,0
CLI-001017,13/03/2023,lundi,Éducation,France, PME , Pro ,23,32,22,68.8,47,"19,8",16,5,7,1,0,6.8,4,0,1008.9,sombre,eu-w1,B,Client très satisfait et actif.,93,9100,0
CLI-004849,2023-09-30,samedi,Commerce,Belgique,PME,BUSINESS,16,36,6,16.7,1,"0,1",26,1,4,12,9,7.2,1,0,1249.04,clair,eu-w3,B,,53,5121,0
CLI-002030,2024-01-05,vendredi,PUBLIC,France,PME,Business,13,44,29,65.9,39,"20,4",26,13,,0,0,2.7,4,0,"2303,68",vert,eu-w1,A,RAS.,66,52892,0
CLI-003889,06/08/2023,dimanche,Tech,Belgique,pme,Business,18,36,20,,34,2.1,26,13,2,1,0,"3,8",4,0,1618.28 €,violet,eu-w3,control,,56,39810,0
CLI-002210,10 Nov 2024,dimanche,tech,Belgique,eti,BUSINESS,3,151,70,46.4%,20,5.3,26,10,0,0,6,"5,8",1,1,6011.36,bleu,ap-s1,control,,46,157738,0
CLI-001981,2024-03-30,samedi, Santé ,France,PME,Pro,10,26,7,26.9,10,8.6,16,7,3,1,0,,,0,717.44,bleu,eu-w1,A,,36,27650,1
CLI-003391,07 Mar 2024,jeudi,Tech,Belgique,TPE,Starter,11,1,1,"100,0",4,3.4,8,4,2,8,0,11.4 h,5,0,10.22,clair,us-e1,A,,68,300,0
CLI-001673,2023-06-17,samedi, Finance ,France,TPE,Starter,20,6,3,50.0,16,6.6,8,4,2,1,0,15.6 h,4,0,64.68,clair,us-e1,control,,65,2387,0
CLI-001254,2024-07-29,lundi,SANTÉ,France,PME, Business ,6,7,2,28.6,11,0.6,26,11,2,4,1,8.9,2,1,326.81,vert,eu-w1,B,"Client insatisfait, risque de départ.",13,4824,1
CLI-003005,19/05/2023,vendredi,ÉDUCATION,Belgique,tpe,Starter,21,2,1,50.0%,11,2.2,8,2,5,2,2,30.1,2,0,26.58,violet,eu-w1,control,,66,1373,0
CLI-002551,2024-03-13,mercredi,Commerce,France,PME,Pro,11,32,14,43.8,1,0.3,16,7,2,8,3,"13,6",4,0,"781,7",vert,eu-w1,control,,55,17307,0
CLI-003042,07/03/2024,jeudi,Santé,France,ETI, Starter ,11,209,98,"46,9",22,12.2,8,2,2,0,3,16.5,,2,2475.44 €,vert,us-e1,control,,25,66985,1
CLI-001556,2023-08-04,vendredi,,France, ETI ,business,18,114,49,43.0,26,18.4,26,14,5,0,5,9.3 h,2,,"5282,03",clair,us-e1,control,,55,138600,0
CLI-004148,05 Nov 2024,mardi,FINANCE,Espagne,GE,Enterprise,3,815,157,19.3,1,0.5,40,14,0,16,2,5.6,,,54582.34,bleu,ap-s1,control,Déploiement interne limité.,11,402818,1
CLI-004929,30 Jul 2024,mardi,ÉDUCATION,France,TPE,starter,6,7,5,71.4,48,"2,4",8,3,1,2,1,"34,3",3,1,"86,8",bleu,us-e1,control,,55,2135,0
CLI-001140,31 Jan 2024,mercredi, Commerce ,Suisse,PME,pro,12,36,18,50.0,11,"4,6",16,6,3,0,0,,4,0,"894,74",sombre,eu-w3,control,"Compte engagé, ambassadeur potentiel.",60,16875,0
CLI-001755,01 Apr 2024,lundi,tech,Espagne, TPE ,STARTER,10,8,3,37.5,8,4.6,8,2,2,0,1,,3,0,95.1,sombre,us-e1,control,,40,1092,0
CLI-001305,2025-01-08,mercredi,tech,Suisse,TPE,Starter,1,9,3,"33,3",12,0.6,8,4,0,6,3,"29,2",3,3,97.82,violet,us-e1,A,,30,1123,0
CLI-003366,20/05/2023,samedi,éducation,France,PME,Pro,21,54,18,33.3,1,"0,2",16,2,1,3,5,,4,0,"1516,96",violet,us-e1,B,,54,54732,0
CLI-000940,12 May 2023,vendredi,Éducation,France,pme, Pro ,21,35,10,"28,6",1,0.4,16,3,5,15,5,14.1,3,0,"955,72",violet,us-e1,A,Suivi standard.,70,20376,0
CLI-003031,2024-09-25,mercredi,Commerce,France,TPE,Starter,4,10,0,"0,0",0,0.0,8,0,0,78,0,,4,2,"118,43",sombre,ap-s1,control,"Compte peu actif, relance nécessaire.",0,2719,1
CLI-000246,2023-10-03,mardi,SANTÉ,Allemagne,tpe, Starter ,16,10,5,50.0,19,"12,8",8,2,3,1,2,,3,0,132.31,bleu,us-e1,A,,63,3363,0
CLI-004718,28/09/2024,samedi,commerce,France, PME ,Pro,4,50,37,"74,0",21,"7,4",16,5,0,2,0,,5,0,1333.62,sombre,ap-s1,A,Compte dans la moyenne.,52,37181,0
CLI-002225,2024-02-08,jeudi,finance,France,tpe, Starter ,12,7,3,"42,9",1,0.1,8,0,3,22,7,,,1,84.68,bleu,eu-w3,control,,0,903,1
CLI-003141,02 Apr 2024,mardi,Commerce,France,GE,ENTERPRISE,10,688,529,76.9,32,6.9,40,19,2,0,1,"4,4",4,,46638.01,clair,us-e1,control,Suivi standard.,57,382432,0
CLI-004803,2024-05-31,vendredi, Finance ,France, TPE ,STARTER,8,4,3,75.0,27,"13,1",8,4,1,1,0,17.6,3,1,37.59,sombre,eu-w3,A,,52,401,0
CLI-003869,12/10/2023,jeudi,Éducation,France,TPE,STARTER,16,2,1,"50,0",25,13.6,8,3,4,3,2,22.8,4,0,"18,63",bleu,ap-s1,control,,57,300,0
CLI-003939,25 Sep 2024,mercredi,Santé,Suisse,GE,BUSINESS,4,727,76,10.5,1,0.1,26,8,0,14,0,4.6,3,2,"31870,33",vert,eu-w3,control,,48,444272,0
CLI-000212,11 Nov 2023,samedi,Commerce,Suisse,PME,Pro,15,37,36,"97,3",75,,16,9,3,1,2,"13,6",4,1,887.36,clair,ap-s1,control,,73,11642,0
CLI-001360,2023-06-16,vendredi,Santé,Allemagne,TPE,Starter,20,2,1,50.0%,17,7.0,8,2,5,1,0,25.8,3,0,,violet,eu-w1,A,,64,586,0
CLI-001626,2024-03-07,jeudi,Industrie,Belgique,PME,Starter,11,38,16,42.1%,9,3.1,8,2,3,1,0,"9,2",5,0,"409,4",bleu,eu-w3,control,"Compte engagé, ambassadeur potentiel.",73,11078,0
CLI-004246,13/01/2024,samedi,SANTÉ,Suisse,PME,Pro,13,24,13,54.2,13,2.6,16,5,,1,12,"22,2",1,2,576.45,clair,us-e1,control,"Client insatisfait, risque de départ.",14,20326,1
CLI-002678,2024-08-25,dimanche,tech,France,PME,ENTERPRISE,5,26,22,84.6%,60,"26,6",40,23,0,1,2,2.8,4,1,2284.71,sombre,eu-w3,control,,55,7494,0
CLI-000199,04 Feb 2024,dimanche,,France,PME, Business ,12,24,5,20.8,1,0.4,26,5,6,21,0,0.5,4,1,944.61 €,clair,us-e1,B,Faible adoption des sièges.,70,28659,0
CLI-003393,14 Mar 2024,jeudi, Commerce ,France,PME,Pro,11,32,24,75.0%,50,27.9,16,6,3,0,1,10.4,5,0,1072.39,clair,eu-w3,control,"Compte engagé, ambassadeur potentiel.",68,54520,0
CLI-002214,2023-08-31,jeudi,Tech,Canada,TPE,Starter,17,10,5,"50,0",25,18.5,8,3,4,2,0,"20,5",4,0,114.63 €,violet,eu-w1,B,,59,2256,0
CLI-001349,2023-08-14,lundi,commerce,,PME,Pro,18,9,5,55.6,19,"3,7",16,8,4,0,2,6.6 h,4,0,258.67,sombre,ap-s1,A,Client très satisfait et actif.,70,7848,0
CLI-002182,21/05/2023,dimanche, Éducation ,Belgique,ETI,Business,21,217,113,52.1,33,9.0,26,11,7,1,4,4.6,3,0,10502.06,sombre,us-e1,B,Compte dans la moyenne.,70,103340,0
CLI-002489,11/03/2023,samedi,Finance,France,ge,Pro,23,814,285,,1,"0,5",16,3,6,30,1,14.7,3,0,"20767,02",clair,ap-s1,B,Compte dans la moyenne.,56,306521,0
CLI-002384,17/03/2023,vendredi,COMMERCE,France,TPE,BUSINESS,23,1,1,100.0%,10,,26,7,4,4,1,3.6,3,0,35.77 €,vert,eu-w3,A,RAS.,78,557,0
CLI-003396,2024-07-26,vendredi,Tech,France,PME,ENTERPRISE,6,52,0,0.0,0,0.0,40,0,0,60,0,0.5,5,0,"2524,44",bleu,eu-w1,B,,14,24840,1
CLI-001672,27/11/2024,mercredi, Industrie ,France,ETI,Business,2,103,22,21.4,1,0.3,26,2,0,8,2,5.9,4,0,5256.39,violet,ap-s1,control,Faible adoption des sièges.,20,21551,1
CLI-001784,2024-12-27,vendredi,Commerce,France,TPE,Pro,1,7,5,71.4%,44,20.8,16,7,0,0,4,11.6,3,,142.55,vert,eu-w1,control,,14,701,1
CLI-000979,29 Nov 2024,vendredi,Tech,France,PME, Starter ,2,8,8,100.0,117,"97,6",8,6,0,1,6,41.2,3,2,105.88 €,bleu,eu-w3,control,RAS.,8,3386,1
CLI-000569,15/12/2023,vendredi,TECH,Belgique,PME,STARTER,14,10,2,"20,0",5,"1,1",8,1,3,2,1,20.0,,0,"131,82",bleu,eu-w3,control,,71,2378,0
CLI-002220,2024-10-30,mercredi,Éducation,Espagne, PME , Business ,3,27,0,"0,0",0,"0,0",26,0,0,32,2,10.6 h,3,,,bleu,eu-w1,A,Déploiement interne limité.,4,11376,1
CLI-004258,05/12/2022,lundi,PUBLIC,France,TPE, Pro ,26,1,1,100.0,55,"28,6",16,6,6,0,4,13.5,3,0,"26,19",bleu,ap-s1,B,,85,472,0
CLI-003022,2023-07-04,mardi,Industrie,France,PME,starter,19,53,34,64.2,8,0.4,8,2,3,5,0,9.8,5,,724.82,violet,us-e1,control,,74,60624,0
CLI-002375,12 May 2024,dimanche,Finance,Suisse,TPE,Pro,9,5,4,80.0,33,6.4,16,6,3,0,0,12.2,5,0,143.26,vert,us-e1,B,,82,5991,0
CLI-001113,04 Nov 2023,samedi,Tech,Allemagne,TPE,Pro,15,3,1,"33,3",8,3.6,16,5,3,7,3,14.8,3,,87.41,sombre,us-e1,B,,59,4731,0
CLI-001779,2023-07-15,samedi, Finance ,France, TPE ,Starter,19,4,3,"75,0",55,37.4,8,4,3,1,0,22.4,4,0,56.1,clair,ap-s1,B,"Compte engagé, ambassadeur potentiel.",66,2622,0
CLI-002959,05 Jan 2025,dimanche,FINANCE,France,ETI,Starter,1,197,119,60.4,41,29.8,8,5,0,2,4,37.1,1,2,,clair,eu-w1,A,,0,11345,1
CLI-002592,18/08/2023,vendredi,TECH,Belgique,TPE, Starter ,18,3,2,66.7,22,4.6,8,4,5,3,1,16.4,4,0,36.5,vert,us-e1,control,"Compte engagé, ambassadeur potentiel.",68,1197,0
CLI-000967,2024-02-07,mercredi,Tech,Canada,TPE,Starter,12,1,0,0.0,0,0.0,8,0,0,34,7,"32,4",3,0,10.82,bleu,us-e1,A,,1,300,1
CLI-002730,10 Mar 2024,dimanche,Éducation,Allemagne,PME,BUSINESS,11,39,30,"76,9",57,30.5,26,18,3,1,3,8.6,2,1,"1956,77",vert,eu-w3,control,,59,19255,0
CLI-004757,2024-11-02,samedi, Commerce ,,TPE,Business,3,1,1,100.0,44,22.0,26,17,1,1,2,11.0,3,0,38.45,vert,eu-w1,B,,60,1324,0
CLI-001182,07 Jun 2023,mercredi,Finance,France,pme, Starter ,20,6,5,83.3%,82,47.1,8,5,1,0,0,,5,0,83.89 €,vert,eu-w3,A,,64,2820,0
CLI-002780,31 Mar 2024,dimanche,Tech,Suisse, TPE ,Starter,10,5,1,20.0,13,3.5,8,4,0,7,6,38.7,2,3,43.47,bleu,eu-w1,A,,3,300,1
CLI-003750,13 Nov 2023,lundi, Commerce ,France, TPE ,STARTER,15,11,3,27.3,1,,8,1,2,23,3,29.1,2,,128.94,violet,ap-s1,A,,55,740,0
CLI-001707,2024-09-03,mardi,,France,PME,Business,5,26,5,19.2%,1,0.3,26,7,0,1,1,3.2 h,4,,"1086,88",violet,eu-w3,control,Déploiement interne limité.,23,15151,1
CLI-004049,07/01/2025,mardi,COMMERCE,France,TPE,Starter,1,7,5,"71,4",31,7.8,8,3,0,0,0,10.7,5,4,72.84,clair,eu-w1,B,RAS.,50,2927,0
CLI-002390,01/11/2024,vendredi, Industrie ,Suisse, TPE ,Starter,3,5,2,"40,0",28,23.3,8,4,0,2,0,18.2,5,0,67.68,violet,us-e1,B,,59,1054,0
CLI-003267,14 Sep 2023,jeudi,Public,France,pme,Business,17,56,0,0.0,0,"0,0",26,0,0,58,2,5.3,2,0,"2318,13",vert,ap-s1,A,,50,17108,0
CLI-002800,2023-03-19,dimanche, Santé ,Espagne, TPE ,Starter,23,9,0,0.0,0,"0,0",8,0,0,62,5,34.7,3,0,106.41,sombre,eu-w3,control,Usage en forte baisse ce trimestre.,0,1309,1
CLI-001146,2024-01-09,mardi,Éducation,Espagne,ETI,ENTERPRISE,13,219,122,"55,7",1,"0,1",40,5,,10,4,"6,9",4,0,17232.53,vert,ap-s1,B,RAS.,53,423920,0
CLI-003000,14 Dec 2023,jeudi, Santé ,France, PME ,pro,14,50,23,46.0%,17,"2,6",16,6,1,5,2,14.4,4,,1085.29,vert,eu-w1,control,RAS.,43,40937,0
CLI-004228,2024-05-10,vendredi, Tech ,France,ETI,Business,9,213,31,14.6%,1,0.1,26,8,1,29,0,5.9 h,4,0,"9958,24",sombre,us-e1,A,,23,383791,1
CLI-002226,2023-12-01,vendredi,,France,PME,PRO,14,39,12,30.8,8,3.9,16,2,2,1,8,13.8,3,0,1120.5,violet,eu-w3,control,"Multiples tickets ouverts, friction élevée.",60,60641,0
CLI-000056,12/07/2024,vendredi,Finance,Suisse,PME,Pro,7,39,18,46.2%,16,"8,7",16,4,1,0,1,,3,4,859.76,clair,eu-w3,A,,7,19035,1
CLI-001522,12/08/2023,samedi,Éducation,France,PME, Starter ,18,58,0,"0,0",0,0.0,8,0,0,35,0,18.6,5,,754.63,bleu,ap-s1,A,Faible adoption des sièges.,45,18564,0
CLI-000621,2023-04-06,jeudi,Industrie,France,pme,Pro,22,57,24,42.1,14,10.0,16,3,3,2,9,16.8 h,3,1,1389.36 €,sombre,us-e1,A,,60,20507,0
CLI-000436,14 Feb 2024,mercredi,Public,France,TPE,Business,12,5,1,"20,0",1,,26,4,2,13,0,3.0 h,5,1,223.14 €,clair,eu-w3,A,Faible adoption des sièges.,33,3294,1
CLI-004998,12 Aug 2023,samedi,Tech,France, ETI ,Pro,18,63,56,88.9,87,95.7,16,9,5,0,2,,5,0,1671.69,clair,eu-w1,A,,75,64427,0
CLI-003909,2024-03-03,dimanche,Commerce,Canada,ge,Enterprise,11,127,73,57.5,16,6.6,40,13,2,4,5,"3,2",3,0,10808.83,violet,us-e1,A,RAS.,64,257034,0
CLI-001303,2024-10-26,samedi,Santé,Allemagne,PME,PRO,3,30,21,70.0%,48,27.8,16,9,0,2,4,15.0,2,1,978.38 €,clair,ap-s1,A,Mécontentement exprimé au support.,21,40114,1
CLI-001962,02 Apr 2024,mardi,,France,PME,Pro,10,53,50,94.3,115,106.5,16,13,1,3,0,10.1,4,0,1245.74,bleu,ap-s1,B,,70,48011,0
CLI-004358,2024-12-10,mardi,Industrie,Espagne,ETI,Business,2,43,6,"14,0",1,0.3,26,1,0,2,6,11.8,1,2,1353.51,violet,eu-w1,B,,2,7769,1
CLI-000961,2024-01-16,mardi,,France,pme,Pro,13,25,7,"28,0",1,"0,1",16,5,2,6,6,14.7,2,0,605.76 €,sombre,us-e1,B,,20,7451,1
CLI-002263,2023-05-03,mercredi, Industrie ,France,eti,Pro,21,206,31,15.0%,1,"0,5",16,0,1,21,5,,2,0,4957.26,clair,eu-w3,control,,14,182923,1
CLI-001491,04 Aug 2023,vendredi,Finance,France,TPE,STARTER,18,7,4,57.1,20,"11,3",8,3,2,2,0,"11,7",4,0,83.97,bleu,ap-s1,control,,61,620,0
CLI-002156,13/03/2023,lundi, Finance ,France,eti,Pro,23,135,38,28.1,8,5.5,16,8,4,1,2,,,1,4073.0,clair,eu-w1,B,,73,250489,0
CLI-001104,12 Oct 2024,samedi,commerce,Suisse,tpe,Starter,4,2,1,50.0%,10,"5,9",8,1,1,1,5,,2,1,14.76 €,violet,eu-w1,B,"Client insatisfait, risque de départ.",5,300,1
CLI-004283,2024-03-16,samedi,Santé,Suisse,ETI,business,11,144,65,45.1,23,"1,4",26,14,3,1,2,3.9,3,0,6913.28 €,violet,eu-w1,control,RAS.,52,96371,0
CLI-000208,21/05/2023,dimanche,industrie,France,TPE,PRO,21,10,3,30.0,1,0.1,16,4,3,3,2,10.2,4,0,"260,72",sombre,us-e1,A,Client très satisfait et actif.,59,3421,0
CLI-002705,04 Jan 2025,samedi,Public,France,TPE,PRO,1,4,2,50.0,22,5.2,16,7,0,1,1,19.2,3,3,70.56 €,bleu,eu-w3,A,,43,810,0
CLI-003782,03 Dec 2024,mardi,Finance,Allemagne,PME,PRO,2,14,2,14.3%,1,0.4,16,2,1,18,4,13.9,3,0,323.21,bleu,eu-w1,A,,9,5831,1
CLI-002944,2023-06-13,mardi,Commerce,Belgique,PME,Pro,20,39,14,35.9,1,0.2,16,4,2,2,3,13.6,4,0,903.27,violet,ap-s1,B,,66,44441,0
CLI-004533,09 Jun 2024,dimanche,tech,France, PME ,Starter,8,29,13,44.8,5,"3,9",8,4,4,3,0,4.8,5,1,313.67,clair,eu-w3,B,Client très satisfait et actif.,64,6430,0
CLI-004475,02 Nov 2023,jeudi,Commerce,France, PME ,Pro,15,58,9,"15,5",3,0.9,16,0,3,8,5,19.9,3,0,959.19,vert,us-e1,A,Déploiement interne limité.,48,17304,0
CLI-001712,12 Dec 2023,mardi,COMMERCE,France,TPE, Business ,14,10,6,60.0,16,3.9,26,9,3,1,2,4.9 h,4,0,"372,59",clair,ap-s1,A,Client très satisfait et actif.,75,8860,0
CLI-004072,31 Aug 2024,samedi,Finance,France,PME,Pro,5,40,25,62.5%,22,11.2,16,5,1,2,3,"7,7",5,2,1050.51 €,clair,eu-w1,A,Suivi standard.,21,10337,1
CLI-003701,2023-07-11,mardi, Industrie ,Allemagne,ETI, Starter ,19,188,75,39.9%,9,"0,8",8,3,6,0,3,,2,0,2300.34,vert,eu-w1,B,,59,45271,0
CLI-002324,08/01/2024,lundi,Finance,France,PME,pro,13,17,9,"52,9",17,8.0,16,5,7,0,4,10.5,4,0,"371,37",violet,eu-w3,B,Client très satisfait et actif.,69,13399,0
CLI-001124,03 Apr 2024,mercredi,SANTÉ,France,GE,Enterprise,10,884,126,14.3,3,"0,9",40,13,2,8,3,2.7,3,0,"64379,68",bleu,us-e1,B,,15,1636531,1
CLI-000082,2023-08-05,samedi, Public ,France,PME,Pro,18,55,22,40.0,11,6.8,16,5,6,0,2,13.1,2,0,1386.53,clair,eu-w1,control,Mécontentement exprimé au support.,68,29561,0
CLI-004719,2024-07-08,lundi,industrie,France,PME,Starter,7,30,17,56.7,32,19.3,8,4,0,2,5,,3,1,346.42,bleu,us-e1,B,,42,5965,0
CLI-002580,16/03/2024,samedi,commerce,France,PME,Pro,11,16,5,"31,2",12,"6,8",16,1,0,1,2,23.4 h,2,0,"382,33",sombre,us-e1,B,"Client insatisfait, risque de départ.",47,5957,0
CLI-001562,10/09/2023,dimanche, Tech ,France,PME,Pro,17,30,13,43.3%,10,"3,7",16,7,7,5,2,9.8,4,0,"767,76",clair,us-e1,control,Client très satisfait et actif.,59,17628,0
CLI-002523,10/06/2023,samedi,Public,France,pme,Starter,20,41,20,,28,6.0,8,4,0,1,0,14.7,4,0,"628,76",violet,us-e1,A,RAS.,59,16499,0
CLI-004091,2023-11-07,mardi,,France,ETI, Starter ,15,195,142,"72,8",43,25.7,8,3,0,2,0,19.0,4,0,2716.08,vert,eu-w3,B,Suivi standard.,64,73497,0
CLI-000641,09/05/2024,jeudi,Public,Allemagne,GE, Enterprise ,9,628,227,36.1,19,"9,4",40,17,2,2,2,2.9,4,1,51911.72,bleu,eu-w1,B,,59,766217,0
CLI-003436,04 Nov 2023,samedi,Finance,France,GE,Business,15,555,54,9.7,1,"0,1",26,2,3,6,6,10.0,2,0,"25939,71",bleu,eu-w3,A,,48,170164,0
CLI-004548,16 Mar 2024,samedi,Finance,Espagne,PME,Pro,11,27,6,22.2,1,"0,4",16,3,4,5,4,18.4,1,1,603.72 €,violet,us-e1,B,Mécontentement exprimé au support.,2,11881,1
CLI-004074,27 Dec 2024,vendredi,COMMERCE,Allemagne,PME, Business ,1,11,5,45.5,7,4.1,26,3,0,5,3,5.8,3,3,459.3,vert,eu-w1,A,RAS.,41,4143,0
CLI-003010,15/02/2024,jeudi,TECH,Allemagne,TPE,Pro,12,3,2,66.7,41,21.3,16,5,2,3,0,3.5,4,0,58.18,sombre,us-e1,A,RAS.,66,300,0
CLI-003898,17/10/2023,mardi,Commerce,France, PME ,Business,16,15,11,,45,"28,8",26,8,7,5,2,"5,5",4,0,664.01,sombre,eu-w1,B,"Compte engagé, ambassadeur potentiel.",71,9256,0
CLI-001016,18/09/2023,lundi,Finance,, PME ,Starter,17,13,6,"46,2",30,20.3,8,3,5,3,0,15.3 h,5,0,156.58,vert,eu-w3,B,Client très satisfait et actif.,71,2311,0
CLI-001359,2024-12-27,vendredi,Santé,France,TPE,Starter,1,9,8,88.9,81,48.4,8,4,,0,0,"7,4",5,3,"114,32",sombre,eu-w3,B,,49,3093,0
CLI-002535,2023-05-05,vendredi, Industrie ,Espagne,PME,starter,21,35,22,62.9%,32,9.2,8,0,5,2,0,5.2,5,0,"449,49",vert,eu-w3,A,"Compte engagé, ambassadeur potentiel.",82,8477,0
CLI-002698,03/11/2024,dimanche,Tech,Canada,PME,starter,3,13,5,38.5%,2,0.8,8,3,0,0,4,17.9,,1,139.0,vert,ap-s1,A,"Client insatisfait, risque de départ.",10,2394,1
CLI-003819,2024-01-11,jeudi,Finance,France,PME,Starter,13,51,12,,9,1.7,8,2,4,1,7,38.1,1,0,584.71 €,clair,eu-w3,A,"Client insatisfait, risque de départ.",49,7671,0
CLI-003344,2024-09-02,lundi,tech,France,TPE,Starter,5,1,1,100.0,52,30.9,8,3,,1,2,24.6 h,4,0,11.37 €,clair,ap-s1,control,Suivi standard.,45,382,0
CLI-002404,2024-10-10,jeudi, Éducation ,Belgique,GE,Business,4,897,652,"72,7",48,"24,0",26,8,1,1,0,5.2,5,3,"48773,13",clair,us-e1,B,,48,2000000,0
CLI-002655,04/07/2024,jeudi,Commerce,Espagne,PME,Business,7,46,28,60.9,37,14.0,26,10,4,1,7,"10,6",3,1,2176.31,clair,us-e1,control,,51,44614,0
CLI-003295,10/05/2024,vendredi,INDUSTRIE,France, GE ,Business,9,186,82,,1,"0,2",26,5,3,1,2,5.0,4,1,"7762,4",clair,eu-w1,B,,32,82747,1
CLI-000946,05/01/2025,dimanche,industrie,France,ETI,STARTER,1,201,79,"39,3",11,5.2,8,1,0,0,8,47.8,1,3,1868.21,sombre,eu-w3,A,,0,18383,1
CLI-002463,07/07/2024,dimanche,Commerce,Canada,TPE, Starter ,7,5,2,40.0%,14,4.1,8,3,2,1,0,24.3 h,4,0,56.32 €,violet,us-e1,control,RAS.,35,508,1
CLI-004281,2023-03-19,dimanche,Santé,Allemagne,PME,PRO,23,47,14,"29,8",3,"0,2",16,1,2,3,7,"15,0",2,0,1344.89,sombre,eu-w3,control,Mécontentement exprimé au support.,26,77197,1
CLI-001557,04/01/2025,samedi,Commerce,France,PME,starter,1,17,6,35.3,8,3.5,8,1,0,4,1,"25,0",4,4,"166,6",clair,us-e1,A,,8,7650,1
CLI-004963,18 Sep 2023,lundi,,Canada,PME, Business ,17,26,7,26.9,6,1.4,26,6,7,2,2,"0,5",4,0,1324.11,clair,ap-s1,B,Client très satisfait et actif.,69,29316,0
CLI-004330,2024-03-10,dimanche,Industrie,France,TPE,Starter,11,10,3,30.0%,10,3.7,8,2,3,6,1,24.4,,0,"122,3",sombre,us-e1,A,RAS.,66,1103,0
CLI-002372,10 Jun 2023,samedi,Santé,France, PME ,BUSINESS,20,15,6,"40,0",20,13.0,26,8,3,1,8,10.3,3,0,753.03,vert,ap-s1,A,"Multiples tickets ouverts, friction élevée.",59,10497,0
CLI-001997,14 Feb 2024,mercredi,industrie,France,GE,Enterprise,12,364,334,91.8,111,"109,5",40,27,4,0,0,0.9,5,0,25582.76,vert,eu-w3,A,,92,629336,0
CLI-003846,2023-12-14,jeudi,industrie,Belgique,PME,Business,14,59,35,59.3,21,"8,9",26,7,6,0,5,9.5,3,0,3123.39,vert,us-e1,B,,65,61468,0
CLI-000642,02/11/2023,jeudi,Public,France,pme,PRO,15,9,6,66.7%,41,14.9,16,7,4,2,1,,4,0,239.07,bleu,ap-s1,B,,56,7841,0
CLI-004198,07 Apr 2023,vendredi, Finance ,Canada,TPE, Starter ,22,11,9,81.8,64,"36,2",8,6,3,1,2,35.6,3,0,"163,23",clair,ap-s1,B,,60,1740,0
CLI-002355,29/03/2024,vendredi,Éducation,,PME,Business,10,43,31,72.1%,29,4.0,26,15,3,1,3,4.8 h,3,1,2024.31,clair,us-e1,B,,66,43158,0
CLI-000376,2023-12-15,vendredi,Tech,France,GE,business,14,303,144,47.5%,11,"1,9",26,11,3,1,4,9.5,3,1,"15705,04",bleu,eu-w3,control,Suivi standard.,65,682541,0
CLI-003161,10/06/2024,lundi,tech,France,TPE, Starter ,8,3,2,66.7%,36,27.4,8,4,2,0,0,1.5 h,5,3,43.46,violet,us-e1,control,,75,1532,0
CLI-000990,2024-10-09,mercredi,INDUSTRIE,France,GE,BUSINESS,4,855,451,52.7%,16,1.7,26,8,1,2,0,9.4,2,1,36264.48,sombre,ap-s1,A,"Client insatisfait, risque de départ.",57,297369,0
CLI-002427,11/08/2023,vendredi,Tech,France, TPE ,business,18,3,3,,75,45.2,26,14,7,0,0,1.5 h,5,0,157.72 €,vert,eu-w1,B,"Compte engagé, ambassadeur potentiel.",88,2457,0
CLI-002793,2023-04-10,lundi,ÉDUCATION,France,GE,Enterprise,22,621,497,80.0,42,"18,0",40,8,9,0,6,1.4 h,2,0,55542.77 €,clair,eu-w3,B,,80,2000000,0
CLI-001911,2025-01-03,vendredi,Santé,France,TPE,Starter,1,2,2,100.0,49,"28,9",8,4,0,1,3,32.7,3,3,23.37 €,vert,eu-w3,B,Suivi standard.,14,300,1
CLI-003539,2024-04-03,mercredi,Commerce,Suisse, TPE , Starter ,10,9,5,55.6%,29,11.9,8,5,2,0,5,27.9,4,0,104.29,violet,us-e1,B,,21,428,1
CLI-002186,2024-03-16,samedi,Industrie,Canada,TPE,Starter,11,2,1,50.0,30,"17,3",8,4,1,3,0,18.3,5,1,23.31,bleu,ap-s1,control,Compte dans la moyenne.,49,306,0
CLI-001644,29/03/2024,vendredi,Finance,Allemagne,tpe,Pro,10,4,0,0.0,0,0.0,16,0,0,53,0,6.7,4,1,101.54,violet,ap-s1,B,,5,3414,1
CLI-004111,06 Nov 2024,mercredi,Tech,France,TPE,Pro,3,10,3,30.0%,8,,16,4,3,1,0,15.0,3,2,214.86,sombre,eu-w1,control,Suivi standard.,48,3524,0
CLI-003773,2024-06-12,mercredi,Tech,France,TPE,Starter,8,7,2,"28,6",1,0.1,8,2,3,4,2,24.8,3,,75.36,sombre,ap-s1,control,,12,2719,1
CLI-004552,2024-09-09,lundi,industrie,Canada,tpe, Business ,5,10,5,50.0,19,13.8,26,11,2,0,0,"5,8",5,0,355.29,vert,eu-w3,B,Compte dans la moyenne.,62,3496,0
CLI-000262,10/12/2024,mardi,Finance,France,ETI,Pro,2,137,70,51.1%,4,,16,5,1,1,0,8.4,,3,"2890,12",vert,eu-w3,A,RAS.,46,16589,0
CLI-002239,09/02/2024,vendredi,COMMERCE,Allemagne,TPE,PRO,12,3,1,33.3%,2,"0,9",16,7,1,2,2,12.7,5,1,62.19 €,bleu,us-e1,control,,70,510,0
CLI-000432,2023-08-14,lundi,tech,Espagne,ETI, Business ,18,37,22,"59,5",24,"10,9",26,6,5,0,0,3.2,5,0,1883.7,vert,eu-w3,A,,74,27803,0
CLI-000718,2024-07-02,mardi,Éducation,France, PME ,Pro,7,48,34,70.8,35,"17,5",16,9,0,1,4,,,0,1350.31,bleu,us-e1,control,RAS.,54,37647,0
CLI-004216,29 May 2024,mercredi,Tech,France,PME,pro,8,21,9,"42,9",15,6.6,16,5,0,1,0,,5,0,554.48,bleu,eu-w1,B,Suivi standard.,66,40011,0
CLI-003114,2024-12-28,samedi, Santé ,France,PME,Business,1,33,17,51.5,27,12.4,26,13,0,0,1,"6,9",3,1,1483.8,sombre,ap-s1,B,,59,25551,0
CLI-003679,2022-09-21,mercredi,PUBLIC,France, PME ,STARTER,29,25,8,32.0,15,1.5,8,2,6,2,5,38.8,2,0,"298,73",bleu,ap-s1,A,"Client insatisfait, risque de départ.",53,4164,0
CLI-004907,2022-07-12,mardi,Commerce,France,tpe, Starter ,31,2,2,100.0%,92,"67,9",8,5,,0,0,2.0,5,0,31.57,vert,us-e1,A,Client très satisfait et actif.,82,699,0
CLI-000693,03/12/2024,mardi,tech,Allemagne,PME,PRO,2,42,31,73.8,46,19.3,16,5,0,0,5,14.6 h,3,0,1077.91,violet,eu-w3,control,,50,15910,0
CLI-001262,02 Oct 2023,lundi,Public,France,PME,Pro,16,23,11,47.8,1,0.4,16,1,4,0,1,9.0,4,0,644.91 €,vert,us-e1,A,Client très satisfait et actif.,73,13749,0
CLI-004754,08/05/2024,mercredi,ÉDUCATION,France,TPE, Business ,9,1,1,"100,0",36,"9,0",26,10,2,1,5,6.0,4,1,40.48,violet,us-e1,control,,66,797,0
CLI-000006,2024-07-28,dimanche,Industrie,France,tpe, Starter ,6,10,6,60.0,17,7.9,8,2,3,3,2,,3,0,,vert,eu-w1,B,Suivi standard.,57,7257,0
CLI-000389,30/12/2024,lundi,Éducation,Suisse,TPE,Starter,1,7,3,42.9%,30,8.6,8,2,0,3,1,17.0,5,2,88.25 €,vert,us-e1,A,Compte dans la moyenne.,27,1013,1
CLI-001202,09/02/2024,vendredi,Tech,,tpe,starter,12,2,1,50.0,6,1.2,8,2,5,5,4,31.2,3,1,"22,38",vert,eu-w1,A,,16,991,1
CLI-002577,21/04/2023,vendredi,éducation,Allemagne,PME,Pro,22,40,18,45.0,16,5.6,16,6,5,0,1,,4,0,1144.63,bleu,ap-s1,control,Client très satisfait et actif.,78,15018,0
CLI-003474,2023-11-06,lundi,INDUSTRIE,France,pme,Pro,15,42,38,90.5,97,"77,4",16,10,6,0,1,"9,5",,0,,violet,eu-w1,A,,88,35659,0
CLI-000787,01/04/2024,lundi,Commerce,Belgique,tpe,STARTER,10,8,3,37.5,20,"13,8",8,3,3,1,4,,4,0,114.84,clair,eu-w1,B,"Compte engagé, ambassadeur potentiel.",58,2448,0
CLI-000342,08 Apr 2024,lundi,FINANCE,Belgique,TPE,Starter,10,1,1,"100,0",8,"2,8",8,3,1,3,9,45.4,1,0,10.41,sombre,eu-w1,A,"Client insatisfait, risque de départ.",7,300,1
CLI-001325,2025-01-02,jeudi,Public,Espagne, ETI ,BUSINESS,1,106,44,41.5%,2,"1,3",26,7,0,3,0,3.2 h,5,2,4619.29,vert,eu-w3,control,,20,75756,1
CLI-000047,02 Jun 2024,dimanche,Finance,France,PME,ENTERPRISE,8,31,3,9.7,1,"0,5",40,1,1,9,10,5.1,3,0,"2269,46",sombre,eu-w1,control,,14,13027,1
CLI-002571,20/02/2023,lundi,PUBLIC,France,eti,PRO,24,214,55,25.7%,3,"1,1",16,5,3,8,2,12.8,3,0,4871.78,vert,eu-w1,B,,77,131830,0
CLI-003523,2024-08-04,dimanche,Tech,France,PME,Business,6,40,25,"62,5",31,1.6,26,12,1,1,5,"5,6",,1,1462.18,sombre,eu-w3,control,,14,20383,1
CLI-001321,14 Mar 2024,jeudi,Tech,Espagne,PME,business,11,58,27,"46,6",2,0.8,26,5,1,13,4,,4,1,2536.66,clair,us-e1,A,Suivi standard.,49,24961,0
CLI-004613,04/02/2024,dimanche,Tech,France, TPE ,PRO,12,9,6,66.7,29,"13,6",16,6,2,0,1,9.5,5,1,193.68,clair,ap-s1,A,Compte dans la moyenne.,31,3653,1
CLI-003330,2024-07-10,mercredi,Tech,France,TPE, Enterprise ,7,10,6,60.0,27,15.6,40,16,0,3,6,5.2,3,2,735.37 €,violet,eu-w1,A,,15,10251,1
CLI-003195,2023-08-06,dimanche,Industrie,Belgique,tpe,Pro,18,7,4,57.1,10,1.8,16,3,5,14,2,"11,7",4,0,"171,67",clair,ap-s1,control,,65,3238,0
CLI-003834,03/07/2024,mercredi,PUBLIC,France,TPE, Starter ,7,5,4,80.0%,59,29.3,8,3,2,1,4,27.6,3,0,62.21,clair,eu-w3,B,,54,1020,0
CLI-002335,21/04/2023,vendredi, Finance ,France,TPE,Pro,22,4,2,50.0%,29,"22,7",16,4,7,1,0,"4,9",5,0,"107,21",bleu,eu-w3,B,,83,3165,0
CLI-001744,29/09/2024,dimanche,Tech,France,PME,Business,4,18,9,50.0,9,2.0,26,5,1,1,7,7.5,,2,772.86,vert,eu-w1,control,Support très sollicité récemment.,41,8872,0
CLI-002553,03/12/2023,dimanche,Commerce,France,ETI, Pro ,14,32,20,62.5%,55,,16,9,3,0,0,,4,1,840.13,vert,ap-s1,B,,68,27556,0
CLI-001954,2024-01-31,mercredi,tech,France,pme,Pro,12,43,33,76.7,56,35.3,16,7,2,0,0,8.9,4,3,944.29,clair,us-e1,control,,59,4646,0
CLI-001524,06 Jan 2025,lundi,Finance,France,PME,pro,1,15,12,80.0,60,"31,9",16,5,1,0,5,11.5,4,4,333.39,bleu,us-e1,A,,19,6561,1
CLI-000488,09 Oct 2024,mercredi,Santé,France,TPE,Starter,4,2,2,100.0%,89,83.9,8,5,0,0,4,"35,4",3,1,29.28,clair,eu-w3,A,,64,1008,0
CLI-003823,2024-06-14,vendredi,Industrie,Belgique,ETI,Pro,8,217,145,"66,8",44,25.0,16,8,1,0,2,13.1,4,0,5197.48,sombre,ap-s1,control,,51,21310,0
CLI-002907,2024-09-09,lundi,,France,TPE,Starter,5,8,1,12.5,1,"0,6",8,0,0,1,6,24.4 h,2,1,102.69,violet,us-e1,control,,27,3621,0
CLI-001768,2023-08-11,vendredi,SANTÉ,France, GE ,enterprise,18,681,420,61.7%,15,9.2,40,12,6,1,1,,2,0,49040.08,sombre,us-e1,control,"Client insatisfait, risque de départ.",67,201064,0
CLI-004841,2024-02-10,samedi,Commerce,,tpe,STARTER,12,3,2,"66,7",41,"20,1",8,5,3,2,1,16.6,4,0,"39,92",bleu,us-e1,control,Client très satisfait et actif.,65,327,0
CLI-000200,13/12/2023,mercredi,Public,,pme,Pro,14,15,12,80.0,34,"20,3",16,4,3,0,5,14.4,3,0,382.21,clair,ap-s1,B,,56,4701,0
CLI-000083,03 Jan 2025,vendredi,ÉDUCATION,France,PME,pro,1,49,29,59.2,37,12.7,16,6,0,1,9,15.3,2,2,1133.76,bleu,us-e1,A,,0,6508,1
CLI-004231,2023-11-15,mercredi,COMMERCE,France,PME,Pro,15,28,22,78.6,63,42.3,16,5,,0,1,12.5,4,0,904.92,sombre,eu-w3,B,"Compte engagé, ambassadeur potentiel.",78,77172,0
CLI-000622,2023-05-05,vendredi,Public,France,PME,Pro,21,20,9,45.0%,24,3.5,16,7,5,1,1,0.8,5,0,509.25,bleu,eu-w1,A,,68,19209,0
CLI-003231,2024-07-29,lundi,Finance,France,PME,Pro,6,43,21,"48,8",47,27.2,16,10,0,1,4,15.1,3,1,1101.49,clair,us-e1,B,Compte dans la moyenne.,56,50580,0
CLI-004242,2024-10-11,vendredi,Tech,France,PME,Pro,4,39,29,74.4,46,6.1,16,7,1,0,0,,,0,918.91 €,bleu,us-e1,A,,73,4521,0
CLI-002527,30/07/2024,mardi,Industrie,Espagne,ETI,business,6,51,0,0.0,0,0.0,26,0,0,95,4,5.0,,2,2523.04 €,vert,eu-w1,B,Usage en forte baisse ce trimestre.,0,105514,1
CLI-001313,04 Jan 2025,samedi,Commerce,Suisse,GE,enterprise,1,472,236,50.0%,15,10.9,40,19,0,3,4,,1,4,40031.84,vert,eu-w3,A,,7,459566,1
CLI-002439,13/04/2024,samedi,Tech,France,TPE,starter,10,7,4,57.1%,21,11.3,8,5,3,0,2,26.6 h,2,0,85.77,bleu,eu-w1,B,Mécontentement exprimé au support.,16,2040,1
CLI-000058,08 Jan 2024,lundi,,Canada,TPE,Starter,13,10,4,40.0,15,6.2,8,4,4,3,2,"37,7",2,1,135.41,vert,eu-w1,B,,6,5441,1
CLI-004388,28 Dec 2024,samedi,santé,France, PME ,business,1,55,12,21.8,1,0.1,26,2,0,1,2,3.6,3,6,1812.27,violet,eu-w3,A,Déploiement interne limité.,0,11888,1
CLI-003778,14 May 2024,mardi,Santé,France,ETI,BUSINESS,9,50,31,,57,"33,2",26,14,1,0,2,8.1,3,2,2271.9,clair,ap-s1,A,RAS.,80,24218,0
CLI-004468,07/12/2023,jeudi,SANTÉ,, PME ,Enterprise,14,59,47,79.7,89,"67,2",40,20,3,2,0,3.7,5,0,5202.14,violet,eu-w3,B,,88,68252,0
CLI-000157,13/01/2024,samedi,,Suisse, TPE ,Starter,13,8,5,62.5%,38,31.1,8,3,1,1,3,25.8,4,0,107.18,clair,ap-s1,control,,17,3164,1
CLI-001366,2023-12-15,vendredi,,Suisse,tpe, Starter ,14,1,1,100.0,70,"28,5",8,4,3,0,0,11.8,5,0,10.96,clair,us-e1,B,"Compte engagé, ambassadeur potentiel.",65,300,0
CLI-001932,2024-08-09,vendredi, Finance ,France,GE,Enterprise,6,796,694,87.2,80,74.8,40,16,1,2,0,"0,5",,0,61412.53,clair,eu-w1,control,,76,1158240,0
CLI-004689,11 Mar 2024,lundi,Éducation,France,PME,pro,11,33,25,75.8,38,21.5,16,8,4,2,0,2.5,5,0,845.28,violet,ap-s1,B,Client très satisfait et actif.,62,51985,0
CLI-001049,2024-06-07,vendredi,Éducation,France,TPE,business,8,7,4,"57,1",18,"4,9",26,11,,0,1,7.8,1,3,298.33,vert,eu-w3,A,Mécontentement exprimé au support.,24,16880,1
CLI-001465,03/05/2023,mercredi,Industrie,Suisse, PME ,Enterprise,21,47,35,74.5,38,19.6,40,18,6,0,0,0.5,4,0,"4010,04",violet,ap-s1,control,Client très satisfait et actif.,82,46035,0
CLI-002336,01 Jun 2024,samedi,Tech,France,PME,PRO,8,52,0,"0,0",0,,16,0,0,62,7,15.4,2,0,1049.88 €,sombre,eu-w1,B,Usage en forte baisse ce trimestre.,0,3444,1
CLI-003305,2023-11-05,dimanche,INDUSTRIE,Allemagne,tpe,Starter,15,1,1,100.0,90,"57,4",8,6,6,1,3,23.8,4,0,14.75,vert,eu-w3,B,Client très satisfait et actif.,63,702,0
CLI-001683,02/11/2023,jeudi,ÉDUCATION,France,TPE,Pro,15,2,1,,1,0.5,16,0,4,21,8,14.8,4,0,"48,1",violet,ap-s1,control,Support très sollicité récemment.,58,1223,0
CLI-004088,04/09/2024,mercredi, Public ,France,TPE,Pro,5,4,2,"50,0",26,,16,4,0,1,1,,4,1,"95,8",bleu,eu-w1,A,,66,1335,0
CLI-003359,03/07/2024,mercredi,santé,France,PME, Pro ,7,16,0,0.0,0,"0,0",16,0,0,104,0,3.7,4,3,"371,09",vert,ap-s1,B,,0,2130,1
CLI-001530,11 Dec 2023,lundi,FINANCE,France,TPE, Business ,14,8,4,50.0%,25,18.5,26,13,6,0,0,2.8,4,1,308.3,sombre,eu-w1,B,Client très satisfait et actif.,79,1264,0
CLI-001423,2023-05-18,jeudi,industrie,France,TPE,Pro,21,11,7,63.6,19,7.5,16,9,6,3,8,"23,0",2,0,284.27 €,bleu,eu-w1,B,,60,3497,0
CLI-001031,08/09/2024,dimanche,Éducation,Canada,TPE,Starter,5,6,3,50.0,19,"12,8",8,2,2,3,0,15.4,4,,74.68,violet,ap-s1,A,RAS.,28,4593,1
CLI-000772,2023-07-03,lundi,ÉDUCATION,France,ETI,Business,19,83,24,"28,9",5,2.1,26,11,6,2,3,1.8,3,0,3992.8,sombre,eu-w3,A,Compte dans la moyenne.,72,134238,0
CLI-004284,2024-08-07,mercredi,Public,Espagne,TPE,STARTER,6,10,2,"20,0",1,"0,3",8,2,1,9,8,23.6,2,0,109.84,bleu,us-e1,B,,6,1441,1
CLI-000272,28/12/2024,samedi,commerce,France, ETI ,Starter,1,138,83,"60,1",38,1.9,8,1,0,1,2,25.7,3,3,1551.59 €,bleu,eu-w1,A,Compte dans la moyenne.,10,26718,1
CLI-002472,02 May 2024,jeudi,,France,PME,pro,9,32,16,"50,0",8,"1,9",16,2,2,0,1,8.1 h,3,0,752.98,clair,us-e1,A,Suivi standard.,60,21611,0
CLI-003821,2025-01-05,dimanche,commerce,,tpe,Pro,1,4,1,25.0,6,1.6,16,9,0,1,5,"9,8",4,0,87.12 €,vert,us-e1,A,,12,857,1
CLI-004306,07 May 2023,dimanche,Finance,France,PME,PRO,21,7,2,28.6,2,0.7,16,4,5,14,1,9.2,1,0,179.66,vert,ap-s1,B,,62,4714,0
CLI-004801,30 Apr 2024,mardi,Industrie,France, PME , Enterprise ,9,53,10,18.9,1,0.1,40,9,2,30,0,2.9 h,5,1,3241.09,vert,eu-w1,control,,62,13288,0
CLI-002646,01/09/2023,vendredi, Public ,France,PME,business,17,48,29,60.4,43,"24,5",26,15,5,0,1,8.2 h,4,0,2604.95,bleu,eu-w3,B,,68,113211,0
CLI-004213,09/01/2025,jeudi,FINANCE,, PME ,Business,1,23,6,26.1,1,0.1,26,5,0,3,4,8.2,2,2,"1055,66",vert,eu-w3,B,Mécontentement exprimé au support.,8,23372,1
CLI-003119,2024-08-29,jeudi,Tech,Espagne,TPE,Starter,5,11,9,"81,8",52,44.6,8,3,1,1,1,,4,3,111.92,sombre,ap-s1,A,,56,2845,0
CLI-003309,07/08/2022,dimanche,commerce,Suisse,ETI,PRO,30,60,13,21.7,1,"0,3",16,4,,21,2,,2,0,1441.85,clair,eu-w1,B,,75,29558,0
CLI-003289,12/08/2024,lundi,finance,France,TPE,Starter,6,3,1,33.3,1,0.1,8,2,2,30,7,22.5,2,0,33.41,vert,us-e1,A,"Client insatisfait, risque de départ.",0,300,1
CLI-004569,14 May 2024,mardi,Éducation,Suisse,ETI,Enterprise,9,193,153,79.3,61,46.2,40,14,1,1,0,6.9,5,1,"16785,77",violet,ap-s1,A,,64,660688,0
CLI-004575,2023-02-13,lundi,Éducation,Suisse,PME, Business ,24,46,36,"78,3",47,"34,8",26,14,2,0,1,"7,2",4,0,2285.86,violet,us-e1,A,Suivi standard.,68,31865,0
CLI-000947,08/06/2024,samedi,Éducation,Suisse, ETI ,Pro,8,145,94,"64,8",40,6.5,16,8,1,1,0,14.9,,1,3029.31,violet,eu-w3,A,,61,91909,0
CLI-000716,05 Dec 2024,jeudi,Industrie,Allemagne, TPE ,pro,2,3,2,,49,38.3,16,4,0,1,0,,5,0,76.23,violet,ap-s1,control,,54,1563,0
CLI-001163,2024-11-05,mardi,TECH,France,TPE,STARTER,3,4,2,50.0%,28,8.4,8,3,1,1,4,36.6,3,0,"50,83",sombre,ap-s1,A,Suivi standard.,14,1167,1
CLI-004690,2024-12-29,dimanche,finance,Belgique,TPE, Starter ,1,7,0,0.0,0,"0,0",8,0,0,30,0,,5,0,73.49,violet,ap-s1,B,,50,482,0
CLI-000474,2024-04-06,samedi,Éducation,France,TPE,Starter,10,3,2,,51,36.5,8,4,3,0,4,"29,3",4,1,38.56,violet,us-e1,B,,65,632,0
CLI-001537,05/11/2023,dimanche,Finance,Belgique,TPE,Enterprise,15,3,2,66.7%,27,12.3,40,20,6,0,0,,3,1,213.73,vert,eu-w1,B,,65,3856,0
CLI-004617,08/09/2024,dimanche,éducation,France,TPE,starter,5,5,3,,29,12.3,8,4,2,1,7,"44,6",1,1,68.42,clair,eu-w1,A,"Client insatisfait, risque de départ.",40,954,0
CLI-003011,04/07/2024,jeudi,Industrie,France,PME,BUSINESS,7,15,4,"26,7",4,1.9,26,12,4,6,6,7.6,2,,768.63,violet,ap-s1,control,,14,34665,1
CLI-002197,10/04/2024,mercredi,Santé,Allemagne,TPE,pro,10,9,7,77.8,54,41.9,16,8,0,1,2,8.2,3,2,231.42,violet,us-e1,B,RAS.,48,1139,0
CLI-000005,2024-10-27,dimanche,santé,France,TPE,Pro,3,1,1,100.0,11,,16,4,0,2,2,10.9,5,2,19.31 €,violet,ap-s1,B,,23,301,1
CLI-004232,2024-05-28,mardi,FINANCE,France,PME,Starter,8,8,5,"62,5",50,2.5,8,4,1,0,3,25.3 h,3,2,113.55,sombre,us-e1,control,Suivi standard.,50,5121,0
CLI-004175,03 Jul 2024,mercredi,éducation,France,PME,business,7,19,13,68.4,66,52.5,26,16,0,1,0,5.5,4,1,872.4,clair,eu-w3,B,,55,5723,0
CLI-003582,15 Apr 2024,lundi,,France,PME,Pro,10,12,7,"58,3",19,"14,2",16,11,,0,1,14.2,4,1,323.83,violet,ap-s1,B,,58,5311,0
CLI-003920,05/11/2023,dimanche, Finance ,France,PME, Business ,15,36,20,55.6,40,18.0,26,10,5,1,0,2.6,5,0,1332.58,violet,eu-w1,B,Client très satisfait et actif.,86,8742,0
CLI-004481,2024-12-24,mardi,Public,Espagne,ETI,business,1,35,27,77.1,55,"36,6",26,13,0,1,0,,4,0,1539.38,clair,us-e1,A,,57,20197,0
CLI-002517,15/07/2023,samedi,Commerce,France,eti, Starter ,19,83,27,32.5%,2,1.4,8,3,2,9,2,22.9,4,0,"1156,37",vert,eu-w1,B,,51,113787,0
CLI-003332,2024-09-01,dimanche, Tech ,France,PME,business,5,41,35,85.4,96,58.2,26,17,0,1,1,9.7,5,3,2199.88,sombre,eu-w1,B,RAS.,62,52313,0
CLI-000323,02/05/2024,jeudi,Tech,France,eti,Pro,9,198,0,0.0%,0,0.0,16,0,0,38,4,"16,6",2,1,"4352,38",violet,eu-w3,A,Mécontentement exprimé au support.,0,96362,1
CLI-004060,05/09/2024,jeudi,Public,France,PME,BUSINESS,5,9,4,44.4,13,"6,0",26,10,2,0,0,3.3,4,1,376.65,vert,ap-s1,A,,37,8648,1
CLI-003482,27/09/2024,vendredi,Tech,France,ETI, Business ,4,157,73,46.5%,14,"6,5",26,13,1,0,0,5.6,5,0,"7510,64",clair,ap-s1,control,,61,67746,0
CLI-004280,29/05/2024,mercredi,,Canada,TPE,Pro,8,6,3,50.0,20,9.4,16,6,2,4,7,"17,9",1,0,"155,36",violet,ap-s1,B,,27,2421,1
CLI-000864,2024-01-06,samedi,santé,France,PME,Business,13,52,41,78.8,42,32.6,26,16,2,0,1,"6,2",4,1,2229.87,clair,eu-w1,control,,59,21942,0
CLI-001299,19/03/2023,dimanche,Industrie,Belgique,TPE,STARTER,23,11,3,27.3,1,"0,2",8,2,,16,4,22.9,2,0,"131,4",sombre,ap-s1,control,,42,3987,0
CLI-004752,08/05/2024,mercredi,tech,,PME, Business ,9,12,10,83.3,57,47.9,26,18,0,0,2,5.3,4,0,616.14,sombre,eu-w3,control,RAS.,64,20715,0
CLI-002166,29 Dec 2024,dimanche,Industrie,Espagne,PME, Business ,1,34,15,44.1,17,"5,0",26,9,0,0,2,1.0,4,2,1466.95,violet,ap-s1,B,RAS.,49,19246,0
CLI-003019,2024-11-11,lundi, Finance ,Espagne,pme,Pro,3,26,14,"53,8",14,6.8,16,9,2,3,6,,4,0,632.6,clair,ap-s1,control,RAS.,46,16081,0
CLI-001778,30/09/2023,samedi,Éducation,Suisse, TPE , Pro ,16,4,3,75.0%,32,16.4,16,5,4,2,0,0.5,5,0,100.81 €,bleu,us-e1,B,"Compte engagé, ambassadeur potentiel.",70,3059,0
CLI-001209,08/07/2024,lundi,Éducation,Canada,TPE,Starter,7,6,1,16.7,2,"0,7",8,2,1,18,8,35.5,3,0,65.52,clair,us-e1,A,,25,1343,0
CLI-000321,09 Jul 2024,mardi,Tech,France, PME ,Pro,7,21,18,85.7,63,45.5,16,12,1,2,2,14.2 h,4,0,438.72,sombre,us-e1,A,Suivi standard.,61,7915,0
CLI-000929,03 Jan 2025,vendredi,Industrie,France,ETI,Enterprise,1,167,89,53.3,7,0.7,40,3,0,3,1,"2,7",5,2,11191.94,sombre,eu-w3,A,Suivi standard.,23,201903,1
CLI-000505,02 Dec 2023,samedi,santé,Canada,tpe,pro,14,4,2,50.0%,34,,16,6,4,0,3,15.7,2,0,98.17,vert,ap-s1,A,,61,1449,0
CLI-004760,16/12/2023,samedi,Industrie,France,PME,Starter,14,10,2,20.0,1,0.4,8,2,,30,1,6.9,4,1,124.37 €,violet,ap-s1,A,,48,1224,0
CLI-002625,05 Nov 2023,dimanche,Tech,Allemagne,PME,starter,15,10,4,40.0,16,1.3,8,2,3,1,1,"18,4",4,0,83.56,violet,eu-w3,A,Client très satisfait et actif.,66,685,0
CLI-000153,2024-08-25,dimanche,Finance,Belgique, GE ,Enterprise,5,217,29,"13,4",1,0.1,40,8,0,4,3,1.5,5,3,15889.3,vert,eu-w1,B,,24,338760,1
CLI-003521,11/10/2024,vendredi,Éducation,France,PME,Enterprise,4,15,2,"13,3",2,0.2,40,15,1,30,5,2.9 h,3,0,1089.43,sombre,eu-w1,A,Déploiement interne limité.,19,8933,1
CLI-000786,23/12/2024,lundi, Tech ,France,PME, Pro ,1,10,8,80.0,57,"29,4",16,7,0,0,2,12.3,,2,274.0,clair,us-e1,A,Suivi standard.,51,4044,0
CLI-000477,03/09/2024,mardi,Éducation,Suisse,ETI,PRO,5,114,26,"22,8",1,0.2,16,5,2,22,4,"13,8",3,1,2572.72,vert,us-e1,B,Déploiement interne limité.,9,23206,1
CLI-001797,2024-10-10,jeudi,Éducation,France,ETI,BUSINESS,4,55,33,60.0,16,3.5,26,10,1,2,3,"9,4",,2,2814.91,sombre,eu-w3,A,Suivi standard.,45,73863,0
CLI-003692,2024-12-27,vendredi,Industrie,France,PME,Pro,1,37,12,32.4%,1,"0,3",16,3,0,12,11,19.5,3,1,938.54,violet,us-e1,control,,0,8466,1
CLI-002703,2024-05-07,mardi,Éducation,Espagne,pme, Enterprise ,9,58,10,17.2,1,0.4,40,1,2,4,2,"0,7",4,2,3485.92,clair,eu-w3,B,Faible adoption des sièges.,65,22868,0
CLI-000100,2024-12-25,mercredi,Tech,Suisse, PME ,Pro,1,46,9,19.6,1,"0,1",16,8,0,16,5,11.2,2,,860.31,bleu,us-e1,control,"Client insatisfait, risque de départ.",0,16931,1
CLI-002680,16 Aug 2023,mercredi,Commerce,Espagne,TPE, Pro ,18,3,1,33.3,10,3.8,16,3,3,0,7,21.4,1,0,83.63,bleu,us-e1,B,,38,1303,0
CLI-004106,13/10/2023,vendredi,FINANCE,,GE,Enterprise,16,366,293,80.1,48,"30,4",40,25,4,2,1,"4,3",,0,32246.84 €,vert,eu-w3,B,"Compte engagé, ambassadeur potentiel.",71,290866,0
CLI-004992,2024-12-28,samedi,TECH,France,TPE,Starter,1,8,7,"87,5",82,51.7,8,4,,2,1,32.0,,0,79.79,bleu,eu-w3,control,,23,1570,1
CLI-002538,10/04/2024,mercredi,ÉDUCATION,Allemagne, PME ,Starter,10,47,32,68.1,27,"15,8",8,3,1,0,2,,4,1,521.58,clair,us-e1,B,,66,3422,0
CLI-001297,2024-12-30,lundi, Santé ,Suisse,tpe,STARTER,1,9,4,44.4%,9,1.7,8,3,0,1,6,36.3,3,2,97.89,clair,eu-w1,A,,0,1124,1
CLI-001469,2023-02-02,jeudi,santé,France,PME,Starter,24,27,0,0.0,0,0.0,8,0,0,33,0,,4,0,268.59 €,clair,us-e1,control,,45,3964,0
CLI-004679,06/04/2024,samedi,Éducation,Allemagne,TPE,PRO,10,9,4,"44,4",9,1.0,16,3,2,1,1,"6,8",4,1,"279,32",sombre,eu-w3,control,,73,6184,0
CLI-001935,03/09/2024,mardi,Tech,France,TPE,Starter,5,11,4,36.4,24,6.1,8,2,0,2,0,11.2,5,1,129.05,violet,eu-w1,B,,59,2434,0
CLI-000844,07 Oct 2023,samedi,Éducation,France,GE,enterprise,16,782,339,"43,4",16,2.9,40,15,3,5,0,3.1,5,0,59088.28,bleu,us-e1,B,Client très satisfait et actif.,76,1114405,0
CLI-000125,11/05/2024,samedi,Industrie,Canada, PME ,PRO,9,6,3,50.0,22,9.4,16,8,0,1,3,10.9,3,0,171.59,bleu,us-e1,control,Compte dans la moyenne.,58,5206,0
CLI-002748,2022-10-15,samedi,Tech,France,TPE,Starter,28,7,6,"85,7",57,41.0,8,3,6,3,0,"9,2",5,0,106.78,clair,ap-s1,B,,85,8668,0
CLI-002671,07 May 2023,dimanche,Public,France,pme,Pro,21,8,5,62.5%,39,"14,0",16,9,1,1,2,12.6 h,4,0,182.69,bleu,eu-w3,A,,58,4494,0
CLI-002293,05/11/2023,dimanche, Public ,,ETI,STARTER,15,141,40,"28,4",1,0.1,8,1,1,4,8,,1,0,1495.41,vert,eu-w3,B,,34,20846,0
CLI-001803,12/02/2023,dimanche,Commerce,Belgique, TPE ,Starter,24,2,1,50.0,26,9.1,8,3,7,1,6,21.0,4,0,27.48,clair,eu-w1,A,Client très satisfait et actif.,62,1915,0
CLI-001175,2024-01-09,mardi,TECH,Belgique,eti,Enterprise,13,171,88,"51,5",33,10.3,40,18,4,2,6,2.3 h,4,1,12506.49,violet,us-e1,A,,70,153830,0
CLI-003526,18/10/2022,mardi,INDUSTRIE,Suisse,GE,ENTERPRISE,28,647,426,65.8,31,12.2,40,26,,0,4,2.2,2,0,,sombre,ap-s1,A,"Client insatisfait, risque de départ.",68,2000000,0
CLI-002059,05/09/2023,mardi,Public,Canada,TPE,STARTER,17,3,2,66.7%,45,25.3,8,4,2,0,6,"32,0",2,0,45.46,vert,ap-s1,A,,51,1118,0
CLI-003660,2024-02-05,lundi,Commerce,France,tpe,Starter,12,5,2,40.0,10,8.1,8,4,1,1,2,12.5 h,5,0,"46,91",violet,eu-w3,B,Compte dans la moyenne.,67,577,0
CLI-003472,30/12/2024,lundi,Commerce,Espagne,pme,Pro,1,40,18,45.0,27,"12,1",16,5,0,0,0,"6,0",4,2,846.25,clair,us-e1,B,,37,2776,0
CLI-001317,05/12/2023,mardi,Commerce,France,PME,Business,14,15,12,80.0,63,43.6,26,15,1,0,1,"5,1",4,0,614.89,clair,ap-s1,control,,60,11093,0
CLI-001805,13/02/2024,mardi,tech,France,TPE,Business,12,7,5,"71,4",54,"23,9",26,13,3,2,1,9.5,3,1,"413,94",vert,eu-w1,control,Suivi standard.,71,23760,0
CLI-004215,2023-07-12,mercredi,éducation,Espagne,eti,Pro,19,212,81,38.2%,7,3.2,16,1,5,1,4,20.7 h,1,0,5071.61,clair,eu-w1,control,"Client insatisfait, risque de départ.",59,37428,0
CLI-003071,2023-07-14,vendredi,Industrie,France,PME, Pro ,19,46,17,37.0,2,"1,0",16,4,6,12,3,13.6,4,0,1176.87,vert,eu-w3,control,,58,16406,0
CLI-002585,28 Feb 2024,mercredi,commerce,France,TPE,starter,11,10,5,,13,10.1,8,5,2,2,4,41.8,1,0,120.92,sombre,eu-w1,B,,1,3966,1
CLI-003827,2023-07-05,mercredi,Commerce,France, PME , Business ,19,14,8,"57,1",14,10.6,26,10,4,0,2,4.3,5,0,745.7,vert,eu-w1,A,,85,39746,0
CLI-002321,13 Feb 2023,lundi,Éducation,Espagne,PME,pro,24,32,14,43.8,14,"2,7",16,3,1,5,4,17.5 h,2,0,867.44 €,sombre,us-e1,B,,49,21339,0
CLI-001948,2024-02-02,vendredi,Commerce,France,ETI,Business,12,66,0,0.0,0,0.0,26,0,0,39,1,4.8,4,0,"3155,23",violet,ap-s1,B,,45,126777,0
CLI-000460,2025-01-08,mercredi, Tech ,France,ETI,Enterprise,1,106,28,26.4,9,"2,6",40,11,0,1,1,1.7,5,0,7508.24,vert,eu-w3,control,Compte dans la moyenne.,55,30784,0
CLI-000209,07/04/2023,vendredi,ÉDUCATION,France,PME, Business ,22,35,16,,11,5.2,26,9,10,11,2,"5,7",2,0,1568.52 €,bleu,us-e1,A,Mécontentement exprimé au support.,65,37299,0
CLI-004316,2024-10-29,mardi,santé,France,ETI,Starter,3,186,50,26.9,3,"0,2",8,1,2,22,2,24.4,4,0,1915.54,clair,eu-w1,B,RAS.,45,15707,0
CLI-000816,2023-09-12,mardi,Éducation,France, ETI ,Business,17,38,7,"18,4",1,"0,2",26,5,1,9,0,,2,0,2003.44,sombre,us-e1,B,,54,95284,0
CLI-004045,04/03/2024,lundi,Commerce,Suisse, PME ,pro,11,37,4,"10,8",1,0.1,16,3,3,15,4,7.6,2,1,779.5,vert,us-e1,A,,46,11505,0
CLI-004249,25/12/2024,mercredi,Commerce,France,GE,PRO,1,430,73,"17,0",1,,16,4,0,9,4,16.5,2,3,9075.64,vert,eu-w3,control,"Client insatisfait, risque de départ.",0,81862,1
CLI-000322,04 Jun 2023,dimanche,Industrie,France, TPE ,Business,20,3,1,33.3,1,0.1,26,7,3,4,2,,3,0,105.18 €,bleu,ap-s1,B,,61,2846,0
CLI-002874,29/12/2024,dimanche,Industrie,France,pme,STARTER,1,49,38,,67,44.1,8,7,0,0,5,21.0,4,0,"621,72",vert,eu-w3,B,Suivi standard.,10,6628,1
CLI-004652,14/08/2023,lundi,Tech,Belgique,PME,Pro,18,47,22,"46,8",23,7.2,16,5,1,1,0,7.9,5,0,"1350,04",bleu,eu-w3,A,,61,73064,0
CLI-000599,2023-09-12,mardi, Commerce ,France,TPE,pro,17,10,7,70.0,17,9.6,16,8,3,3,3,16.8,2,0,236.45,vert,eu-w3,control,,59,2521,0
CLI-000807,08/08/2024,jeudi,commerce,,pme,BUSINESS,6,28,11,"39,3",4,"0,8",26,11,1,0,6,5.3,2,1,985.78,bleu,eu-w3,B,"Client insatisfait, risque de départ.",51,21017,0
CLI-003130,2024-09-12,jeudi,Public,Belgique,PME,Pro,5,22,12,54.5,39,18.0,16,7,2,3,4,11.4,4,0,538.27,sombre,ap-s1,A,Suivi standard.,49,10593,0
CLI-004144,18/12/2022,dimanche,SANTÉ,France,TPE, Starter ,26,3,1,"33,3",1,0.2,8,2,6,1,6,,,0,"41,75",bleu,ap-s1,control,,55,1472,0
CLI-000827,07/07/2023,vendredi,Éducation,Canada,eti,Pro,19,143,69,48.3%,28,21.9,16,6,4,0,4,13.6,4,0,3836.41,sombre,us-e1,A,"Compte engagé, ambassadeur potentiel.",63,37750,0
CLI-003115,2024-05-14,mardi,Éducation,France, PME ,business,9,35,21,60.0,33,4.6,26,9,2,1,8,8.8,3,1,1670.42,sombre,ap-s1,A,Support très sollicité récemment.,46,10958,0
CLI-004506,03/01/2025,vendredi,commerce,France,pme,Pro,1,47,9,19.1,4,1.3,16,3,0,3,3,17.3,,1,867.56,sombre,eu-w1,A,,10,6403,1
CLI-000411,2023-06-08,jeudi,Éducation,Belgique,PME,business,20,56,16,28.6,6,2.8,26,5,8,4,2,7.1,3,0,2940.99,sombre,eu-w3,A,,78,36174,0
CLI-002020,28/12/2024,samedi, Tech ,France,PME,pro,1,56,25,"44,6",17,7.8,16,5,0,3,1,12.7,3,3,1227.63,sombre,eu-w3,B,,10,15100,1
CLI-001968,02 Feb 2024,vendredi,FINANCE,Suisse,eti,Business,12,134,51,38.1,19,11.0,26,11,5,3,2,,3,1,5688.25 €,sombre,ap-s1,B,,53,79294,0
CLI-004047,31 May 2024,vendredi,Finance,Espagne,PME,Pro,8,29,6,20.7,1,"0,1",16,0,2,9,2,13.6,3,0,655.62,violet,eu-w3,A,Faible adoption des sièges.,52,9677,0
CLI-004656,02 Jul 2024,mardi, Industrie ,Suisse,PME,Business,7,36,12,,11,0.7,26,4,1,3,2,5.2,2,2,"1371,47",violet,ap-s1,B,,43,4498,0
CLI-001966,2023-08-04,vendredi, Commerce ,France, GE ,Enterprise,18,764,510,,28,9.3,40,7,3,0,0,3.7,4,0,"73524,22",violet,eu-w1,control,"Compte engagé, ambassadeur potentiel.",68,2000000,0
CLI-002545,24 Sep 2024,mardi,Finance,Allemagne,PME,Business,4,49,28,"57,1",25,"9,9",26,11,3,0,2,7.0 h,2,2,2096.48,bleu,ap-s1,control,"Client insatisfait, risque de départ.",55,25787,0
CLI-001388,30 Nov 2024,samedi,Éducation,Canada, PME , Business ,2,44,36,81.8,45,31.7,26,11,0,1,2,"0,5",3,4,1872.3,sombre,eu-w3,A,Suivi standard.,50,67553,0
CLI-001810,07/11/2024,jeudi,Éducation,Espagne,TPE,Pro,3,3,3,100.0,55,"27,4",16,9,1,1,0,12.4 h,4,1,"74,13",sombre,eu-w1,A,,25,912,1
CLI-000602,02/12/2023,samedi,TECH,Canada,ETI,Business,14,63,27,42.9,13,"4,8",26,11,4,5,1,6.7 h,4,0,"3084,74",vert,eu-w1,A,,70,93591,0
CLI-003181,12 Aug 2024,lundi,TECH,France,PME, Pro ,6,44,24,54.5%,14,"4,5",16,4,,3,0,,3,0,791.78,vert,eu-w3,control,,61,5194,0
CLI-001472,16/09/2023,samedi,Commerce,France,GE,Business,17,381,214,56.2,28,"16,2",26,4,4,0,0,"4,8",5,0,16815.53,vert,us-e1,A,"Compte engagé, ambassadeur potentiel.",70,330930,0
CLI-002394,2024-12-24,mardi, Commerce ,France,ETI, Business ,1,217,108,"49,8",29,27.8,26,12,0,0,0,4.3,5,5,10036.92,violet,eu-w3,B,,11,131684,1
CLI-001650,10/01/2024,mercredi,Éducation,France,TPE,Starter,13,8,4,"50,0",28,"14,4",8,3,6,0,2,32.5,2,1,"93,46",violet,ap-s1,A,,53,1916,0
CLI-002048,08/11/2024,vendredi,INDUSTRIE,France,ETI,Enterprise,3,75,48,64.0%,14,4.4,40,12,0,4,5,0.5,3,4,6493.52 €,bleu,ap-s1,B,,13,69221,1
CLI-001271,19 Jun 2022,dimanche,Industrie,Canada,pme,starter,32,49,39,"79,6",69,"32,7",8,3,6,2,0,11.5,3,0,669.44,violet,ap-s1,control,Compte dans la moyenne.,82,51051,0
CLI-000917,14 Oct 2023,samedi,Tech,Suisse,ETI,Business,16,198,92,"46,5",18,10.8,26,15,1,0,1,2.5,4,0,8847.81,clair,eu-w3,control,,64,261187,0
CLI-003853,30/07/2024,mardi,Commerce,Suisse,PME,BUSINESS,6,57,8,14.0,1,0.2,26,9,2,5,1,,5,3,2293.98,violet,eu-w3,A,Déploiement interne limité.,63,50789,0
CLI-001685,04/03/2024,lundi,Commerce,France,ETI,Business,11,207,90,"43,5",18,8.9,26,10,1,1,4,9.1,4,2,8387.42,vert,eu-w1,A,Suivi standard.,18,75655,1
CLI-000835,07 Apr 2024,dimanche,,Suisse,GE, Pro ,10,372,208,55.9,13,"7,2",16,7,3,3,6,,3,1,9368.22,clair,us-e1,control,Suivi standard.,41,153639,0
CLI-001885,31/12/2024,mardi,santé,France,ETI,Business,1,53,15,28.3,1,0.1,26,2,0,30,0,0.5,5,3,"1924,44",bleu,eu-w1,control,,44,17358,0
CLI-004480,05/12/2024,jeudi,Commerce,Suisse,PME,Pro,2,53,45,84.9,52,39.4,16,8,0,0,0,12.2,3,1,1324.32,violet,us-e1,B,,47,11945,0
CLI-001659,10/12/2024,mardi,PUBLIC,France,PME,pro,2,42,36,85.7,63,40.5,16,12,1,0,0,7.8,5,,"1118,56",sombre,eu-w1,A,RAS.,67,33937,0
CLI-004466,2023-11-03,vendredi,TECH,Allemagne,ETI,Pro,15,180,140,77.8,25,"19,5",16,10,4,2,0,7.8,4,0,4591.35 €,sombre,ap-s1,B,"Compte engagé, ambassadeur potentiel.",72,271073,0
CLI-004122,15/05/2024,mercredi,FINANCE,France, GE ,Enterprise,9,514,247,48.1%,35,27.2,40,20,2,0,0,0.5,5,0,43848.49,vert,eu-w1,B,,81,970806,0
CLI-003058,13/02/2023,lundi,Commerce,Allemagne, TPE ,starter,24,10,4,40.0,7,"0,8",8,2,3,11,1,25.2,4,0,"100,61",vert,eu-w3,B,RAS.,51,1403,0
CLI-002973,05 Dec 2023,mardi,Commerce,Allemagne,ETI,enterprise,14,129,36,27.9,1,"0,1",40,5,2,5,0,3.7,5,1,10715.76,vert,eu-w1,B,,68,316329,0
CLI-000591,11/06/2023,dimanche, Tech ,Espagne,PME, Business ,20,38,14,36.8,17,0.8,26,4,3,1,3,"8,9",3,,2009.38,violet,us-e1,B,Compte dans la moyenne.,66,60965,0
CLI-003103,2024-12-02,lundi,,France,PME,Business,2,7,6,85.7,82,68.8,26,21,0,1,0,5.6,,2,331.51,violet,eu-w1,control,Suivi standard.,32,10330,1
CLI-004925,07 Nov 2024,jeudi,éducation,France, TPE ,starter,3,8,0,0.0,0,0.0,8,0,0,54,3,30.0,2,3,93.63,clair,eu-w1,control,"Client insatisfait, risque de départ.",0,1152,1
CLI-001581,08/01/2025,mercredi,Éducation,France,tpe,Starter,1,6,2,33.3%,18,6.8,8,3,0,2,2,28.0 h,3,3,64.11 €,clair,eu-w1,control,Compte dans la moyenne.,9,736,1
CLI-002159,2023-04-15,samedi, Santé ,France, TPE , Starter ,22,7,6,85.7,91,36.1,8,5,3,1,0,1.2,5,0,110.81,clair,us-e1,control,,87,7269,0
CLI-003381,30/08/2024,vendredi,COMMERCE,Belgique,ETI,Pro,5,118,85,72.0,50,"48,9",16,9,2,0,1,,4,0,3325.1 €,clair,eu-w3,A,Compte dans la moyenne.,67,68165,0
CLI-004703,2024-12-03,mardi,,Allemagne, PME ,pro,2,12,10,83.3,75,39.0,16,5,0,1,1,12.1,4,1,307.16,vert,us-e1,A,,20,10579,1
CLI-002525,29 Jul 2024,lundi, Éducation ,Canada,eti,Business,6,38,19,,2,0.8,26,3,2,30,9,,1,,,clair,ap-s1,B,"Client insatisfait, risque de départ.",3,70762,1
CLI-003663,14 May 2023,dimanche, Industrie ,Canada,TPE,Starter,21,2,1,50.0,4,1.9,8,1,4,9,3,,3,0,"24,05",sombre,eu-w3,control,,44,414,0
CLI-004795,07/07/2024,dimanche,éducation,France,pme,Starter,7,57,36,"63,2",34,7.0,8,1,1,3,7,"21,7",2,0,677.2,sombre,eu-w1,B,"Client insatisfait, risque de départ.",11,27765,1
CLI-003573,03 Nov 2024,dimanche,Tech,France,PME,Business,3,39,7,"17,9",1,"0,2",26,1,0,30,7,7.4 h,2,1,1053.0,clair,us-e1,control,"Client insatisfait, risque de départ.",0,3454,1
CLI-001357,12/09/2023,mardi,COMMERCE,Canada,TPE,PRO,17,9,6,66.7%,55,16.2,16,10,2,1,2,8.8,5,0,266.89,bleu,eu-w3,control,,81,22979,0
CLI-003591,2024-02-06,mardi,Tech,France,ge,ENTERPRISE,12,817,30,3.7,1,0.3,40,5,3,1,0,0.5,3,1,69460.69,sombre,eu-w3,B,Faible adoption des sièges.,64,968282,0
CLI-003215,05 Jul 2024,vendredi,ÉDUCATION,France, PME ,Pro,7,31,8,25.8,1,"0,2",16,1,2,17,4,"15,3",3,0,"736,96",clair,ap-s1,A,Suivi standard.,6,15712,1
CLI-003959,2023-03-09,jeudi, Éducation ,France,GE,business,23,258,37,14.3,1,0.2,26,1,9,1,0,4.4,,0,10533.42,sombre,eu-w3,control,,85,285034,0
CLI-003447,02/09/2023,samedi, Commerce ,France,TPE,Starter,17,4,3,"75,0",21,"10,6",8,3,,3,4,28.4 h,2,0,"53,86",clair,eu-w3,control,,67,3092,0
CLI-003888,2023-08-12,samedi,tech,France,PME, Pro ,18,18,8,"44,4",2,1.3,16,9,4,20,2,12.4,2,0,473.3 €,violet,ap-s1,B,,58,6986,0
CLI-000456,2024-06-07,vendredi,public,Suisse,PME,BUSINESS,8,57,48,84.2,69,"37,1",26,14,3,1,1,5.9,5,1,2752.83,clair,ap-s1,B,,70,49661,0
CLI-004326,2024-12-25,mercredi,Finance,Suisse,PME,PRO,1,16,5,31.2,8,6.5,16,3,,2,5,11.6 h,4,3,323.33 €,bleu,ap-s1,A,Compte dans la moyenne.,34,6363,0
CLI-003661,02/01/2025,jeudi,COMMERCE,France,TPE,starter,1,8,4,50.0,23,14.6,8,3,0,0,0,"20,9",4,0,94.12,clair,us-e1,B,,17,1389,1
CLI-000757,02 Apr 2024,mardi,Éducation,Suisse,PME,STARTER,10,46,7,15.2,5,"2,1",8,2,4,2,10,36.6,2,0,"483,83",vert,us-e1,A,"Client insatisfait, risque de départ.",12,8728,1
CLI-003788,20 Jul 2023,jeudi, Finance ,Allemagne,TPE,Pro,19,4,3,75.0%,57,"29,4",16,4,2,1,3,14.5,3,0,107.37,vert,ap-s1,B,Compte dans la moyenne.,59,528,0
CLI-004641,14 Dec 2023,jeudi,Tech,Espagne,TPE,pro,14,3,1,33.3,1,"0,3",16,4,4,1,7,11.7,3,0,"77,61",vert,eu-w1,B,Support très sollicité récemment.,26,4200,1
CLI-003149,08 Aug 2023,mardi,Finance,France,pme, Pro ,18,14,9,64.3,45,21.9,16,9,3,2,1,4.6 h,4,0,282.66,vert,eu-w3,control,,69,5099,0
CLI-004416,01/01/2025,mercredi,Tech,France,ETI,BUSINESS,1,160,94,58.8,22,1.1,26,9,1,1,0,,4,4,6194.08,clair,us-e1,B,,54,86345,0
CLI-004158,04/01/2024,jeudi,Industrie,France,TPE,pro,13,8,3,37.5,13,"2,7",16,5,5,2,7,"18,1",3,0,173.4 €,clair,eu-w1,A,Support très sollicité récemment.,59,2417,0
CLI-002093,03/10/2023,mardi, Commerce ,France,pme,Pro,16,19,14,73.7,77,"75,6",16,10,1,1,0,"8,4",5,0,514.84,vert,eu-w3,B,Suivi standard.,63,14354,0
CLI-002492,26 Dec 2024,jeudi,Tech,Allemagne,PME,STARTER,1,45,19,42.2%,4,1.7,8,4,0,13,0,11.8,5,5,"453,77",violet,eu-w1,control,RAS.,7,2977,1
CLI-004520,02/01/2025,jeudi, Public ,France,TPE,Business,1,4,3,75.0%,77,63.8,26,16,0,1,1,6.4,5,1,171.98,clair,us-e1,B,,68,10436,0
CLI-001369,16 Aug 2023,mercredi,Commerce,France,TPE, Business ,18,8,8,100.0,119,85.2,26,13,3,3,4,12.1 h,2,0,"382,43",sombre,eu-w3,A,,70,9721,0
CLI-002768,10 Aug 2023,jeudi,Commerce,Canada,PME,Business,18,27,19,"70,4",47,7.0,26,14,8,2,0,"6,3",,0,1178.58,vert,eu-w3,control,"Compte engagé, ambassadeur potentiel.",85,60885,0
CLI-001814,05/09/2023,mardi,Éducation,France,pme,Starter,17,58,31,"53,4",30,"15,7",8,4,6,0,1,,3,0,682.11,violet,us-e1,control,Compte dans la moyenne.,57,55933,0
CLI-003790,06 Nov 2023,lundi,santé,France, ETI ,business,15,199,144,72.4,36,"14,8",26,8,6,0,0,5.7 h,3,0,10712.96,clair,eu-w1,A,Suivi standard.,73,333816,0
CLI-003148,20 Jul 2023,jeudi,Commerce,France,TPE,Pro,19,4,3,75.0,71,30.0,16,8,8,1,5,,4,1,"119,01",clair,eu-w1,B,,71,8978,0
CLI-001585,08/09/2023,vendredi,industrie,Belgique, PME ,PRO,17,57,32,56.1,26,11.2,16,7,5,0,2,,3,0,1597.15,clair,us-e1,A,Suivi standard.,56,78580,0
CLI-002325,05 Jun 2024,mercredi,Tech,France,PME, Pro ,8,6,2,33.3,9,0.4,16,5,1,0,0,"6,8",4,0,137.08,vert,eu-w1,control,,54,2473,0
CLI-002810,04/05/2024,samedi, Éducation ,France,ETI, Enterprise ,9,61,17,"27,9",1,"0,1",40,17,2,17,2,4.0,4,0,4692.68,bleu,ap-s1,A,,54,23088,0
CLI-004853,13/01/2024,samedi,industrie,Allemagne,TPE,Starter,13,9,6,,26,"17,1",8,3,4,1,0,0.5,5,0,108.75,clair,ap-s1,control,Client très satisfait et actif.,68,2497,0
CLI-004162,2025-01-05,dimanche,Commerce,France,pme,Starter,1,50,30,60.0%,32,15.8,8,3,0,0,3,33.6 h,3,3,"604,51",sombre,ap-s1,B,,15,31725,1
CLI-003838,06/01/2023,vendredi, Éducation ,France, TPE ,Pro,25,7,2,28.6,1,0.3,16,5,5,30,1,13.5,,,178.54,vert,ap-s1,A,Suivi standard.,60,2635,0
CLI-003392,2024-03-30,samedi,Finance,Suisse, TPE ,STARTER,10,7,4,"57,1",35,15.1,8,4,4,0,1,15.1,4,0,80.71 €,bleu,us-e1,A,,23,1257,1
CLI-003623,2024-05-31,vendredi,SANTÉ,Suisse,GE,ENTERPRISE,8,397,54,"13,6",1,0.1,40,6,0,1,1,"1,3",4,0,28454.81,clair,ap-s1,A,,53,139998,0
CLI-003136,15/05/2023,lundi,Tech,Allemagne,ETI,Enterprise,21,105,0,"0,0",0,0.0,40,0,0,85,5,"4,3",,0,"9230,8",bleu,us-e1,A,"Compte peu actif, relance nécessaire.",6,295201,1
CLI-001484,2024-03-07,jeudi,commerce,Belgique,PME,Business,11,19,11,57.9,29,"7,5",26,11,4,0,2,"6,1",4,0,959.93,vert,ap-s1,A,Client très satisfait et actif.,78,15743,0
CLI-001475,09/09/2024,lundi,Santé,Allemagne,TPE,Starter,5,3,1,33.3,1,"0,4",8,1,0,19,4,"23,0",3,0,34.05,vert,eu-w3,B,,0,300,1
CLI-002540,12/03/2024,mardi,Commerce,France,ETI,Enterprise,11,80,44,,36,15.4,40,7,2,0,3,"6,1",3,0,,sombre,us-e1,control,RAS.,76,27219,0
CLI-000183,05/08/2023,samedi,Éducation,France,TPE,Pro,18,3,2,66.7,26,14.0,16,3,2,0,3,16.9,2,0,"85,37",violet,ap-s1,control,,27,3430,1
CLI-001835,13/03/2024,mercredi,Santé,Suisse,PME,business,11,51,44,86.3,61,34.5,26,5,1,1,0,4.9,,1,"2497,8",bleu,eu-w3,B,,54,53253,0
CLI-000666,17/05/2023,mercredi, Santé ,France, TPE ,Starter,21,2,1,50.0,30,"18,5",8,5,1,5,2,"14,8",5,,"32,16",vert,eu-w1,control,RAS.,61,3165,0
CLI-004457,09/01/2024,mardi,public,Belgique,TPE,Enterprise,13,7,6,85.7,52,46.6,40,21,2,1,4,4.5,3,0,,vert,ap-s1,control,,68,13866,0
CLI-001823,2024-02-08,jeudi,Éducation,Espagne,PME,Enterprise,12,10,6,60.0%,13,5.0,40,18,1,0,0,1.3,5,1,666.47,vert,eu-w3,control,,59,7105,0
CLI-004705,2025-01-10,vendredi,commerce,Canada,GE,business,1,144,0,0.0%,0,"0,0",26,0,0,30,0,5.0,5,1,4936.95,sombre,eu-w1,A,Déploiement interne limité.,13,125497,1
CLI-000414,04/05/2023,jeudi,PUBLIC,Suisse,PME,Business,21,59,25,42.4,15,7.2,26,8,5,3,0,8.0,4,1,"2941,85",vert,eu-w1,B,Client très satisfait et actif.,71,41009,0
CLI-004095,2025-01-07,mardi,commerce,,TPE,STARTER,1,9,5,55.6,27,"16,1",8,3,0,0,2,28.5 h,4,4,101.37,clair,eu-w1,B,RAS.,0,582,1
CLI-002537,07 Jan 2025,mardi,éducation,,GE,ENTERPRISE,1,158,0,"0,0",0,0.0,40,0,0,30,2,1.9,2,2,"10648,88",clair,us-e1,control,Mécontentement exprimé au support.,4,104785,1
CLI-001662,13 Feb 2024,mardi, Tech ,France, TPE , Starter ,12,9,4,44.4,10,"3,1",8,2,,0,1,"17,3",4,1,106.55 €,violet,us-e1,B,RAS.,49,524,0
CLI-000131,2024-01-12,vendredi, Finance ,France,pme, Business ,13,21,5,23.8,1,0.4,26,3,0,22,1,8.2,2,0,,vert,eu-w1,A,,17,10715,1
CLI-000676,2023-12-02,samedi,finance,Suisse,ETI,business,14,205,25,12.2%,2,0.1,26,7,7,3,2,10.5 h,1,0,9488.27 €,clair,eu-w1,A,,42,202290,0
CLI-000136,31 Dec 2024,mardi,Éducation,Allemagne,ETI,Enterprise,1,91,28,30.8,10,3.8,40,8,1,0,3,8.3,2,3,6658.82,violet,eu-w3,B,"Client insatisfait, risque de départ.",50,43682,0
CLI-003576,29/05/2024,mercredi,Commerce,France,ETI, Enterprise ,8,44,13,29.5,1,"0,6",40,9,1,2,1,,5,1,3535.4,bleu,ap-s1,B,,65,78274,0
CLI-002756,02/01/2025,jeudi,Santé,Belgique,TPE, Pro ,1,11,0,"0,0",0,0.0,16,0,0,30,4,15.1,3,2,271.63,sombre,eu-w1,A,,0,2896,1
CLI-001901,12/09/2023,mardi,Industrie,France,TPE,pro,17,7,2,"28,6",1,"0,1",16,7,5,8,0,10.2,4,0,"165,83",sombre,ap-s1,A,"Compte engagé, ambassadeur potentiel.",67,5575,0
CLI-000672,2023-10-09,lundi,PUBLIC,Suisse,PME,Business,16,30,8,26.7%,4,1.9,26,6,3,1,0,4.8,5,0,1401.58,clair,ap-s1,A,"Compte engagé, ambassadeur potentiel.",68,44823,0
CLI-003076,26 Dec 2024,jeudi,Commerce,Suisse, TPE ,Starter,1,1,1,"100,0",16,2.5,8,4,0,7,2,18.5 h,4,3,9.4,bleu,eu-w3,B,Suivi standard.,10,300,1
CLI-001180,2024-06-06,jeudi,industrie,France,PME,BUSINESS,8,57,23,,3,"1,0",26,1,2,20,1,7.5,4,2,2412.47,clair,us-e1,B,,58,39565,0
CLI-000114,26 Aug 2024,lundi, Tech ,France,TPE,Starter,5,8,6,75.0,49,,8,4,0,0,9,41.6,1,0,99.76,clair,eu-w3,B,"Client insatisfait, risque de départ.",9,1881,1
CLI-000072,2024-12-29,dimanche,Finance,France,PME,Business,1,16,9,56.2%,42,31.5,26,13,0,1,0,8.3,4,3,774.31,sombre,us-e1,control,Compte dans la moyenne.,40,12064,0
CLI-000455,11 Feb 2024,dimanche,Commerce,France,TPE,Starter,12,3,1,"33,3",3,0.7,8,3,6,10,2,18.9,4,1,24.02 €,clair,eu-w3,B,,50,300,0
CLI-001881,14 Apr 2024,dimanche,Finance,France,eti, Enterprise ,10,200,0,0.0%,0,0.0,40,0,0,51,2,"3,1",4,1,12366.61,violet,ap-s1,B,,50,273797,0
CLI-003812,2024-05-28,mardi,Industrie,France,GE,Business,8,682,384,,47,23.1,26,11,2,1,0,2.8,5,,"25763,66",violet,eu-w3,B,,63,971805,0
CLI-000625,29 Dec 2024,dimanche,public,Espagne,PME,pro,1,38,16,42.1,17,2.4,16,8,0,1,2,13.9,3,1,1001.74 €,sombre,ap-s1,A,,13,11500,1
CLI-002203,05/12/2024,jeudi,Santé,Belgique,TPE,Starter,2,10,5,50.0%,8,4.0,8,4,0,1,0,"11,0",4,0,"93,85",clair,eu-w3,A,,51,2540,0
CLI-003415,2024-11-04,lundi,Éducation,, PME , Business ,3,24,4,16.7%,2,"0,4",26,7,0,4,3,"8,1",2,0,1101.11,violet,ap-s1,A,,45,32505,0
CLI-003550,03 Dec 2023,dimanche,TECH,Allemagne,ETI,PRO,14,35,18,"51,4",23,13.8,16,5,4,1,1,,2,,883.39 €,bleu,eu-w1,A,,71,15936,0
CLI-001073,10/01/2025,vendredi,Finance,France,TPE,Pro,1,10,6,60.0,17,5.5,16,4,0,0,2,18.2,2,1,218.57,violet,us-e1,A,"Client insatisfait, risque de départ.",40,1434,0
CLI-003037,08/12/2024,dimanche,public,France,PME,Business,2,26,19,73.1,84,"49,5",26,18,0,0,4,11.2,3,1,1383.72,bleu,ap-s1,control,,17,17020,1
CLI-001230,13/04/2024,samedi,,France,PME,Pro,10,17,8,47.1,27,17.7,16,8,2,0,2,"16,2",1,0,"455,68",bleu,ap-s1,A,Mécontentement exprimé au support.,49,16441,0
CLI-003968,07/08/2024,mercredi,Commerce,France,GE, Pro ,6,541,457,"84,5",74,,16,9,4,0,0,6.3,,1,13107.05,violet,eu-w3,B,,69,150469,0
CLI-002113,15 May 2024,mercredi,Commerce,Canada,pme,Pro,9,30,26,86.7%,81,"7,2",16,9,1,1,2,"11,3",5,1,"843,55",clair,ap-s1,control,Compte dans la moyenne.,50,13834,0
CLI-000360,2024-08-27,mardi,Finance,Allemagne,TPE,Pro,5,3,1,33.3,1,"0,1",16,0,1,12,2,9.7 h,5,1,50.89,violet,eu-w1,A,,64,2045,0
CLI-001760,2023-10-30,lundi,Commerce,France,PME, Enterprise ,15,19,12,63.2,31,18.5,40,21,2,0,0,3.6,4,0,"1615,57",vert,eu-w1,B,RAS.,82,34444,0
CLI-002119,09/08/2024,vendredi,Industrie,France, TPE ,STARTER,6,9,6,66.7%,4,1.0,8,3,0,5,0,11.9,5,1,114.17,violet,eu-w3,A,RAS.,52,3558,0
CLI-003842,30 May 2024,jeudi,Commerce,France,TPE,Starter,8,1,1,100.0,53,"28,4",8,2,2,0,0,12.8,5,0,13.83,clair,eu-w1,control,,73,306,0
CLI-002433,09/10/2023,lundi,Public,Belgique, ETI , Pro ,16,85,76,89.4,97,87.7,16,10,,4,2,,3,0,2525.1,violet,ap-s1,A,,71,47623,0
CLI-001568,10 Sep 2023,dimanche,Commerce,Suisse,TPE,STARTER,17,1,0,"0,0",0,0.0,8,0,,35,2,23.2 h,,0,13.98,clair,eu-w3,B,,25,367,1
CLI-002788,30/04/2024,mardi,Industrie,France,TPE,Pro,9,7,2,28.6%,1,"0,2",16,5,0,8,0,10.6 h,4,1,183.27,violet,eu-w3,B,,57,2254,0
CLI-000952,31/07/2024,mercredi,Éducation,Belgique,PME,Business,6,40,32,80.0,65,29.1,26,17,2,0,0,6.4,4,0,2043.12,violet,eu-w1,A,Compte dans la moyenne.,76,23455,0
CLI-004100,2023-10-17,mardi,Tech,Suisse,PME,Pro,16,37,10,27.0,6,0.8,16,4,5,27,1,11.4 h,5,0,839.5,bleu,ap-s1,control,Suivi standard.,49,21340,0
CLI-003694,14 Aug 2023,lundi,,France,tpe, Starter ,18,5,4,"80,0",48,11.6,8,4,1,1,7,"33,9",2,0,71.62,vert,eu-w1,B,"Client insatisfait, risque de départ.",25,6460,1
CLI-003678,07 Sep 2024,samedi,INDUSTRIE,Canada,PME,business,5,57,0,0.0,0,"0,0",26,0,0,56,5,11.0,2,1,2240.62,clair,eu-w3,B,,0,18373,1
CLI-004424,29/08/2024,jeudi,,Espagne,TPE,Starter,5,11,4,,17,3.5,8,2,0,2,0,17.6,4,1,,clair,eu-w3,B,,55,2381,0
CLI-004301,30/09/2023,samedi,,France, PME , Starter ,16,50,0,"0,0",0,0.0,8,0,,32,7,35.2,1,0,733.48,violet,eu-w1,control,,2,68566,1
CLI-004423,05/12/2024,jeudi,Commerce,France,PME,Pro,2,16,15,93.8%,70,"34,4",16,5,0,0,2,13.6,5,2,"508,6",violet,ap-s1,B,RAS.,62,8758,0
CLI-000823,2024-12-28,samedi,santé,Allemagne,PME,pro,1,13,7,53.8,24,,16,5,0,1,5,15.7,2,3,257.06,violet,us-e1,B,Mécontentement exprimé au support.,38,4005,0
CLI-001141,20/07/2023,jeudi,finance,France,PME,Pro,19,11,8,"72,7",43,32.6,16,7,2,2,1,"14,7",3,0,"270,66",violet,eu-w1,A,,75,3995,0
CLI-001401,24/12/2024,mardi,,Belgique,PME, Pro ,1,31,28,90.3%,107,90.1,16,9,1,1,0,8.9,3,3,730.78,bleu,us-e1,A,,46,8389,0
CLI-004938,12 Apr 2024,vendredi, Éducation ,Allemagne,PME,Pro,10,16,7,"43,8",15,2.5,16,8,4,2,2,12.2,2,0,395.77 €,bleu,eu-w1,control,Mécontentement exprimé au support.,53,3894,0
CLI-001000,2023-12-14,jeudi,Éducation,France,TPE,pro,14,3,2,66.7,24,11.2,16,8,7,1,4,12.5,4,,93.26,bleu,ap-s1,control,,70,5277,0
CLI-002735,14/01/2024,dimanche,Public,France,tpe,Business,13,1,1,100.0%,52,"38,4",26,11,7,1,4,4.0 h,4,0,50.73 €,sombre,eu-w3,A,,80,3161,0
CLI-002752,17/08/2023,jeudi,public,Suisse,TPE,Pro,18,11,0,0.0,0,0.0,16,0,0,36,3,,3,0,293.89,bleu,us-e1,B,Déploiement interne limité.,21,6748,1
CLI-004320,29 Dec 2024,dimanche, Santé ,Suisse,PME,pro,1,22,2,9.1,1,0.2,16,0,0,8,3,9.4,4,4,487.98,violet,ap-s1,A,,16,3201,1
CLI-000571,03/11/2024,dimanche,Santé,Canada,tpe,Starter,3,9,6,"66,7",19,4.2,8,2,0,2,0,9.6 h,5,1,117.9,bleu,eu-w3,control,,15,2997,1
CLI-000184,04/09/2024,mercredi,Éducation,Belgique,PME,PRO,5,46,35,76.1,78,51.6,16,9,2,3,5,11.5,4,0,"1238,96",violet,us-e1,B,Compte dans la moyenne.,46,16255,0
CLI-004598,02/01/2025,jeudi,Commerce,Belgique,PME, Pro ,1,47,8,17.0,2,0.2,16,4,0,4,6,"14,4",2,3,960.44,sombre,us-e1,A,Mécontentement exprimé au support.,0,10238,1
CLI-000469,12/02/2023,dimanche,industrie,France,PME,Business,24,48,20,41.7,1,0.5,26,8,7,30,0,3.0,5,0,2214.47,sombre,eu-w1,control,,80,38133,0
CLI-003088,29 Dec 2023,vendredi,Commerce,Canada,PME,Business,13,32,12,,5,3.2,26,5,3,17,0,2.0,,0,1872.43 €,sombre,eu-w3,B,Compte dans la moyenne.,77,69093,0
CLI-002149,2023-06-02,vendredi,Commerce,France,PME,Pro,20,33,18,54.5,34,12.2,16,7,8,0,2,14.1 h,3,0,875.96,bleu,ap-s1,A,,76,41661,0
CLI-000076,17 Sep 2023,dimanche,Commerce,France,pme, Pro ,17,29,8,27.6,13,3.6,16,7,,1,3,13.0,3,0,"817,68",violet,eu-w3,control,,21,80460,1
CLI-000253,2023-03-12,dimanche,Tech,Canada,PME, Starter ,23,54,20,37.0,9,"2,2",8,4,5,7,1,17.4,5,0,707.01,sombre,eu-w1,control,"Compte engagé, ambassadeur potentiel.",58,37104,0
CLI-003062,04/04/2024,jeudi,INDUSTRIE,France,ETI,Business,10,54,8,14.8,1,0.1,26,3,2,14,1,3.7,4,0,2147.17,violet,eu-w3,A,,51,19367,0
CLI-003687,11 Feb 2024,dimanche,Éducation,Allemagne, PME ,Pro,12,40,27,67.5,35,23.2,16,7,5,0,0,5.4,5,0,"760,76",sombre,eu-w1,B,"Compte engagé, ambassadeur potentiel.",74,4991,0
CLI-000332,02/01/2025,jeudi, Finance ,France, TPE ,Pro,1,9,5,55.6,16,"0,8",16,3,0,2,1,10.3 h,4,2,"201,07",clair,us-e1,A,RAS.,44,2638,0
CLI-003545,04 Jan 2025,samedi,SANTÉ,France,PME,Starter,1,10,3,30.0,2,0.5,8,4,0,8,8,38.4,2,1,111.1,clair,ap-s1,control,Mécontentement exprimé au support.,0,1549,1
CLI-004697,2024-12-30,lundi,SANTÉ,France,pme,Pro,1,20,2,10.0%,1,0.1,16,0,0,0,1,14.6,3,5,349.69,vert,ap-s1,B,Faible adoption des sièges.,7,6308,1
CLI-004499,26 Nov 2024,mardi,Tech,France,ETI,business,2,210,158,,47,"38,1",26,11,0,0,2,5.0,2,1,10327.23,violet,ap-s1,A,,21,143962,1
CLI-004692,26 Dec 2024,jeudi,Santé,Canada,PME,Business,1,31,11,"35,5",1,0.1,26,9,0,1,4,4.8,4,,,bleu,eu-w1,control,,11,4857,1
CLI-004883,25/08/2024,dimanche,Finance,France, PME ,PRO,5,13,4,30.8%,1,"0,3",16,3,1,17,5,10.6,2,1,223.85,clair,eu-w3,B,,8,1285,1
CLI-000043,06 Sep 2023,mercredi, Tech ,Allemagne,ETI,PRO,17,43,30,69.8,65,24.0,16,8,3,3,2,9.4,4,0,"1203,99",clair,ap-s1,A,,70,25669,0
CLI-004365,28 May 2024,mardi, Public ,France,TPE,Pro,8,6,2,33.3,5,1.5,16,5,1,1,6,18.5,2,0,115.41,violet,eu-w3,control,Mécontentement exprimé au support.,16,1136,1
CLI-000681,30 Dec 2024,lundi,COMMERCE,Suisse,TPE,Starter,1,8,7,87.5,87,"69,4",8,6,1,1,1,19.6 h,4,1,85.43,bleu,eu-w3,A,Suivi standard.,54,981,0
CLI-003075,2024-07-30,mardi,Éducation,Allemagne,eti, Business ,6,104,51,49.0,21,13.0,26,8,,0,2,4.8 h,3,1,3966.47,sombre,eu-w3,A,,59,52040,0
CLI-001868,28/06/2024,vendredi,Tech,Canada,PME,Enterprise,7,15,5,33.3,7,0.4,40,16,2,9,1,2.6 h,2,0,1271.4,clair,eu-w3,control,Mécontentement exprimé au support.,46,28149,0
CLI-002168,02 Jan 2024,mardi,Tech,France,tpe,Starter,13,4,3,75.0,56,25.2,8,4,0,0,0,15.6,3,0,48.25 €,violet,eu-w3,A,RAS.,23,2374,1
CLI-000984,05/07/2023,mercredi,Tech,France,ETI,Business,19,162,134,82.7%,93,"54,9",26,20,7,2,4,"5,6",5,0,8716.45,clair,ap-s1,B,,82,171540,0
CLI-003363,2024-01-04,jeudi,Public,France, GE ,Pro,13,871,652,74.9,22,5.7,16,6,0,1,5,10.4,5,0,25169.0,vert,eu-w1,control,,60,1382785,0
CLI-002356,18 Jul 2023,mardi, Finance ,Espagne,TPE,Pro,19,8,2,25.0,1,0.4,16,4,1,10,4,"12,6",3,,188.13,vert,eu-w1,A,Suivi standard.,57,2160,0
CLI-001098,2024-09-10,mardi,Industrie,France,TPE, Starter ,5,10,2,20.0,1,0.1,8,2,0,30,1,24.2,3,3,"98,09",sombre,us-e1,control,,0,2413,1
CLI-003825,11/10/2024,vendredi,Public,,PME,business,4,47,21,44.7,10,2.6,26,9,1,1,2,,3,3,1788.87,sombre,ap-s1,B,,9,13202,1
CLI-000273,10 Jan 2023,mardi, Commerce ,Belgique,ETI, Business ,25,206,143,69.4,50,"34,8",26,13,4,1,0,"3,5",4,0,10458.47,vert,eu-w3,control,,85,385918,0
CLI-004261,2024-11-03,dimanche,Public,France,TPE,Enterprise,3,11,1,9.1,1,"0,4",40,1,0,3,2,0.5,4,1,658.0,vert,eu-w1,B,,25,3777,1
CLI-000662,2024-04-12,vendredi,tech,Espagne,TPE,Pro,10,6,3,50.0,12,5.9,16,8,3,1,2,12.0,5,4,138.73,sombre,us-e1,B,"Compte engagé, ambassadeur potentiel.",59,2275,0
CLI-002387,24 Dec 2024,mardi,éducation,France, TPE ,PRO,1,11,9,81.8,60,"37,6",16,9,0,1,2,"20,9",3,2,"316,21",sombre,us-e1,A,,12,5445,1
CLI-004865,2024-08-10,samedi, Éducation ,France,ETI,Enterprise,6,38,19,50.0,15,1.8,40,12,1,1,2,2.1,4,1,2950.97,sombre,eu-w1,control,,48,111311,0
CLI-002270,06/08/2024,mardi,,Suisse,TPE, Starter ,6,8,5,"62,5",14,11.1,8,4,0,0,4,"28,5",3,0,95.65,violet,ap-s1,A,,19,706,1
CLI-002666,2023-06-04,dimanche,santé,France, ETI ,Starter,20,189,122,64.6,29,9.7,8,3,2,6,0,11.3 h,5,0,"2293,57",violet,eu-w1,A,RAS.,57,84633,0
CLI-004624,03 Jul 2024,mercredi,Industrie,France,tpe, Starter ,7,10,5,"50,0",16,"4,7",8,3,1,3,2,24.0,4,0,"113,36",sombre,us-e1,control,,44,1208,0
CLI-000118,2023-03-06,lundi,public,France,ETI, Enterprise ,23,159,0,0.0,0,,40,0,0,36,4,"5,4",2,0,12737.16,clair,us-e1,A,Mécontentement exprimé au support.,47,302890,0
CLI-003255,2023-06-04,dimanche,tech,Canada,PME,enterprise,20,7,4,"57,1",18,7.2,40,9,3,1,5,4.2,3,0,615.35 €,sombre,ap-s1,B,,68,14128,0
CLI-004890,2024-12-27,vendredi,TECH,France, TPE ,Pro,1,4,3,75.0,64,27.9,16,8,0,1,0,9.2,5,2,80.29,violet,us-e1,A,,57,988,0
CLI-003414,2024-04-02,mardi,Commerce,France,TPE, Pro ,10,4,0,0.0,0,0.0,16,0,,91,5,"10,9",3,0,99.57,vert,eu-w3,control,Usage en forte baisse ce trimestre.,0,1143,1
CLI-004086,14 Feb 2023,mardi,,France,TPE,pro,24,9,0,"0,0",0,0.0,16,0,0,90,9,18.2,3,,257.74,violet,eu-w1,B,,0,7397,1
CLI-001086,2025-01-04,samedi,Santé,France, PME ,Business,1,13,11,"84,6",54,18.5,26,12,0,3,1,9.0 h,,1,,clair,ap-s1,control,RAS.,51,3079,0
CLI-004268,08 Aug 2024,jeudi, Tech ,Canada, ETI ,Business,6,50,37,74.0,55,"42,2",26,14,2,0,0,5.5,4,2,2428.11,bleu,ap-s1,A,,56,123445,0
CLI-000677,01 Jan 2025,mercredi,Éducation,France,pme,Business,1,45,20,44.4,9,3.5,26,10,0,4,4,8.8,2,,"1884,08",clair,us-e1,A,,51,74157,0
CLI-000012,25/09/2024,mercredi,Santé,Espagne,TPE,STARTER,4,1,1,100.0,83,,8,4,,1,4,27.2,4,1,12.35,vert,us-e1,A,,41,300,0
CLI-004176,12 Mar 2023,dimanche,Commerce,Allemagne,PME,PRO,23,34,18,52.9,33,"19,6",16,10,4,0,0,9.6,5,0,"917,86",sombre,ap-s1,control,"Compte engagé, ambassadeur potentiel.",83,42148,0
CLI-002346,12/03/2023,dimanche, Commerce ,France,PME,BUSINESS,23,40,12,30.0,3,1.2,26,13,5,1,2,9.5,3,0,"2172,9",sombre,us-e1,control,Suivi standard.,71,103343,0
CLI-002648,30/04/2024,mardi, Finance ,Belgique,TPE, Starter ,9,3,1,33.3,1,0.2,8,1,2,19,1,26.8,3,0,"33,62",bleu,us-e1,A,Compte dans la moyenne.,42,579,0
CLI-002731,2023-09-11,lundi,Tech,France,PME,PRO,17,44,0,0.0,0,0.0,16,0,0,69,3,15.0,2,0,1068.55,sombre,us-e1,B,,0,18400,1
CLI-001882,15/05/2023,lundi,Tech,Suisse,GE,Business,21,223,146,65.5,24,8.6,26,10,2,0,4,3.0,3,0,10389.34,violet,eu-w3,control,,56,255578,0
CLI-001651,27/04/2024,samedi,finance,France,ge,BUSINESS,9,419,135,32.2,14,6.0,26,14,1,1,0,4.4,5,1,18861.83,sombre,us-e1,A,,57,324801,0
CLI-002459,2025-01-09,jeudi,Industrie,Suisse, PME ,business,1,22,9,40.9%,1,,26,9,1,6,3,5.6,3,3,817.98,violet,eu-w1,B,,42,8720,0
CLI-001341,2024-03-16,samedi, Industrie ,Suisse,ETI,Business,11,185,101,54.6,13,4.6,26,6,2,4,0,5.8,5,0,9909.16,bleu,eu-w3,A,RAS.,66,130008,0
CLI-003771,30 Apr 2024,mardi,commerce,Allemagne, TPE ,Starter,9,3,2,66.7%,35,"7,6",8,2,0,1,1,33.4,2,0,"44,01",clair,eu-w1,control,,41,4042,0
CLI-000911,06/12/2024,vendredi,Commerce,France,TPE,Pro,2,8,7,87.5%,67,,16,10,1,2,5,14.2,4,1,191.39,vert,us-e1,A,,32,2354,1
CLI-003972,01/06/2024,samedi,finance,France,PME,Business,8,9,4,44.4,5,,26,11,3,12,3,9.5,3,1,485.97,clair,eu-w3,B,RAS.,36,34271,0
CLI-003423,2023-12-17,dimanche, Commerce ,France,PME,STARTER,14,15,6,40.0%,1,"0,1",8,2,4,21,1,"16,1",4,0,"190,68",vert,eu-w3,B,,30,1564,1
CLI-001087,10/12/2024,mardi,TECH,Suisse, PME ,Business,2,53,0,0.0,0,,26,0,0,60,0,5.5,4,2,"2560,06",violet,ap-s1,B,,0,48283,1
CLI-004363,11 Jan 2023,mercredi,Public,Espagne,eti,Pro,25,168,62,36.9,10,"3,3",16,2,3,0,4,,2,0,"4714,04",vert,us-e1,control,Mécontentement exprimé au support.,68,77310,0
CLI-003911,03 Jan 2025,vendredi,finance,Suisse,ETI,Pro,1,48,16,33.3,7,"3,4",16,2,0,0,1,15.2,3,2,1241.69,vert,us-e1,A,Compte dans la moyenne.,42,20364,0
CLI-004460,06/01/2025,lundi,tech,France,PME,Pro,1,14,1,7.1%,1,0.2,16,2,0,18,1,,2,3,293.5 €,vert,eu-w3,control,Mécontentement exprimé au support.,7,3610,1
CLI-003754,13/05/2024,lundi, Commerce ,France, TPE ,Pro,9,1,1,"100,0",64,34.1,16,11,1,0,6,,2,0,29.36,vert,us-e1,control,"Client insatisfait, risque de départ.",14,1300,1
CLI-002833,2024-02-03,samedi,Santé,Belgique,TPE,Starter,12,5,4,80.0,23,7.1,8,3,4,0,3,"37,6",2,0,"47,49",clair,ap-s1,control,Mécontentement exprimé au support.,41,662,0
CLI-003937,13 Feb 2024,mardi,PUBLIC,Allemagne,PME,business,12,7,2,,1,0.3,26,4,4,30,5,5.6,3,1,258.52,vert,eu-w1,A,,43,2120,0
CLI-004245,24/07/2022,dimanche,Industrie,,tpe,Pro,31,6,5,83.3,65,"57,5",16,11,6,1,7,13.3,3,0,178.58,violet,ap-s1,control,"Multiples tickets ouverts, friction élevée.",79,9079,0
CLI-000080,07/09/2022,mercredi,Public,France,ETI,enterprise,29,43,10,"23,3",1,"0,3",40,11,8,30,3,"3,8",3,0,4370.22 €,violet,eu-w3,B,,68,286686,0
CLI-004914,04 Jan 2025,samedi,ÉDUCATION,France,ETI, Starter ,1,139,85,61.2,30,"11,7",8,4,0,0,0,9.1,5,0,1883.97,clair,eu-w1,control,RAS.,63,89602,0
CLI-000362,2024-12-24,mardi, Finance ,Belgique,tpe,starter,1,1,1,100.0,53,5.1,8,2,0,2,5,24.5,5,2,12.31,sombre,eu-w3,B,,35,300,0
CLI-004910,2024-03-06,mercredi,Finance,France,PME,Pro,11,53,29,"54,7",23,15.5,16,7,5,0,6,16.4,3,2,1060.2,sombre,ap-s1,control,RAS.,29,15649,1
CLI-001934,2024-07-31,mercredi, Santé ,France,PME,Business,6,38,0,0.0,0,0.0,26,0,0,89,0,"0,8",5,0,1558.43,bleu,eu-w1,control,,0,24280,1
CLI-003487,10/01/2025,vendredi,Éducation,France,ETI,Pro,1,32,8,25.0,3,0.6,16,3,0,25,3,12.8 h,3,3,700.93 €,clair,eu-w1,control,,0,4598,1
CLI-001410,05/07/2023,mercredi,TECH,France,tpe,Enterprise,19,4,0,0.0,0,"0,0",40,0,0,121,10,5.2,3,0,366.03,bleu,eu-w1,control,,1,15608,1
CLI-000313,02 Jan 2024,mardi,Tech,Allemagne,PME,BUSINESS,13,54,24,"44,4",5,1.4,26,4,4,3,3,"5,1",3,2,2863.66,sombre,eu-w1,B,RAS.,57,75142,0
CLI-004381,06/11/2023,lundi, Santé ,Suisse,pme, Business ,15,14,9,,47,33.2,26,13,1,1,4,,3,0,"793,53",clair,eu-w3,A,,59,14966,0
CLI-003624,09 Jan 2025,jeudi,Santé,Allemagne,TPE,Pro,1,6,4,"66,7",28,22.2,16,6,0,1,5,18.6,1,4,146.69,sombre,us-e1,A,,9,2526,1
CLI-003739,02 Dec 2023,samedi,COMMERCE,France,GE,Pro,14,535,133,24.9%,1,"0,3",16,2,3,6,3,14.2,4,1,14446.57,vert,ap-s1,A,Déploiement interne limité.,43,201385,0
CLI-001454,12/06/2024,mercredi,SANTÉ,France,PME, Starter ,8,43,12,27.9,2,"0,3",8,3,1,3,0,25.9,4,2,457.75,sombre,us-e1,B,,51,8258,0
CLI-000271,2024-11-23,samedi,Industrie,Canada,PME,Pro,2,49,25,"51,0",39,16.9,16,10,0,1,6,18.5 h,2,2,1398.34 €,violet,eu-w1,control,Mécontentement exprimé au support.,3,76825,1
CLI-003002,15 Jan 2024,lundi,tech,Allemagne,ETI, Business ,13,45,21,46.7,42,39.5,26,17,0,1,6,10.6,,0,2574.41,sombre,eu-w1,B,,56,253322,0
CLI-000944,08/08/2023,mardi,Santé,France,TPE,PRO,18,8,5,62.5,18,6.2,16,1,7,1,3,,4,0,"267,47",vert,eu-w3,A,,67,5922,0
CLI-004105,05 Jul 2024,vendredi,Santé,France, PME ,Business,7,27,8,29.6,1,"0,3",26,1,2,13,2,6.2,4,1,913.81 €,sombre,eu-w1,B,,57,12739,0
CLI-001603,12 Dec 2023,mardi,commerce,France,TPE,PRO,14,2,1,50.0,8,5.6,16,6,7,2,0,6.8,4,0,"48,68",sombre,eu-w1,control,"Compte engagé, ambassadeur potentiel.",74,479,0
CLI-003674,2024-09-27,vendredi,COMMERCE,Canada,PME,PRO,4,49,34,69.4%,52,"55,6",16,7,1,1,1,9.5 h,5,1,"1271,4",vert,eu-w1,B,RAS.,58,14596,0
CLI-004729,02 Jan 2025,jeudi,Éducation,France, PME , Pro ,1,58,14,24.1,2,"0,2",16,3,0,21,8,"22,7",1,3,"968,35",clair,eu-w3,A,"Client insatisfait, risque de départ.",0,15087,1
CLI-000934,25 Sep 2024,mercredi,Commerce,France,eti,Pro,4,69,54,"78,3",57,18.6,16,8,0,5,4,,4,3,"1190,81",vert,ap-s1,control,,10,9765,1
CLI-000993,08 Oct 2024,mardi,Commerce,France,TPE,Starter,4,2,0,0.0%,0,"0,0",8,0,0,68,3,16.9 h,3,0,16.99,sombre,ap-s1,A,Usage en forte baisse ce trimestre.,0,300,1
CLI-003083,28 Oct 2024,lundi,Industrie,Allemagne,ETI,pro,3,182,148,81.3,51,"31,2",16,8,0,1,1,7.6,5,1,4836.44,bleu,eu-w1,control,,55,23795,0
CLI-001770,10/01/2024,mercredi,santé,France,PME,Starter,13,48,26,"54,2",16,1.9,8,2,3,1,9,,3,0,658.45,bleu,ap-s1,B,Support très sollicité récemment.,49,19437,0
CLI-003605,01 Jan 2025,mercredi,Éducation,France,ETI, Enterprise ,1,84,23,27.4,5,2.4,40,16,0,2,6,,2,3,8381.99,vert,eu-w1,control,"Client insatisfait, risque de départ.",11,336788,1
CLI-004296,2024-10-25,vendredi,Commerce,France,tpe,STARTER,3,7,6,85.7,39,"2,1",8,3,1,3,1,26.5 h,3,2,"85,23",vert,eu-w3,B,Compte dans la moyenne.,54,3494,0
CLI-000296,2023-10-12,jeudi,commerce,France,TPE,Starter,16,11,3,27.3,7,0.4,8,1,3,3,2,"18,9",3,0,130.51,vert,eu-w1,A,Suivi standard.,34,6100,1
CLI-000671,02 Jul 2024,mardi, Finance ,Suisse,PME,business,7,46,14,30.4,1,"0,1",26,3,0,10,1,3.0,4,1,2073.25,bleu,eu-w3,B,Suivi standard.,20,54402,1
CLI-003243,2023-11-10,vendredi,Commerce,France,TPE,STARTER,15,4,2,50.0,19,9.9,8,4,8,8,1,15.8 h,4,2,42.4,bleu,ap-s1,A,Client très satisfait et actif.,61,939,0
CLI-001181,2024-01-13,samedi,Finance,Belgique,TPE,BUSINESS,13,5,3,60.0,27,4.2,26,8,2,1,5,8.1,2,2,228.29 €,sombre,eu-w1,control,,59,3370,0
CLI-003030,13/04/2023,jeudi,TECH,Espagne,GE,enterprise,22,366,61,16.7,4,"0,3",40,13,6,0,1,2.3,3,0,33206.95,sombre,eu-w3,A,Déploiement interne limité.,73,735202,0
CLI-002431,09 Jun 2023,vendredi,Tech,France,TPE,starter,20,10,1,"10,0",1,0.3,8,0,4,18,1,11.1,4,0,130.14 €,clair,us-e1,control,,61,3095,0
CLI-001217,16/04/2023,dimanche,Santé,France,PME,Business,22,41,10,,1,"0,4",26,7,2,9,2,,2,0,1945.29,vert,ap-s1,B,,60,57425,0
CLI-000476,2024-08-29,jeudi,,Belgique,PME,PRO,5,34,31,"91,2",71,"32,2",16,10,0,1,2,8.0,4,2,1057.81 €,violet,ap-s1,B,Compte dans la moyenne.,51,19083,0
CLI-001306,10 Jan 2024,mercredi,,France, TPE ,Pro,13,8,5,"62,5",20,4.3,16,6,5,0,5,"12,2",3,,212.93,bleu,us-e1,B,,53,5762,0
CLI-004650,04/12/2022,dimanche,Santé,France,PME,Pro,26,19,7,36.8%,6,"0,4",16,7,7,8,1,"7,0",4,0,417.96,clair,eu-w3,B,"Compte engagé, ambassadeur potentiel.",86,8225,0
CLI-002650,01 Dec 2023,vendredi,FINANCE,France,TPE,Starter,14,1,1,100.0%,58,48.6,8,3,3,0,1,39.8 h,2,0,13.83,sombre,eu-w3,control,,55,590,0
CLI-003040,14/12/2023,jeudi,finance,France, ETI ,Business,14,178,68,38.2,1,,26,6,5,2,7,"7,9",2,0,8229.31,violet,eu-w3,control,,48,175449,0
CLI-002397,22/12/2022,jeudi,SANTÉ,Suisse,TPE,Starter,26,11,7,63.6,22,7.9,8,4,4,0,3,29.8,3,0,"135,74",sombre,ap-s1,A,RAS.,67,4118,0
CLI-000956,31 Jul 2024,mercredi,PUBLIC,France,TPE,starter,6,1,1,100.0%,1,0.1,8,1,2,6,0,,5,0,,sombre,eu-w3,B,,73,300,0
CLI-003421,15/10/2023,dimanche, Tech ,France,pme,Pro,16,56,30,53.6,22,"9,9",16,5,8,0,0,6.8,5,0,1482.63,sombre,ap-s1,B,Client très satisfait et actif.,81,21884,0
CLI-003208,2023-11-06,lundi, Finance ,Canada,ETI,Pro,15,172,85,49.4,26,11.3,16,6,,1,1,11.7,4,0,4458.51,vert,eu-w3,B,"Compte engagé, ambassadeur potentiel.",57,98711,0
CLI-002165,28/12/2024,samedi, Finance ,Allemagne,PME,Starter,1,46,33,"71,7",55,"44,9",8,3,0,1,2,,3,0,455.63 €,violet,us-e1,B,,43,2615,0
CLI-001894,2024-06-07,vendredi,Tech,France, PME ,Pro,8,27,14,"51,9",33,17.6,16,10,1,1,2,13.7 h,3,3,,vert,eu-w1,A,,21,8691,1
CLI-001705,2024-08-29,jeudi, Commerce ,Allemagne, GE , Business ,5,251,103,"41,0",22,12.3,26,10,1,1,1,8.1,3,2,11097.82,bleu,ap-s1,control,,52,182004,0
CLI-001497,2024-10-27,dimanche, Commerce ,France,eti,starter,3,172,50,29.1,1,"0,4",8,1,1,12,4,32.6,2,1,2338.11,clair,us-e1,A,"Client insatisfait, risque de départ.",17,69021,1
CLI-001704,29/02/2024,jeudi, Commerce ,France,pme, Pro ,11,55,20,"36,4",3,1.2,16,2,2,26,0,"10,6",3,1,1458.76,violet,eu-w1,control,,51,13158,0
CLI-000503,2022-12-06,mardi,Public,France,TPE,starter,26,6,5,"83,3",70,25.6,8,5,9,2,1,22.1 h,4,0,79.32,vert,eu-w1,A,,80,3512,0
CLI-004470,2024-11-10,dimanche,ÉDUCATION,France,TPE,Starter,3,1,1,100.0%,77,52.4,8,4,2,0,6,36.2 h,2,0,10.92,vert,eu-w3,A,"Client insatisfait, risque de départ.",6,300,1
CLI-000255,2024-03-29,vendredi,Industrie,France,ETI,Business,10,63,0,0.0,0,"0,0",26,0,0,34,1,6.4,3,1,"3218,02",clair,eu-w3,A,,39,155688,0
CLI-001543,27/12/2024,vendredi,SANTÉ,Suisse,ETI,Pro,1,168,0,0.0,0,"0,0",16,0,0,30,1,12.1,5,2,3432.57,sombre,eu-w1,control,,40,50665,0
CLI-003604,2024-06-12,mercredi,Commerce,France,GE,Business,8,454,263,57.9,34,,26,10,5,1,0,3.4,3,0,17456.38 €,clair,ap-s1,A,Suivi standard.,58,314913,0
CLI-001679,29 Oct 2024,mardi,Santé,France, TPE ,pro,3,8,2,25.0,1,0.1,16,2,0,10,0,4.9,4,1,173.53,bleu,eu-w1,B,,55,2704,0
CLI-001937,13 Sep 2023,mercredi,Public,Espagne,pme,Pro,17,55,39,70.9%,26,7.0,16,9,1,1,0,"0,5",5,0,1193.97,sombre,eu-w1,B,,71,20560,0
CLI-000133,13/06/2023,mardi,PUBLIC,France, PME ,Pro,20,38,19,50.0,10,2.4,16,4,5,11,4,18.1,2,0,914.55,bleu,us-e1,B,Mécontentement exprimé au support.,58,23248,0
CLI-002068,2025-01-06,lundi, Finance ,Allemagne,eti, Business ,1,118,34,28.8%,5,"4,1",26,4,0,1,2,"10,1",2,3,5749.65,vert,eu-w1,control,,45,75435,0
CLI-003132,2024-09-01,dimanche,finance,France,PME,Business,5,52,11,21.2,1,0.1,26,3,1,8,1,,3,1,2257.29,vert,eu-w1,A,,39,18510,0
CLI-004730,2023-10-12,jeudi,COMMERCE,Allemagne, TPE ,starter,16,9,3,33.3,9,0.4,8,1,3,2,5,"32,8",2,0,97.17,violet,eu-w1,control,,20,1753,1
CLI-001534,09 Apr 2024,mardi,finance,France,TPE,Business,10,9,7,77.8,69,62.0,26,12,3,1,6,"7,8",2,0,372.31,bleu,us-e1,A,Mécontentement exprimé au support.,63,2137,0
CLI-002076,10 Sep 2024,mardi,,France,TPE,starter,5,8,6,"75,0",41,27.6,8,3,4,3,5,34.3,3,3,"113,35",violet,us-e1,control,RAS.,43,1952,0
CLI-000282,27/09/2024,vendredi,Éducation,Allemagne,PME, Business ,4,24,9,37.5,12,2.3,26,8,1,0,0,0.5,5,4,,violet,us-e1,B,,54,11433,0
CLI-000214,2024-10-10,jeudi,Finance,France,GE,Pro,4,876,594,67.8,10,3.6,16,7,0,0,2,9.1,5,2,24911.02,sombre,ap-s1,B,RAS.,52,490249,0
CLI-003569,07 Aug 2024,mercredi, Industrie ,France, GE ,Enterprise,6,173,156,90.2,93,48.7,40,16,1,1,6,3.6,3,1,"15212,65",violet,ap-s1,control,Compte dans la moyenne.,40,149692,0
CLI-004324,29/02/2024,jeudi,Commerce,Suisse,tpe,STARTER,11,10,9,90.0,113,"100,7",8,4,1,2,2,20.2,5,2,151.16,bleu,ap-s1,B,,64,3471,0
CLI-002661,13/04/2024,samedi,Tech,Espagne,PME,Pro,10,18,6,"33,3",1,"0,3",16,5,1,0,2,11.0,4,0,397.26,clair,eu-w3,control,,69,7167,0
CLI-001320,23 Nov 2024,samedi,Public,France,GE,ENTERPRISE,2,783,533,"68,1",22,"15,1",40,16,0,0,1,"2,2",3,2,54739.74,bleu,eu-w3,control,,49,538639,0
CLI-002232,04 Dec 2023,lundi, Santé ,France, ETI ,Pro,14,150,98,"65,3",31,15.7,16,7,0,1,5,15.3 h,2,,3877.17,vert,us-e1,A,Mécontentement exprimé au support.,44,44510,0
CLI-003023,12 Mar 2024,mardi, Finance ,Belgique,TPE, Starter ,11,6,1,"16,7",1,0.9,8,3,1,8,3,29.5,2,,68.72,violet,eu-w3,control,Mécontentement exprimé au support.,12,1747,1
CLI-004916,09 May 2024,jeudi,éducation,France,eti, Business ,9,30,0,0.0,0,"0,0",26,0,0,45,5,10.0 h,4,0,1426.31,bleu,us-e1,A,,8,9357,1
CLI-002140,11/01/2024,jeudi,Finance,France,PME,STARTER,13,58,20,34.5%,9,3.4,8,5,3,6,13,50.0,1,2,"745,06",vert,eu-w3,B,"Client insatisfait, risque de départ.",0,9164,1
CLI-001296,04 Sep 2023,lundi,COMMERCE,Allemagne,GE,Business,17,653,196,30.0,8,"3,6",26,11,3,0,0,2.6,5,0,32988.72 €,sombre,eu-w1,control,"Compte engagé, ambassadeur potentiel.",74,703320,0
CLI-001102,2024-05-03,vendredi,Santé,France, PME ,Starter,9,24,17,"70,8",52,12.5,8,3,3,0,2,25.5,3,1,394.48,vert,us-e1,B,,29,9704,1
CLI-002831,14 Aug 2023,lundi, Finance ,Canada,eti,Business,18,72,39,54.2,21,5.6,26,14,4,0,7,9.7,3,0,4466.39 €,violet,eu-w1,control,,70,168472,0
CLI-001757,03 Jun 2023,samedi,tech,Espagne,PME, Pro ,20,58,22,"37,9",4,"0,5",16,5,2,4,2,15.8,2,0,1392.14,clair,us-e1,control,Mécontentement exprimé au support.,59,17123,0
CLI-003127,13/03/2024,mercredi,tech,France,TPE,Pro,11,9,4,44.4,9,5.2,16,4,5,3,1,"4,8",5,0,237.73 €,vert,ap-s1,A,,70,2729,0
CLI-000149,03 Jul 2023,lundi,Santé,Belgique,TPE,starter,19,6,2,33.3,5,2.6,8,4,4,1,1,19.7 h,4,0,71.36,clair,eu-w1,A,Client très satisfait et actif.,70,995,0
CLI-002365,2024-12-11,mercredi,Éducation,France, PME ,Business,2,41,23,56.1,17,2.7,26,6,0,0,4,"5,2",4,2,1761.14,clair,us-e1,A,,25,37548,1
CLI-000319,01/01/2025,mercredi, Commerce ,Suisse,ETI,BUSINESS,1,67,34,50.7%,15,"5,1",26,10,,0,0,1.7,4,4,"2655,94",violet,eu-w1,control,Compte dans la moyenne.,21,26134,1
CLI-000512,04/09/2024,mercredi,Tech,France,ETI,Pro,5,193,143,74.1,52,28.6,16,6,0,1,2,12.8,3,0,"5228,1",violet,eu-w3,A,RAS.,22,98602,1
CLI-000068,29 Apr 2024,lundi,Tech,France,ETI,Enterprise,9,118,0,,0,0.0,40,0,0,42,4,"4,9",2,4,8899.84 €,violet,us-e1,control,,5,153255,1
CLI-000620,13/12/2023,mercredi,Finance,France,pme,Pro,14,14,6,42.9,16,9.4,16,8,2,0,2,10.8,5,0,371.89,clair,eu-w1,B,,71,4574,0
CLI-003638,06/08/2024,mardi,Commerce,Belgique,PME,Pro,6,21,12,57.1,20,,16,6,1,0,0,6.8,5,0,444.51,bleu,ap-s1,control,,71,5103,0
CLI-000875,14 Nov 2023,mardi,Commerce,France,PME,STARTER,15,26,15,,34,11.9,8,3,5,1,2,,,0,352.63,violet,eu-w1,A,"Compte engagé, ambassadeur potentiel.",67,3181,0
CLI-004065,01 Nov 2024,vendredi,Commerce,France,PME, Enterprise ,3,17,10,58.8,35,9.1,40,19,2,1,0,1.4 h,4,2,"1244,8",clair,us-e1,control,,53,9187,0
CLI-000415,2023-03-18,samedi,COMMERCE,Suisse,TPE,Starter,23,5,4,80.0,72,,8,5,3,1,0,7.6,5,0,"65,3",bleu,ap-s1,A,,76,2302,0
CLI-002275,2024-06-08,samedi,industrie,France,TPE, Starter ,8,3,1,"33,3",11,"7,7",8,5,2,2,1,"14,9",5,3,31.18,bleu,us-e1,B,,45,562,0
CLI-001598,04 Jan 2024,jeudi,Industrie,Canada,PME,Business,13,44,24,54.5%,28,13.9,26,13,3,0,0,1.9 h,5,1,2341.76 €,sombre,eu-w3,B,,66,230429,0
CLI-001434,2023-11-14,mardi,Éducation,Canada,GE, Enterprise ,15,884,829,93.8,71,50.8,40,22,4,0,5,4.5,3,0,76511.23,vert,us-e1,B,,76,1882176,0
CLI-002915,08 Mar 2024,vendredi,santé,Espagne,PME,Pro,11,43,36,83.7,55,29.2,16,9,1,2,4,14.7,2,0,1289.1 €,clair,eu-w3,control,,18,48625,1
CLI-004209,15 Sep 2023,vendredi,,Belgique,TPE,Starter,17,9,4,,11,"6,9",8,1,,2,0,19.2,4,0,119.99,sombre,eu-w3,A,,76,1968,0
CLI-003440,12 Sep 2023,mardi,Commerce,France, ETI ,PRO,17,201,174,86.6,86,19.4,16,10,2,1,1,8.9,4,0,5773.9,clair,eu-w1,B,,77,37877,0
CLI-001400,11/09/2024,mercredi,Industrie,Belgique, PME ,Enterprise,5,18,11,61.1,31,"9,8",40,11,0,2,5,4.3,2,1,1468.92,sombre,ap-s1,B,,11,137315,1
CLI-001633,2024-06-07,vendredi,COMMERCE,France,PME,business,8,15,5,33.3,1,"0,3",26,1,1,23,7,8.3,4,2,674.14,vert,eu-w3,A,,19,8845,1
CLI-002062,13 Jun 2024,jeudi, Commerce ,France,pme, Pro ,8,18,16,88.9,75,45.9,16,9,0,1,4,"16,1",1,0,477.61,clair,eu-w1,A,Mécontentement exprimé au support.,49,6266,0
CLI-003994,04 Jan 2025,samedi,Industrie,Belgique,eti,BUSINESS,1,126,45,35.7,11,,26,11,0,4,4,5.8,3,3,"4434,74",clair,eu-w3,control,,2,47274,1
CLI-002975,07/04/2024,dimanche,finance,Allemagne, TPE ,starter,10,6,4,66.7%,31,"17,3",8,3,4,0,0,19.8,,0,62.62 €,vert,us-e1,control,Client très satisfait et actif.,61,359,0
CLI-003138,09/12/2024,lundi,finance,France, TPE ,Pro,2,3,1,33.3%,1,0.4,16,1,0,4,6,14.1 h,4,2,55.65,vert,us-e1,A,,49,319,0
CLI-001242,2023-02-11,samedi,Santé,France, TPE ,Starter,24,3,1,33.3,6,2.2,8,2,3,5,2,24.3,3,0,,vert,us-e1,control,RAS.,53,1602,0
CLI-001236,2024-08-09,vendredi,Commerce,France,ETI,Business,6,42,19,"45,2",24,9.9,26,7,2,1,1,9.6 h,3,1,1751.1,sombre,us-e1,control,RAS.,53,40205,0
CLI-001432,06 Feb 2024,mardi, Finance ,,TPE,Pro,12,7,1,14.3,1,0.1,16,1,3,30,2,13.5 h,3,1,154.67 €,bleu,eu-w1,A,,48,2029,0
CLI-001309,13 Oct 2023,vendredi,Industrie,Belgique,ETI,BUSINESS,16,108,72,66.7%,36,27.9,26,12,,0,3,4.1,3,0,4916.69,sombre,eu-w1,control,Compte dans la moyenne.,76,48380,0
CLI-000889,2024-09-30,lundi, Industrie ,France,tpe, Starter ,4,2,1,50.0%,37,12.0,8,4,0,2,2,23.4,4,4,"28,8",bleu,ap-s1,B,,8,300,1
CLI-002110,02 Jul 2023,dimanche,,France,PME,ENTERPRISE,19,40,21,52.5,3,"0,5",40,11,4,5,3,2.4,5,0,2697.62,vert,eu-w3,B,,63,28757,0
CLI-002782,15 Jul 2023,samedi,Santé,France,PME,Starter,19,51,37,"72,5",56,25.8,8,4,3,2,5,"19,7",4,0,577.54,clair,eu-w1,control,Client très satisfait et actif.,29,15155,1
CLI-004333,03 Jul 2023,lundi,Éducation,France, PME ,Business,19,35,12,"34,3",1,0.5,26,5,4,7,0,2.4,4,0,1920.95 €,sombre,eu-w3,A,Client très satisfait et actif.,69,99236,0
CLI-002724,2024-04-01,lundi,Santé,Suisse,PME,Business,10,52,0,0.0,0,0.0,26,0,0,69,2,5.1,4,2,2297.43 €,violet,us-e1,A,Usage en forte baisse ce trimestre.,12,13187,1
CLI-000534,2023-07-04,mardi,Industrie,,TPE,Starter,19,1,1,100.0%,86,20.7,8,4,10,2,1,20.3 h,5,0,"10,31",vert,eu-w1,A,Client très satisfait et actif.,80,300,0
CLI-001865,18 Jun 2023,dimanche,éducation,France,PME,STARTER,20,9,1,11.1,1,"0,1",8,1,8,30,0,,5,0,"81,1",clair,eu-w1,control,,30,4190,1
CLI-003348,06 Dec 2023,mercredi,Industrie,France,TPE, Starter ,14,9,5,55.6%,23,13.9,8,3,5,3,5,37.3,,,129.86 €,bleu,ap-s1,A,,54,5644,0
CLI-001687,12 May 2023,vendredi,COMMERCE,France,TPE,pro,21,7,2,28.6%,1,0.3,16,0,8,13,0,0.5,5,0,160.95,clair,us-e1,A,Suivi standard.,78,2244,0
CLI-000549,2023-08-16,mercredi,Industrie,Canada,TPE,ENTERPRISE,18,11,3,27.3,1,0.1,40,6,8,30,4,2.6,1,0,927.91,sombre,us-e1,B,,69,18261,0
CLI-001877,2025-01-03,vendredi,FINANCE,Allemagne,TPE,Starter,1,8,4,50.0%,4,1.1,8,1,0,5,0,18.8,3,1,"67,19",vert,us-e1,A,Compte dans la moyenne.,11,606,1
CLI-000798,29 Dec 2024,dimanche,Éducation,Suisse,PME,pro,1,35,17,48.6%,19,"8,9",16,5,0,2,1,,5,0,726.45,bleu,us-e1,B,,60,4170,0
CLI-000868,2024-12-27,vendredi, Éducation ,France,TPE,Starter,1,5,1,20.0,1,0.1,8,0,0,3,11,28.3,3,3,42.19,vert,eu-w1,B,"Multiples tickets ouverts, friction élevée.",0,381,1
CLI-000249,2025-01-04,samedi, Tech ,Allemagne, PME ,Pro,1,53,44,"83,0",26,,16,3,0,2,0,7.6,4,1,"1344,94",bleu,eu-w1,control,RAS.,49,17646,0
CLI-002253,2023-08-12,samedi,Commerce,Canada,PME,Pro,18,18,11,61.1%,7,0.5,16,7,4,2,7,16.2,3,0,432.74,clair,us-e1,control,Support très sollicité récemment.,53,15258,0
CLI-001762,09/10/2023,lundi,tech,Allemagne,eti,Enterprise,16,201,17,8.5,1,0.3,40,1,5,14,2,,4,0,14771.81 €,bleu,eu-w1,B,,58,278596,0
CLI-003432,28/07/2024,dimanche,Tech,Belgique,eti,Pro,6,199,0,,0,0.0,16,0,0,74,1,9.2,4,1,5224.02,clair,us-e1,control,"Compte peu actif, relance nécessaire.",0,145646,1
CLI-002428,15/01/2024,lundi,COMMERCE,France,TPE,Starter,13,1,1,100.0,12,"4,7",8,2,2,1,0,16.7,5,0,13.28,violet,us-e1,B,RAS.,71,414,0
CLI-003558,01/04/2024,lundi,Santé,France,ETI,Business,10,96,35,36.5%,10,1.5,26,5,3,1,11,10.1,3,1,3644.47,violet,eu-w1,B,Support très sollicité récemment.,49,35862,0
CLI-004005,2024-12-25,mercredi, Finance ,France,PME,Starter,1,24,10,41.7,15,11.2,8,4,0,1,0,15.3,5,1,"237,47",violet,us-e1,B,,48,2337,0
CLI-002118,2024-02-27,mardi,,,ETI,Enterprise,11,164,57,34.8,6,"1,6",40,12,2,1,0,"5,6",4,0,14018.45,vert,eu-w1,A,Compte dans la moyenne.,84,160932,0
CLI-000071,2024-09-08,dimanche,Tech,France,pme,pro,5,44,24,54.5%,32,"13,8",16,6,0,2,7,,4,,875.41,vert,ap-s1,A,Support très sollicité récemment.,49,7896,0
CLI-002531,2024-07-26,vendredi,Finance,Allemagne,PME,Starter,6,54,29,53.7%,46,20.2,8,3,3,0,0,"11,0",5,0,639.71 €,violet,ap-s1,control,Client très satisfait et actif.,57,19933,0
CLI-000073,10/10/2023,mardi,Éducation,France, TPE ,Starter,16,10,3,30.0%,3,0.6,8,2,,6,0,6.9 h,5,,104.37,sombre,ap-s1,B,Client très satisfait et actif.,74,1455,0
CLI-001105,27 Dec 2024,vendredi,Éducation,France,ETI,Business,1,93,21,22.6,9,"2,1",26,4,0,3,0,"9,8",3,3,4176.7,clair,us-e1,A,Déploiement interne limité.,41,123296,0
CLI-000773,2024-04-03,mercredi,tech,Allemagne,ETI,Enterprise,10,37,3,8.1,1,0.1,40,4,1,30,5,2.6,3,0,3002.72,vert,eu-w3,B,,53,17236,0
CLI-003229,16/01/2024,mardi,,France,TPE,Business,13,5,2,40.0,1,0.3,26,8,4,3,5,8.4,3,0,173.74,violet,eu-w3,B,,56,2137,0
CLI-002978,10/02/2024,samedi,Tech,France,TPE,Starter,12,1,1,"100,0",51,29.9,8,5,1,0,1,11.1,,0,12.89,clair,us-e1,control,Suivi standard.,57,300,0
CLI-000486,2023-04-12,mercredi,TECH,France,PME,Business,22,10,4,40.0%,8,"5,3",26,1,,0,2,3.8 h,3,0,478.1 €,bleu,ap-s1,control,RAS.,74,45085,0
CLI-003109,09 Jun 2024,dimanche, Santé ,Canada,ETI,Business,8,178,90,"50,6",20,10.7,26,10,2,0,6,7.3,2,2,7640.87,clair,ap-s1,A,"Client insatisfait, risque de départ.",54,131576,0
CLI-003537,08/12/2024,dimanche,tech,France,GE,Enterprise,2,824,159,"19,3",6,"0,3",40,5,1,4,0,6.0,4,3,55054.74,violet,eu-w3,B,,8,270869,1
CLI-001833,11 Sep 2023,lundi,Finance,Espagne,PME,STARTER,17,38,22,57.9,30,18.6,8,1,,2,0,3.1,5,0,414.22,clair,ap-s1,B,"Compte engagé, ambassadeur potentiel.",77,3397,0
CLI-003814,09 Aug 2023,mercredi,Finance,France,PME,business,18,42,20,47.6,14,7.1,26,10,4,0,2,12.6,3,0,1865.09,vert,eu-w3,B,,51,33646,0
CLI-001298,04/12/2024,mercredi,Industrie,,ETI,Starter,2,170,85,,36,30.6,8,3,0,3,17,"41,1",1,1,"1657,17",bleu,us-e1,control,,0,12230,1
CLI-004766,2024-04-15,lundi,Santé,Espagne,pme,PRO,10,30,8,26.7,2,,16,9,0,1,5,"13,3",3,1,781.72 €,sombre,eu-w1,A,RAS.,5,12179,1
CLI-004567,2023-12-01,vendredi,Tech,Espagne, PME ,BUSINESS,14,9,0,0.0,0,0.0,26,0,0,58,0,,3,0,343.93,vert,us-e1,B,,17,2256,1
CLI-000094,2023-02-04,samedi,Public,France,TPE,starter,24,6,1,16.7,1,"0,2",8,2,9,8,0,,4,0,77.39 €,sombre,ap-s1,control,,75,698,0
CLI-004843,30 Jun 2024,dimanche,,Canada,tpe,Business,7,6,4,"66,7",45,"33,1",26,7,1,0,1,8.3,4,1,244.08,violet,us-e1,B,Compte dans la moyenne.,66,2402,0
CLI-002566,02/01/2025,jeudi,finance,Belgique, PME ,starter,1,21,9,42.9,19,3.5,8,1,0,1,6,,3,2,236.33,sombre,ap-s1,A,,36,2325,0
CLI-004828,2023-09-05,mardi,,Espagne,ge,Enterprise,17,790,290,36.7%,1,0.3,40,14,3,16,3,2.9,3,0,45003.9,vert,eu-w1,B,,66,147613,0
CLI-004716,2023-12-17,dimanche,TECH,Espagne, PME , Starter ,14,14,1,"7,1",1,"0,4",8,2,3,9,0,"9,6",4,0,165.03,sombre,ap-s1,B,,44,1759,0
CLI-004257,2024-10-05,samedi,Éducation,France,PME,pro,4,52,40,76.9,51,28.2,16,4,3,0,1,12.5,4,,1503.83,clair,ap-s1,A,,51,19730,0
CLI-002114,2024-04-14,dimanche,COMMERCE,France,PME,Starter,10,13,9,69.2,50,12.6,8,4,1,2,0,15.0,5,1,173.99,violet,eu-w3,A,Compte dans la moyenne.,44,6706,0
CLI-004572,07 Feb 2024,mercredi,,Allemagne,TPE,PRO,12,8,5,62.5,31,3.5,16,7,1,2,0,6.0 h,5,0,239.77,violet,ap-s1,control,,73,23004,0
CLI-002281,2024-04-05,vendredi,commerce,France,PME,Pro,10,55,24,43.6,3,"0,8",16,5,5,4,1,,3,0,1222.06,clair,eu-w3,B,Suivi standard.,53,21044,0
CLI-001888,10/04/2024,mercredi, Finance ,Allemagne,ETI,Pro,10,154,121,,31,17.6,16,5,0,1,4,15.0,2,0,3637.79,vert,eu-w3,control,Mécontentement exprimé au support.,39,68609,0
CLI-001854,07 Sep 2023,jeudi,SANTÉ,France,TPE,PRO,17,8,5,"62,5",45,17.0,16,6,9,0,1,11.9,3,0,185.8 €,bleu,eu-w3,control,,88,1371,0
CLI-000610,2024-02-15,jeudi,Tech,France,TPE, Starter ,12,4,1,"25,0",3,"1,4",8,3,1,1,3,34.6,2,0,48.89,clair,ap-s1,A,"Client insatisfait, risque de départ.",36,300,0
CLI-004980,23 Dec 2024,lundi,commerce,Allemagne,tpe,Starter,1,6,4,66.7,56,39.6,8,2,0,0,1,17.7,5,1,66.24,vert,us-e1,A,,17,489,1
CLI-001952,17/07/2023,lundi,PUBLIC,France,PME,Business,19,52,22,"42,3",24,10.9,26,9,1,0,1,8.6,4,0,"2495,39",sombre,eu-w3,A,,66,59340,0
CLI-004970,24 Nov 2024,dimanche, Public ,France, GE ,Enterprise,2,417,103,"24,7",1,0.1,40,7,,2,5,4.4,,0,,clair,us-e1,B,"Client insatisfait, risque de départ.",40,103191,0
CLI-004018,25/12/2024,mercredi,Public,Belgique,PME,BUSINESS,1,52,28,53.8%,23,"1,2",26,8,0,1,4,9.0,2,0,2302.31,bleu,us-e1,control,"Client insatisfait, risque de départ.",26,15103,1
CLI-002716,2023-07-20,jeudi,TECH,Allemagne, ETI , Business ,19,175,111,63.4,9,"0,8",26,7,1,4,1,0.6,4,0,8134.88,bleu,eu-w1,control,,69,333530,0
CLI-000753,2024-08-11,dimanche,FINANCE,France,PME,Business,6,42,25,"59,5",32,25.9,26,12,3,1,0,9.0,3,0,2074.02,violet,eu-w1,control,Compte dans la moyenne.,64,122450,0
CLI-004812,2024-09-04,mercredi, Tech ,France,GE,business,5,181,70,38.7%,1,"0,2",26,6,1,7,3,4.8,4,1,,vert,ap-s1,A,,53,161413,0
CLI-002857,2024-10-11,vendredi,Éducation,France,pme,Pro,4,9,5,55.6,43,16.3,16,8,1,0,4,,3,2,250.84,bleu,eu-w3,B,Compte dans la moyenne.,48,6171,0
CLI-000595,05 Nov 2024,mardi, Industrie ,Suisse,GE,Enterprise,3,456,257,56.4,37,32.9,40,18,0,1,1,4.4,4,1,32221.15,violet,ap-s1,B,RAS.,68,607691,0
CLI-004392,10 Jan 2025,vendredi,Industrie,France,TPE,Starter,1,2,1,50.0,1,"0,1",8,1,1,1,11,39.1,,2,"23,38",sombre,eu-w1,A,,0,300,1
CLI-001133,16/03/2023,jeudi, Finance ,Allemagne,PME,pro,23,6,1,"16,7",2,0.8,16,8,4,1,8,"20,5",,0,149.11,bleu,us-e1,A,Mécontentement exprimé au support.,39,2934,0
CLI-004428,15 Jun 2023,jeudi,commerce,Suisse,PME,Starter,20,18,7,"38,9",8,3.5,8,1,2,2,4,"38,0",2,,245.16,sombre,us-e1,B,Mécontentement exprimé au support.,47,2814,0
CLI-004746,12 Nov 2023,dimanche,Finance,France, TPE ,pro,15,2,1,50.0,15,"3,5",16,7,0,2,4,"11,0",4,0,50.41,sombre,eu-w1,A,Compte dans la moyenne.,62,496,0
CLI-002524,05/12/2023,mardi, Finance ,France,pme,BUSINESS,14,19,16,84.2%,57,13.4,26,16,4,1,2,7.1,4,0,990.21,vert,eu-w1,B,Client très satisfait et actif.,65,23547,0
CLI-000037,02 Jul 2023,dimanche,Éducation,Canada,PME,Business,19,38,14,36.8,7,3.4,26,15,,2,1,7.4 h,3,0,1889.58,bleu,us-e1,A,RAS.,63,20143,0
CLI-000819,12 Jan 2024,vendredi, Éducation ,Espagne,TPE, Starter ,13,5,3,"60,0",30,32.0,8,3,3,0,0,"20,7",5,0,72.76,vert,ap-s1,A,Client très satisfait et actif.,53,4176,0
CLI-004043,04 Oct 2023,mercredi,Finance,France, PME ,Pro,16,31,17,54.8%,6,0.7,16,3,3,5,0,2.3 h,5,1,757.78,sombre,eu-w1,control,Client très satisfait et actif.,74,13670,0
CLI-000893,2024-11-09,samedi,Éducation,Espagne,ETI,business,3,115,12,10.4%,1,,26,3,1,14,3,7.8,3,2,4409.41,vert,eu-w3,A,,15,28926,1
CLI-004262,29 Feb 2024,jeudi,Commerce,France,TPE,Pro,11,10,4,40.0,16,,16,6,2,5,1,10.3 h,4,2,260.43,sombre,us-e1,B,,19,17511,1
CLI-001612,07 Feb 2024,mercredi,Tech,France,TPE,Business,12,4,2,50.0,30,9.7,26,1,3,2,3,4.6,4,0,194.51,clair,eu-w3,A,,48,7018,0
CLI-003227,09/01/2025,jeudi,Industrie,France,PME,Pro,1,52,23,"44,2",15,"4,0",16,6,0,2,0,"10,1",4,1,1215.33,vert,eu-w3,A,,18,35877,1
CLI-002687,2023-12-02,samedi,Public,France,PME,Starter,14,15,8,"53,3",12,"4,0",8,4,0,11,1,16.3,5,0,216.37,sombre,eu-w1,A,,62,5145,0
CLI-001584,26/06/2024,mercredi,Tech,Espagne,PME,BUSINESS,7,31,0,0.0,0,0.0,26,0,0,48,8,7.6,2,,1547.26,clair,ap-s1,A,Mécontentement exprimé au support.,0,44406,1
CLI-004161,2024-02-12,lundi,COMMERCE,, PME ,Business,12,35,8,22.9,3,"0,6",26,3,3,15,3,6.0,,0,"1267,55",bleu,us-e1,A,,44,9355,0
CLI-000606,10 Jan 2023,mardi,Tech,Belgique, GE ,business,25,679,151,22.2,8,2.4,26,11,7,3,1,,3,0,,sombre,eu-w1,A,Déploiement interne limité.,75,2000000,0
CLI-001024,09 Mar 2024,samedi,Tech,Belgique,PME,pro,11,37,24,64.9%,33,,16,5,1,0,3,9.2,4,1,965.32,vert,us-e1,B,Compte dans la moyenne.,62,7916,0
CLI-002484,2023-10-14,samedi,Finance,Suisse,TPE,Pro,16,2,1,50.0,25,16.1,16,10,2,0,2,15.0,4,0,44.5,clair,eu-w3,control,,62,511,0
CLI-000824,2023-02-12,dimanche, Tech ,France,PME,Starter,24,53,14,26.4%,7,"2,9",8,2,7,2,0,7.3,4,0,537.73,vert,eu-w1,B,,74,16315,0
CLI-002734,09 Oct 2024,mercredi,Éducation,France,PME,BUSINESS,4,19,8,42.1,1,0.3,26,11,0,7,0,6.4,2,3,887.83 €,clair,eu-w3,B,"Client insatisfait, risque de départ.",15,13832,1
CLI-000338,02 Nov 2024,samedi,,France,GE,BUSINESS,3,891,708,,22,8.3,26,11,0,0,2,9.7,5,2,40996.35,sombre,ap-s1,control,Suivi standard.,52,537872,0
CLI-003312,15/03/2024,vendredi,Commerce,France,TPE,Business,11,5,1,20.0%,1,"0,4",26,2,2,0,5,7.0,2,0,222.14,clair,eu-w3,control,"Client insatisfait, risque de départ.",43,3643,0
CLI-002258,2023-06-20,mardi,TECH,,TPE,STARTER,20,11,8,72.7%,55,"17,0",8,3,7,3,4,"21,8",4,0,134.21,bleu,ap-s1,control,,76,1431,0
CLI-000861,01 Apr 2024,lundi,Industrie,Belgique,TPE,Pro,10,3,1,33.3,1,0.1,16,2,,17,2,10.2,4,0,,vert,eu-w3,control,,59,1630,0
CLI-001884,01/05/2024,mercredi,commerce,Suisse, TPE ,Starter,9,6,2,33.3,2,"0,4",8,3,0,5,5,31.3,2,1,75.02,clair,us-e1,control,,8,984,1
CLI-001123,17 Oct 2022,lundi,Industrie,Canada,TPE, Pro ,28,9,4,44.4,42,15.8,16,7,5,1,0,4.3,5,,"259,46",bleu,eu-w1,B,"Compte engagé, ambassadeur potentiel.",96,5106,0
CLI-001173,17 Jul 2023,lundi,COMMERCE,France,TPE,Starter,19,9,6,66.7,38,17.5,8,3,4,1,3,26.7,3,0,"111,08",violet,us-e1,A,RAS.,73,2915,0
CLI-003804,12/04/2024,vendredi, Santé ,Allemagne,TPE,STARTER,10,6,5,83.3,74,37.8,8,3,1,2,1,"25,4",3,1,77.02,vert,us-e1,B,,44,1074,0
CLI-004318,2024-03-08,vendredi,Public,Belgique, ETI ,Business,11,206,143,69.4,50,"5,7",26,14,2,0,0,1.4 h,,,9552.76,bleu,ap-s1,control,,75,234998,0
CLI-001728,31/12/2024,mardi,Commerce,France, TPE ,enterprise,1,4,3,75.0,44,"19,4",40,13,0,1,2,5.4,3,0,,violet,eu-w3,A,,69,7395,0
CLI-001769,11 Jan 2023,mercredi, Tech ,Allemagne,pme,Pro,25,58,23,39.7,24,17.2,16,6,11,1,0,,2,0,1187.65,vert,eu-w3,B,,88,13634,0
CLI-000378,2024-08-11,dimanche,tech,France,TPE,PRO,6,9,6,"66,7",28,12.5,16,8,1,3,2,13.1,4,2,313.26,bleu,eu-w1,B,,42,19009,0
CLI-002083,10/10/2024,jeudi,industrie,France,TPE,Starter,4,8,3,37.5,1,0.1,8,3,1,2,3,25.7,2,0,"88,49",clair,eu-w3,A,"Client insatisfait, risque de départ.",21,2685,1
CLI-001280,06/12/2023,mercredi,Finance,France,PME,Business,14,33,25,75.8%,43,"30,1",26,13,3,2,1,2.2 h,5,1,1673.99 €,violet,us-e1,B,,72,61770,0
CLI-001307,11/06/2024,mardi,Commerce,France,ETI,Starter,8,102,22,21.6,1,"0,2",8,2,2,30,0,9.4,,2,1088.05,vert,eu-w1,B,,17,10706,1
CLI-002443,12 Jul 2024,vendredi,Commerce,Belgique,ETI,Business,7,87,52,"59,8",27,"7,9",26,16,,1,9,"9,7",1,1,,clair,ap-s1,control,Mécontentement exprimé au support.,42,118383,0
CLI-001197,09 Jul 2023,dimanche,Tech,Allemagne,TPE,PRO,19,8,4,50.0,22,20.6,16,7,2,3,0,11.2,5,0,256.75 €,vert,eu-w1,control,,65,22317,0
CLI-000969,14 Apr 2024,dimanche,Commerce,France,ETI,Pro,10,37,27,73.0,63,50.9,16,8,3,0,0,10.5,4,0,985.2,clair,us-e1,control,Client très satisfait et actif.,60,34738,0
CLI-002946,2023-10-05,jeudi,,France,TPE,Starter,16,9,7,,61,43.2,8,1,7,2,3,32.0,4,0,"98,43",clair,eu-w1,A,Client très satisfait et actif.,70,4439,0
CLI-003602,01 Jan 2024,lundi,commerce,France,PME,Starter,13,22,7,31.8,1,0.6,8,3,3,3,1,19.7,4,0,268.08,vert,ap-s1,control,"Compte engagé, ambassadeur potentiel.",66,2638,0
CLI-003082,2024-05-05,dimanche,Public,France,PME,Enterprise,9,43,32,"74,4",57,"70,1",40,19,1,1,4,2.4,4,0,3933.57,bleu,eu-w1,control,,68,229012,0
CLI-002426,14/01/2024,dimanche,Commerce,Belgique,TPE,Pro,13,5,3,60.0%,36,9.6,16,10,2,0,2,14.4,,0,133.13,violet,eu-w1,A,Compte dans la moyenne.,67,2729,0
CLI-003984,2024-01-01,lundi,Finance,France,TPE,Pro,13,1,1,"100,0",21,"4,6",16,4,4,4,1,8.9,3,0,21.56,bleu,ap-s1,A,,60,300,0
CLI-001158,03/03/2024,dimanche,Finance,France,PME,PRO,11,15,6,40.0,16,8.0,16,8,2,2,4,12.7,,1,328.83,violet,us-e1,control,RAS.,52,15100,0
CLI-001967,02 May 2024,jeudi,,,PME,Pro,9,50,43,86.0,54,48.5,16,9,3,1,1,"7,7",4,0,1288.62,bleu,eu-w3,B,Client très satisfait et actif.,65,22190,0
CLI-002504,13/02/2024,mardi,éducation,France,PME,Pro,12,59,22,,12,"8,2",16,7,1,4,4,13.7,2,0,1589.32,bleu,ap-s1,B,,55,28671,0
CLI-003711,09/01/2025,jeudi,commerce,Canada,PME,pro,1,47,9,"19,1",1,0.1,16,0,0,8,2,"16,9",3,2,936.86,clair,eu-w1,B,,0,3073,1
CLI-002425,2024-06-28,vendredi,INDUSTRIE,Canada,PME,Business,7,59,41,"69,5",32,15.7,26,19,0,0,2,3.1,4,1,2557.33 €,clair,eu-w1,control,,57,171955,0
CLI-003331,2024-05-02,jeudi, Industrie ,France,TPE,starter,9,11,4,36.4,2,"0,6",8,1,2,16,6,31.1,2,1,141.95,clair,eu-w1,control,"Client insatisfait, risque de départ.",10,1513,1
CLI-003318,26/07/2024,vendredi, Tech ,Allemagne,PME,Starter,6,9,1,11.1%,1,"0,4",8,1,1,30,2,22.1 h,,2,"80,11",sombre,us-e1,B,Déploiement interne limité.,4,1642,1
CLI-001583,18/07/2023,mardi,ÉDUCATION,Belgique,PME,Pro,19,19,12,"63,2",38,18.3,16,5,6,0,0,5.2,5,0,587.6 €,clair,us-e1,A,,88,16864,0
CLI-001983,08 Dec 2023,vendredi,commerce,France,TPE,Pro,14,7,5,71.4,63,,16,11,3,0,0,11.6,4,0,170.57,vert,us-e1,control,,67,4336,0
CLI-003102,07 Sep 2023,jeudi, Commerce ,Belgique,PME,starter,17,45,42,93.3%,76,"52,8",8,7,6,0,4,30.1,4,0,643.91,bleu,us-e1,control,,60,43297,0
CLI-004509,31/05/2024,vendredi,Finance,France,PME,pro,8,17,8,"47,1",14,1.6,16,10,2,1,4,18.8,3,1,402.0,sombre,us-e1,control,Suivi standard.,59,2637,0
CLI-003158,20 Apr 2023,jeudi,SANTÉ,Allemagne,ETI,ENTERPRISE,22,124,62,,12,10.4,40,3,1,0,7,5.8,1,0,10500.77 €,clair,us-e1,B,,58,111938,0
CLI-000511,2023-08-13,dimanche,PUBLIC,Allemagne,eti,pro,18,109,56,"51,4",13,2.0,16,5,7,1,6,14.6,1,,3073.04,clair,eu-w1,B,Mécontentement exprimé au support.,51,20159,0
CLI-004796,2023-01-11,mercredi, Tech ,France, TPE ,Starter,25,2,1,50.0,19,"4,0",8,3,4,1,3,"33,4",3,0,21.41,violet,eu-w3,A,Suivi standard.,55,300,0
CLI-001367,08/12/2022,jeudi,santé,Allemagne,TPE,starter,26,4,2,50.0%,17,9.8,8,3,5,0,0,23.3,3,0,50.92,bleu,us-e1,A,Compte dans la moyenne.,66,1837,0
CLI-003462,31 Jan 2024,mercredi, Éducation ,France, ETI ,Business,12,86,24,,1,"0,2",26,4,2,6,5,5.9,2,0,3603.94 €,violet,eu-w3,A,"Client insatisfait, risque de départ.",55,26597,0
CLI-002803,2023-11-29,mercredi,Finance,Allemagne, TPE ,STARTER,14,9,4,44.4,11,3.2,8,3,2,0,0,16.9,5,0,108.71,clair,eu-w3,B,Compte dans la moyenne.,59,5705,0
CLI-003910,06 Nov 2024,mercredi, Tech ,France,PME,Pro,3,28,15,53.6,14,2.9,16,4,0,3,3,10.4,4,1,598.2,sombre,ap-s1,control,,54,14716,0
CLI-002363,18/06/2023,dimanche,Commerce,France, PME , Pro ,20,6,3,50.0,23,12.0,16,9,3,1,2,7.6,5,0,173.29,clair,ap-s1,A,,65,6394,0
CLI-002016,14/03/2024,jeudi,,France,ETI,Business,11,86,81,"94,2",101,46.6,26,19,3,0,0,7.3,5,0,"4867,51",sombre,eu-w1,control,,73,259438,0
CLI-004068,20/06/2023,mardi,Santé,France,GE,enterprise,20,459,320,"69,7",23,"11,7",40,15,3,1,2,1.2 h,5,0,46961.4,violet,ap-s1,A,Client très satisfait et actif.,82,1270775,0
CLI-001674,03/01/2025,vendredi,Public,France,PME,Pro,1,52,35,67.3,7,1.2,16,5,0,2,6,"17,5",4,1,1091.62 €,violet,us-e1,control,,15,10742,1
CLI-002011,2023-09-30,samedi,,Canada, PME ,Enterprise,16,43,25,,1,0.1,40,14,4,1,3,4.8,4,0,2748.86,vert,eu-w3,A,,69,29303,0
CLI-004896,04/03/2024,lundi,Industrie,France,TPE,Starter,11,9,5,55.6,8,2.4,8,3,1,1,1,20.8,4,0,116.68 €,bleu,ap-s1,A,Compte dans la moyenne.,57,1818,0
CLI-004192,16 Sep 2023,samedi, Finance ,France,ETI,Enterprise,17,195,113,57.9%,20,"4,9",40,15,3,0,4,"0,5",3,0,12670.05,violet,eu-w1,A,RAS.,70,145452,0
CLI-003386,05 Jan 2025,dimanche,,Suisse,TPE,BUSINESS,1,9,0,0.0,0,"0,0",26,0,0,30,3,"5,6",2,0,279.26,sombre,eu-w3,control,"Client insatisfait, risque de départ.",42,1603,0
CLI-003273,2024-04-04,jeudi,Commerce,Suisse,TPE, Starter ,10,1,1,100.0,22,,8,3,3,2,4,18.4,4,0,11.77,sombre,eu-w1,B,"Compte engagé, ambassadeur potentiel.",58,300,0
CLI-002413,2023-08-12,samedi,Tech,Espagne,TPE,STARTER,18,11,2,18.2,1,0.1,8,2,4,2,2,20.8,3,0,140.52,vert,eu-w1,A,,58,4955,0
CLI-001059,2023-05-09,mardi,commerce,Allemagne,TPE,Enterprise,21,2,1,50.0,7,0.4,40,17,3,8,1,,2,0,163.02 €,clair,ap-s1,A,"Client insatisfait, risque de départ.",62,8555,0
CLI-004868,2022-10-06,jeudi,Public,Belgique,GE,Business,28,643,202,31.4,3,1.6,26,6,8,0,5,2.9,3,0,31814.34,violet,eu-w3,A,,73,913072,0
CLI-001708,19/04/2023,mercredi, Public ,France,TPE,Business,22,6,4,66.7%,18,12.0,26,8,9,0,0,2.0,5,0,"232,68",clair,ap-s1,B,,91,16790,0
CLI-000226,30/05/2024,jeudi,Santé,France,ETI,Business,8,173,0,0.0,0,0.0,26,0,0,56,0,"4,1",4,3,7175.2,sombre,eu-w3,B,,0,35302,1
CLI-000674,04/02/2024,dimanche,Finance,France,TPE, Starter ,12,7,2,,14,"0,7",8,1,3,1,1,4.2,4,0,"78,3",sombre,eu-w1,A,Client très satisfait et actif.,68,899,0
CLI-001425,05 Dec 2024,jeudi, Santé ,France,GE,Enterprise,2,826,596,"72,2",52,27.2,40,15,1,2,4,6.9,2,2,"71684,53",violet,eu-w1,B,,56,2000000,0
CLI-000297,2024-07-29,lundi,Tech,France,tpe,Starter,6,1,1,"100,0",19,"6,2",8,4,1,0,6,32.8,1,1,12.3,vert,eu-w1,B,"Client insatisfait, risque de départ.",8,300,1
CLI-002805,2024-09-27,vendredi, Santé ,Belgique, TPE ,pro,4,3,1,33.3,7,1.8,16,4,0,1,1,14.5,2,2,"71,88",bleu,eu-w1,B,Mécontentement exprimé au support.,41,1120,0
CLI-001649,2022-10-18,mardi,Tech,Belgique,tpe,Pro,28,8,2,25.0%,7,0.4,16,0,4,7,2,13.5,4,0,199.11,bleu,ap-s1,B,,61,2286,0
CLI-002894,06 Jan 2024,samedi,Santé,Allemagne,PME, Pro ,13,42,14,33.3,9,4.9,16,3,2,3,4,15.3,3,1,1028.69,clair,eu-w3,A,RAS.,46,10966,0
CLI-000901,15 Apr 2024,lundi,Tech,France,eti,Business,10,52,29,55.8%,18,,26,9,3,3,4,3.0,4,0,1818.38,vert,ap-s1,B,,58,8946,0
CLI-004731,2023-02-18,samedi,Finance,France,ETI,Business,24,179,34,19.0,1,0.1,26,1,3,3,0,2.7 h,5,,8218.38,violet,eu-w1,control,,68,316736,0
CLI-003755,2023-06-03,samedi,Éducation,Allemagne,ETI,PRO,20,212,118,55.7,7,0.5,16,4,3,2,0,14.1,3,0,5586.12,clair,us-e1,B,,66,96193,0
CLI-003168,06 Jan 2025,lundi, Tech ,Canada,PME, Business ,1,7,2,28.6,1,"0,4",26,9,0,30,3,,,3,317.66 €,clair,eu-w1,control,,5,25527,1
CLI-002688,14 Jun 2024,vendredi,Santé,France,PME, Business ,8,35,26,74.3,67,30.5,26,12,,1,0,1.8,4,4,"1431,05",sombre,eu-w1,A,,62,12908,0
CLI-002697,2024-02-02,vendredi,tech,France,TPE,Starter,12,5,3,"60,0",28,10.5,8,4,1,1,6,31.2,4,0,57.96 €,sombre,us-e1,B,,20,1473,1
CLI-003970,2023-03-15,mercredi, Finance ,France, TPE , Pro ,23,2,1,50.0%,16,8.4,16,6,0,0,1,,4,0,"51,43",violet,eu-w1,B,,73,1096,0
CLI-001420,02/03/2024,samedi,SANTÉ,Espagne,TPE,Starter,11,6,5,83.3,60,30.2,8,5,4,0,1,20.9 h,5,1,78.13,clair,ap-s1,control,,75,3267,0
CLI-000190,2023-08-05,samedi,,Suisse,tpe,Starter,18,6,2,33.3,1,,8,2,2,7,7,25.2,3,0,76.78 €,vert,us-e1,B,"Multiples tickets ouverts, friction élevée.",9,1826,1
CLI-000697,02 May 2024,jeudi,Tech,France,PME,Business,9,10,6,60.0%,47,28.4,26,14,1,0,4,10.1,4,0,462.65,vert,eu-w1,control,Suivi standard.,62,2656,0
CLI-002041,04/03/2024,lundi,Santé,France,PME,Enterprise,11,15,4,26.7,7,"1,5",40,11,5,19,0,2.7,4,0,1327.41,sombre,ap-s1,A,Suivi standard.,70,28300,0
CLI-003699,2023-12-12,mardi,industrie,France,GE,BUSINESS,14,882,635,72.0,44,"26,2",26,16,3,0,2,6.0,4,0,49788.0,vert,us-e1,B,,61,489914,0
CLI-004946,21/05/2023,dimanche,Santé,,PME,Starter,21,44,31,70.5,46,33.4,8,3,3,0,0,"14,5",5,0,,sombre,ap-s1,control,"Compte engagé, ambassadeur potentiel.",61,8905,0
CLI-004393,2024-09-01,dimanche,industrie,France,eti, Business ,5,118,104,88.1,68,20.8,26,17,1,0,0,0.5,4,0,5317.55,bleu,eu-w3,A,,63,61045,0
CLI-004196,09/07/2024,mardi,finance,France,PME, Pro ,7,48,30,62.5,51,32.3,16,9,3,1,1,13.7,4,2,1404.09 €,vert,ap-s1,A,Client très satisfait et actif.,57,25330,0
CLI-003284,17 Aug 2023,jeudi,Tech,France,tpe,starter,18,5,4,"80,0",72,33.7,8,3,6,0,1,19.2,5,0,68.28 €,violet,us-e1,control,Client très satisfait et actif.,81,2240,0
CLI-002893,2024-06-14,vendredi,Santé,Espagne,TPE,ENTERPRISE,8,11,9,81.8,41,,40,19,3,0,2,1.3,4,,850.22,clair,ap-s1,control,"Compte engagé, ambassadeur potentiel.",59,17430,0
CLI-003216,2024-06-11,mardi,Tech,Espagne,PME,Pro,8,7,4,57.1,29,"22,4",16,6,2,0,1,11.3,3,0,"202,71",clair,us-e1,control,,68,2327,0
CLI-000498,07 Sep 2023,jeudi,FINANCE,Belgique,PME,enterprise,17,46,26,"56,5",30,"22,2",40,12,2,0,0,0.9,4,0,3169.69 €,bleu,ap-s1,B,,81,122160,0
CLI-003693,2024-02-28,mercredi,Santé,Allemagne,GE,Enterprise,11,870,0,"0,0",0,0.0,40,0,0,56,3,2.1,3,1,70940.69,violet,eu-w1,control,Faible adoption des sièges.,7,1977826,1
CLI-004720,26/10/2024,samedi,Finance,Canada,TPE,Starter,3,7,5,"71,4",46,,8,3,1,1,0,15.0,4,3,95.37,violet,ap-s1,control,,51,1329,0
CLI-000920,10/11/2023,vendredi,Éducation,France, TPE ,PRO,15,7,2,28.6,12,"0,6",16,3,4,8,7,15.1,3,0,178.75,bleu,eu-w3,A,Support très sollicité récemment.,56,1759,0
CLI-004967,04 Mar 2024,lundi, Public ,France,ETI,Enterprise,11,117,0,0.0,0,0.0,40,0,0,32,0,4.5,3,0,9813.56,bleu,us-e1,control,Déploiement interne limité.,53,144848,0
CLI-002475,2024-04-07,dimanche,Industrie,Espagne,TPE,Business,10,4,2,"50,0",22,"5,5",26,11,2,1,0,3.5,5,0,190.89,clair,eu-w3,control,,71,1565,0
CLI-003995,11 Jan 2024,jeudi, Commerce ,,tpe, Starter ,13,5,1,20.0%,2,0.7,8,2,4,17,2,16.0,5,1,62.38,clair,eu-w1,A,,22,1995,1
CLI-001982,07 Feb 2024,mercredi,Industrie,France,TPE,Business,12,5,4,80.0%,51,45.7,26,12,2,0,2,8.1,4,0,"231,85",violet,eu-w3,B,RAS.,52,5894,0
CLI-004014,2024-06-12,mercredi,Tech,France, TPE ,Starter,8,6,2,33.3,1,0.1,8,2,2,17,1,17.9,5,1,"82,36",clair,eu-w1,control,Compte dans la moyenne.,42,1418,0
CLI-004850,2024-12-29,dimanche,COMMERCE,Canada,PME,Business,1,25,15,60.0%,33,"11,9",26,5,0,0,7,5.3,,3,1185.15,vert,eu-w3,B,Mécontentement exprimé au support.,1,23324,1
CLI-004164,10/03/2024,dimanche,Tech,, TPE ,Starter,11,6,5,"83,3",79,"45,0",8,3,1,0,2,25.0,3,0,81.63,clair,ap-s1,B,,65,3280,0
CLI-004278,02/04/2024,mardi, Santé ,Espagne, GE ,business,10,398,216,54.3,47,24.2,26,13,3,1,3,,3,1,18513.18,vert,eu-w1,A,,61,1168922,0
CLI-003603,13/04/2024,samedi,Finance,Canada, TPE , Pro ,10,2,1,"50,0",9,0.4,16,5,3,0,0,7.3,4,2,53.3,violet,eu-w3,control,"Compte engagé, ambassadeur potentiel.",56,1180,0
CLI-004758,11 Feb 2023,samedi,Finance,Espagne,pme,Pro,24,10,0,0.0,0,0.0,16,0,0,78,2,,1,0,275.75,bleu,us-e1,A,Usage en forte baisse ce trimestre.,0,8140,1
CLI-001737,2023-08-04,vendredi,Santé,France,TPE,Pro,18,7,5,"71,4",72,43.7,16,10,4,0,3,11.7 h,4,0,210.33 €,violet,eu-w3,A,Client très satisfait et actif.,70,5002,0
CLI-000113,2024-07-14,dimanche, Industrie ,Espagne,PME,pro,7,46,0,0.0,0,"0,0",16,0,0,38,6,13.3,3,0,1195.21,sombre,ap-s1,control,,2,22542,1
CLI-002617,11 Jun 2023,dimanche,commerce,Canada,PME,BUSINESS,20,22,9,40.9,16,12.0,26,5,0,1,8,3.5,3,0,1044.88,vert,us-e1,B,,65,35129,0
CLI-001592,2024-04-15,lundi,Santé,France, TPE , Starter ,10,7,4,57.1,1,"0,2",8,0,3,19,3,23.9 h,5,1,90.81,vert,eu-w3,A,,21,1713,1
CLI-000733,12/10/2023,jeudi,INDUSTRIE,Belgique,PME,Starter,16,37,18,48.6,18,"7,1",8,2,2,1,3,"28,6",3,0,494.07 €,sombre,ap-s1,control,,55,24308,0
CLI-002642,12/07/2024,vendredi, Finance ,France,PME,Business,7,28,3,"10,7",1,0.1,26,1,0,3,2,"7,4",5,1,1318.93,sombre,ap-s1,B,Faible adoption des sièges.,52,9734,0
CLI-003867,02/01/2025,jeudi,Éducation,Belgique,ETI, Enterprise ,1,207,51,24.6%,6,"1,5",40,10,0,10,0,2.9,4,2,14923.89,bleu,eu-w1,A,,16,48950,1
CLI-003065,05 Nov 2024,mardi,Finance,France,PME,STARTER,3,44,33,75.0,54,"46,5",8,3,0,0,0,17.8,5,3,545.87,vert,eu-w3,control,,49,13876,0
CLI-004240,2024-12-24,mardi,éducation,Belgique,TPE,Starter,1,6,1,16.7,5,"2,0",8,3,1,1,4,31.5,3,3,"80,42",clair,eu-w1,A,,0,1649,1
CLI-003942,01/04/2024,lundi, Tech ,France, PME ,Pro,10,41,23,56.1,15,7.3,16,5,1,1,2,17.4,,1,"1079,8",clair,ap-s1,A,,54,22136,0
CLI-003753,2024-01-13,samedi,Public,France,pme,BUSINESS,13,55,6,"10,9",1,0.1,26,8,4,30,1,5.3,3,2,"2151,38",violet,eu-w1,A,,49,29990,0
CLI-002241,02 Aug 2024,vendredi,Tech,France,ETI,Pro,6,34,8,23.5%,9,2.9,16,6,1,22,3,13.2,1,,864.17,bleu,us-e1,control,,0,14881,1
CLI-001731,05 Sep 2023,mardi,finance,Allemagne,PME,Starter,17,45,29,64.4%,49,24.4,8,4,6,0,7,"36,1",3,0,"582,22",clair,eu-w1,control,,59,11936,0
CLI-004920,2024-06-02,dimanche,commerce,Belgique, PME ,Starter,8,36,19,52.8,45,18.2,8,3,1,0,3,27.2,4,0,461.33,sombre,ap-s1,control,Compte dans la moyenne.,62,6431,0
CLI-003373,23/09/2022,vendredi,Public,Allemagne,PME,starter,29,12,3,25.0,1,"0,4",8,3,3,27,3,29.9,,0,156.03,bleu,eu-w1,control,Suivi standard.,55,4350,0
CLI-001591,01 Feb 2024,jeudi,,Suisse,ge,enterprise,12,826,462,"55,9",43,"37,9",40,27,6,0,0,4.5,2,0,75576.54,clair,ap-s1,B,Mécontentement exprimé au support.,73,2000000,0
CLI-001316,2024-01-06,samedi,santé,France,ETI,Business,13,60,34,56.7,22,14.9,26,10,1,5,7,9.1,4,1,"3122,48",sombre,us-e1,control,,54,43527,0
CLI-004530,2024-07-14,dimanche,finance,France,pme,Business,7,38,0,0.0,0,0.0,26,0,0,89,0,,4,0,1928.01,vert,ap-s1,A,Usage en forte baisse ce trimestre.,5,23715,1
CLI-003574,07/10/2024,lundi, Éducation ,Suisse,TPE,Starter,4,3,2,66.7%,8,5.0,8,5,0,2,2,22.3,3,0,32.4,clair,ap-s1,B,,20,372,1
CLI-001445,2024-11-27,mercredi,Éducation,France,PME,BUSINESS,2,47,30,63.8%,9,5.3,26,11,1,6,5,7.5,3,2,"2277,46",sombre,us-e1,B,Compte dans la moyenne.,44,41085,0
CLI-001390,24/12/2024,mardi,Finance,France,PME,PRO,1,47,30,63.8,20,5.3,16,5,,4,0,11.8,4,,"1200,08",bleu,ap-s1,B,,9,15745,1
CLI-002234,23/12/2024,lundi,Santé,France,tpe,STARTER,1,7,2,28.6,5,"3,0",8,2,1,3,1,19.4,4,3,65.5,clair,eu-w1,control,,48,483,0
CLI-003454,01 Dec 2024,dimanche,Tech,Canada,pme,Starter,2,19,16,"84,2",67,41.4,8,3,0,1,4,30.8,2,0,217.29,bleu,eu-w3,B,,37,3564,0
CLI-004413,12 Jan 2024,vendredi,Industrie,Allemagne, PME ,PRO,13,42,0,"0,0",0,0.0,16,0,0,48,3,9.3,3,0,"1162,7",bleu,eu-w1,A,Déploiement interne limité.,6,23835,1
CLI-003509,2024-07-05,vendredi,Commerce,Espagne,PME,Business,7,57,41,"71,9",23,15.6,26,5,1,1,0,3.7 h,5,0,2466.12,sombre,eu-w1,control,,35,16178,1
CLI-002964,06 Mar 2023,lundi,Finance,Belgique,TPE,Pro,23,2,1,50.0%,4,1.5,16,5,8,9,2,"13,9",3,0,54.1,sombre,ap-s1,B,,73,976,0
CLI-001201,14 Sep 2023,jeudi,Éducation,Espagne, TPE ,starter,17,5,4,80.0,73,"47,9",8,4,4,1,1,15.2 h,3,0,57.72,vert,eu-w3,control,,53,2035,0
CLI-004709,16 Aug 2023,mercredi, Tech ,Suisse,TPE,Pro,18,9,7,77.8,45,"19,4",16,6,3,0,2,7.2,5,0,177.71,vert,eu-w1,control,"Compte engagé, ambassadeur potentiel.",57,1603,0
CLI-003235,30/11/2024,samedi,Éducation,France,TPE,pro,2,8,6,"75,0",89,"21,0",16,10,1,0,0,13.2,4,0,237.43 €,vert,us-e1,B,,52,1752,0
CLI-004361,06 Sep 2024,vendredi,ÉDUCATION,France,GE,Business,5,352,94,"26,7",1,0.4,26,3,1,6,4,"9,5",3,2,15324.48 €,sombre,us-e1,B,,48,314152,0
CLI-002052,03 Sep 2023,dimanche,Tech,Canada,ETI,Business,17,164,15,9.1%,1,0.3,26,1,3,6,0,4.6,4,0,8565.88,violet,us-e1,B,,70,245841,0
CLI-000095,2023-10-04,mercredi,INDUSTRIE,Canada,pme,PRO,16,43,6,14.0%,3,0.4,16,3,5,16,1,"9,7",5,0,"1122,33",sombre,eu-w1,A,Faible adoption des sièges.,69,33131,0
CLI-004402,07/07/2024,dimanche, Tech ,Canada, TPE ,Pro,7,7,4,57.1,34,27.5,16,4,1,3,0,8.4 h,,0,188.42,sombre,ap-s1,A,,38,7571,1
CLI-004094,08/08/2023,mardi,Commerce,France,PME,Starter,18,22,8,36.4,7,"0,4",8,2,7,1,6,"24,3",2,0,235.29,bleu,ap-s1,control,"Client insatisfait, risque de départ.",57,1158,0
CLI-000842,2024-12-08,dimanche,commerce,Belgique,ETI, Business ,2,209,167,"79,9",42,12.3,26,11,0,1,0,2.0,5,0,10071.86,violet,eu-w1,control,Suivi standard.,64,404687,0
CLI-002665,17/12/2022,samedi,tech,France,TPE,Starter,26,10,0,0.0,0,"0,0",8,0,0,53,0,23.0,3,0,124.83 €,sombre,eu-w1,control,,0,2457,1
CLI-001638,24 Dec 2024,mardi, Tech ,France, TPE ,Starter,1,5,3,"60,0",62,12.8,8,3,0,1,6,32.1,2,3,45.41,bleu,eu-w3,control,"Client insatisfait, risque de départ.",0,521,1
CLI-002406,11/05/2023,jeudi,Commerce,France,ETI,Business,21,89,56,"62,9",30,"5,5",26,9,5,1,1,"5,1",3,,"3544,44",clair,us-e1,control,Compte dans la moyenne.,75,66848,0
CLI-000390,08/12/2023,vendredi,Tech,Suisse,TPE,Pro,14,6,3,"50,0",27,19.4,16,6,3,1,2,7.9 h,4,0,153.91 €,sombre,ap-s1,control,,69,1010,0
CLI-001375,26 Nov 2024,mardi,Santé,France,PME, Pro ,2,53,5,9.4,1,0.1,16,0,0,1,8,13.1,3,2,1016.75,violet,us-e1,control,Support très sollicité récemment.,3,4169,1
CLI-002663,12 Sep 2022,lundi, Public ,France,PME,Pro,29,39,29,"74,4",33,5.2,16,8,7,3,0,2.4,5,0,926.69,clair,ap-s1,control,,98,17477,0
CLI-000193,2024-11-06,mercredi,Commerce,France,PME,Pro,3,33,2,6.1,1,"0,2",16,0,0,9,4,"14,2",3,1,586.3,sombre,ap-s1,A,,8,7692,1
CLI-004738,2023-11-07,mardi,Santé,Belgique,TPE,Starter,15,10,10,100.0,156,136.7,8,6,4,2,3,"32,0",3,0,141.72 €,bleu,ap-s1,B,,63,4765,0
CLI-000119,2024-12-29,dimanche,COMMERCE,France,TPE,Starter,1,7,1,,2,0.1,8,2,0,0,4,25.2,3,3,84.66 €,bleu,eu-w3,B,,7,300,1
CLI-003681,24/12/2024,mardi,Finance,Allemagne,PME,Enterprise,1,39,31,79.5%,59,36.5,40,18,0,0,0,1.2,5,3,2763.07,clair,us-e1,control,,66,22657,0
CLI-000855,06/09/2023,mercredi,Santé,France,TPE,STARTER,17,9,2,"22,2",5,2.0,8,3,3,5,1,22.0,4,0,"118,36",vert,us-e1,A,,32,2329,1
CLI-000111,2023-10-09,lundi,santé,France, PME ,Starter,16,30,0,0.0,0,0.0,8,0,0,98,0,22.6,3,0,378.32 €,sombre,ap-s1,B,,0,4343,1
CLI-003996,27/10/2024,dimanche, Santé ,Canada,TPE,Enterprise,3,9,2,22.2,1,"0,3",40,11,0,12,3,4.2,3,2,"624,02",vert,us-e1,control,,11,3070,1
CLI-003684,2023-04-06,jeudi,,Canada, ETI ,Pro,22,164,70,42.7,8,4.1,16,4,4,3,1,10.0,3,0,4656.19,sombre,ap-s1,control,RAS.,69,458169,0
CLI-004279,2023-01-07,samedi,Commerce,France,TPE,Business,25,11,5,45.5,14,4.1,26,11,5,3,2,7.5 h,3,0,486.33,violet,eu-w3,control,Compte dans la moyenne.,67,6381,0
CLI-000053,30/12/2023,samedi, Tech ,Canada,ETI,Business,13,168,126,"75,0",38,"19,3",26,7,,0,0,1.1,4,0,5492.41,violet,ap-s1,A,,75,58549,0
CLI-001191,02 Jan 2025,jeudi,santé,Canada,pme, Business ,1,23,18,"78,3",72,58.6,26,11,0,1,0,7.2,4,1,"929,18",bleu,eu-w3,A,Compte dans la moyenne.,72,19048,0
CLI-004805,03/05/2024,vendredi,TECH,France,eti,Enterprise,9,216,40,18.5,1,0.1,40,4,2,1,11,7.6 h,1,0,17046.51,clair,eu-w1,control,,39,209672,0
CLI-002462,2022-12-15,jeudi, Industrie ,Belgique, ETI ,BUSINESS,26,170,136,80.0,58,41.2,26,15,3,0,1,1.6,3,0,9577.87,violet,ap-s1,B,Suivi standard.,79,471231,0
CLI-003824,2023-09-18,lundi,FINANCE,Belgique,ETI,Enterprise,17,153,57,37.3,19,6.8,40,21,7,0,3,4.3,4,0,14296.91 €,clair,eu-w3,B,,81,679961,0
CLI-002407,2024-12-27,vendredi,,France,PME,Business,1,55,45,81.8,87,74.2,26,19,0,2,2,11.2,2,4,2197.58,clair,eu-w1,B,,43,28832,0
CLI-002446,04 Dec 2024,mercredi, Industrie ,France,tpe, Pro ,2,7,3,42.9,11,"0,6",16,4,0,2,2,14.8,1,2,"127,97",sombre,eu-w1,A,,0,944,1
CLI-001481,01/06/2024,samedi,Santé,Belgique,TPE,starter,8,7,4,57.1,23,"11,3",8,4,2,3,4,"40,7",2,0,82.58,vert,eu-w3,A,"Client insatisfait, risque de départ.",20,745,1
CLI-002424,29/07/2024,lundi,SANTÉ,Belgique,tpe, Pro ,6,11,6,54.5,17,2.4,16,6,,1,1,9.5,3,0,264.86,clair,eu-w1,control,Suivi standard.,63,4778,0
CLI-003549,2024-12-28,samedi, Éducation ,France,PME,BUSINESS,1,37,0,0.0,0,,26,0,0,30,2,,3,3,1535.85,clair,us-e1,control,,0,13853,1
CLI-004969,28 Jan 2024,dimanche,Tech,France, PME , Pro ,12,35,6,17.1,1,0.5,16,4,1,30,0,6.9,4,0,924.98,clair,us-e1,A,,51,6068,0
CLI-000660,2024-06-13,jeudi,Industrie,France,PME,Pro,8,58,5,"8,6",1,0.1,16,2,0,1,5,,3,0,"1199,23",sombre,ap-s1,A,Déploiement interne limité.,12,15734,1
CLI-004188,10 Aug 2024,samedi,Finance,France,ETI,Business,6,107,81,75.7,80,35.2,26,9,1,0,9,"10,3",3,2,"4594,49",violet,eu-w1,A,,50,48977,0
CLI-003899,2023-08-07,lundi,ÉDUCATION,France,TPE,Starter,18,7,5,71.4,30,8.8,8,3,5,2,0,22.2,3,0,74.66,vert,eu-w1,B,,72,735,0
CLI-002601,2023-03-16,jeudi,Industrie,France,PME,Pro,23,33,12,36.4,10,4.6,16,7,4,4,11,16.6 h,2,0,783.36,clair,ap-s1,control,,59,21840,0
CLI-003529,02 Aug 2023,mercredi,Tech,France,ETI,business,18,205,37,18.0%,5,0.2,26,11,4,5,0,4.7,5,0,7816.83,bleu,us-e1,A,Faible adoption des sièges.,77,224343,0
CLI-002268,2024-04-02,mardi, Éducation ,Allemagne,TPE,Starter,10,7,1,14.3%,1,0.3,8,3,0,1,0,,5,2,93.25,sombre,ap-s1,B,Déploiement interne limité.,64,2600,0
CLI-003815,16 Jul 2023,dimanche,Éducation,France,pme,Pro,19,45,13,28.9,2,1.2,16,4,3,18,0,2.6 h,4,0,"1004,69",sombre,eu-w1,A,RAS.,75,21420,0
CLI-002649,2024-10-12,samedi,Éducation,Belgique, PME ,ENTERPRISE,4,14,0,0.0%,0,"0,0",40,0,0,68,3,1.2,2,0,907.73,clair,ap-s1,B,Usage en forte baisse ce trimestre.,0,15631,1
CLI-002826,27/04/2024,samedi, Santé ,Allemagne,PME,Pro,9,56,44,"78,6",37,22.8,16,8,2,0,9,21.8 h,2,0,1695.34,bleu,eu-w1,A,,6,70899,1
CLI-000544,17 Jul 2023,lundi,TECH,France, ETI ,pro,19,36,15,41.7,17,"6,3",16,6,5,1,0,7.4,3,0,873.88,sombre,ap-s1,B,,64,20781,0
CLI-001023,11/11/2024,lundi,industrie,France,ETI,BUSINESS,3,140,101,72.1,31,"13,2",26,12,0,1,7,"6,3",3,0,6651.98,clair,eu-w3,B,,44,163639,0
CLI-003236,2023-08-06,dimanche,Santé,France,PME,Business,18,13,3,23.1,7,4.6,26,8,3,1,1,4.5 h,2,0,613.68,violet,eu-w3,A,"Client insatisfait, risque de départ.",70,2013,0
CLI-003350,05/05/2023,vendredi,Finance,Allemagne,PME,Business,21,55,40,72.7%,44,6.8,26,13,1,0,2,3.7,4,0,"2603,65",vert,eu-w3,B,RAS.,70,76860,0
CLI-004214,2024-07-06,samedi,Tech,France, TPE ,starter,7,11,7,63.6,5,1.5,8,4,0,1,2,"24,0",3,1,149.34,bleu,us-e1,B,,20,3674,1
CLI-000278,04/03/2023,samedi,Commerce,France,GE, Enterprise ,23,717,564,78.7,49,41.1,40,16,3,4,0,0.5,5,0,69463.25 €,clair,eu-w3,B,Client très satisfait et actif.,93,2000000,0
CLI-003044,26/12/2024,jeudi,Éducation,France, TPE ,Starter,1,1,1,100.0,34,23.6,8,1,0,0,4,31.3,2,2,12.3,violet,us-e1,B,"Client insatisfait, risque de départ.",12,300,1
CLI-001248,12 Dec 2023,mardi,Éducation,France,ETI,Enterprise,14,160,121,75.6,48,"22,7",40,24,3,1,1,1.4,4,0,"11145,37",bleu,us-e1,control,Client très satisfait et actif.,71,118810,0
CLI-002895,08/05/2024,mercredi,santé,Belgique,ge,Enterprise,9,806,413,,37,"12,5",40,1,2,1,0,5.5,4,0,54610.36,sombre,ap-s1,B,RAS.,68,1477756,0
CLI-002739,2025-01-06,lundi,INDUSTRIE,Suisse,ETI, Business ,1,48,28,58.3,20,7.0,26,4,0,1,0,,5,4,1994.48,clair,us-e1,A,,12,24532,1
CLI-004604,2024-09-11,mercredi, Tech ,France,TPE,Business,5,5,4,80.0%,45,"33,1",26,15,,0,3,5.8,4,0,"190,49",clair,us-e1,control,,71,937,0
CLI-004375,29 Dec 2024,dimanche,SANTÉ,Allemagne,TPE,starter,1,9,4,"44,4",6,3.5,8,3,0,2,1,12.9,5,0,100.1,violet,eu-w3,A,,54,1806,0
CLI-000409,04 Nov 2023,samedi,Tech,Allemagne,TPE,PRO,15,8,5,62.5,28,11.4,16,5,5,0,5,"20,9",3,0,198.97,clair,us-e1,B,RAS.,64,5710,0
CLI-004610,2025-01-08,mercredi,FINANCE,Canada,PME,Starter,1,29,14,48.3,7,"4,0",8,4,0,16,0,"19,1",4,,319.4 €,bleu,ap-s1,B,,3,3929,1
CLI-001563,2024-03-31,dimanche,tech,Belgique,eti,pro,10,65,27,41.5,2,"0,4",16,4,1,30,4,9.9,4,0,1699.35,sombre,us-e1,A,,7,30656,1
CLI-002216,10/01/2025,vendredi,Public,France,PME,enterprise,1,43,20,46.5,10,3.5,40,5,0,0,1,,4,,3211.76,sombre,eu-w3,B,,0,15802,1
CLI-003734,2023-09-30,samedi,Tech,France, TPE , Pro ,16,5,3,"60,0",44,8.2,16,7,2,1,5,,3,0,130.13 €,clair,eu-w3,control,,60,2561,0
CLI-001586,30 Dec 2024,lundi,Finance,France,GE, Business ,1,826,701,84.9,78,51.1,26,11,,2,0,9.8,4,1,42516.2,violet,ap-s1,control,Suivi standard.,53,906445,0
CLI-003580,30 Oct 2023,lundi,santé,France,TPE,Starter,15,7,1,"14,3",1,0.2,8,1,2,30,4,25.1,3,0,84.41,vert,eu-w1,A,,47,1800,0
CLI-002584,07/01/2024,dimanche, Finance ,,PME,Pro,13,56,33,58.9,44,24.1,16,9,4,1,1,"10,5",5,0,1558.03,violet,us-e1,A,,64,19164,0
CLI-002259,01/05/2024,mercredi,Santé,Belgique,PME,starter,9,56,0,0.0,0,"0,0",8,0,0,40,1,23.0,4,1,658.73,sombre,ap-s1,A,,13,11343,1
CLI-001448,2024-04-04,jeudi,COMMERCE,France,ETI,Pro,10,205,0,0.0,0,0.0,16,0,0,59,2,11.5,4,0,5829.08,bleu,ap-s1,A,Faible adoption des sièges.,0,229433,1
CLI-004053,21/05/2023,dimanche,éducation,France, TPE ,Starter,21,1,0,0.0,0,0.0,8,0,0,48,3,,2,0,"10,12",sombre,ap-s1,B,Mécontentement exprimé au support.,0,300,1
CLI-003588,11/10/2023,mercredi,Tech,France,pme,Pro,16,24,0,0.0%,0,0.0,16,0,0,99,5,14.8,3,0,"585,96",bleu,eu-w3,control,"Compte peu actif, relance nécessaire.",1,20180,1
CLI-001269,11 Apr 2023,mardi, Finance ,France,TPE, Starter ,22,1,1,"100,0",42,"34,5",8,3,2,0,6,,,0,14.19 €,sombre,eu-w3,A,,47,663,0
CLI-001776,05 Mar 2024,mardi,Commerce,France,ge,business,11,378,328,86.8,88,"85,0",26,12,3,1,3,6.3,3,1,18489.09,violet,eu-w3,B,,74,439671,0
CLI-003052,2025-01-05,dimanche,Tech,France,PME,Pro,1,11,6,54.5,28,"8,2",16,4,0,0,4,14.7,2,3,265.77,violet,us-e1,B,,43,3705,0
CLI-001694,2024-10-01,mardi,Industrie,France,tpe,Pro,4,11,3,27.3,1,,16,2,3,30,1,15.4 h,5,0,252.27,vert,us-e1,control,RAS.,10,2689,1
CLI-000867,2024-11-25,lundi, Santé ,France,TPE,Pro,2,10,9,90.0,84,51.9,16,13,0,2,9,19.2,3,2,221.33,vert,us-e1,control,,53,1452,0
CLI-003506,2024-01-07,dimanche, Commerce ,France,tpe, Starter ,13,3,2,66.7,4,1.6,8,1,2,12,1,20.7 h,3,0,32.03,vert,ap-s1,A,,25,683,1
CLI-004494,12/05/2023,vendredi,Commerce,Espagne,PME,Enterprise,21,58,27,46.6,22,13.2,40,10,3,1,0,1.6,5,0,4468.23,vert,eu-w1,control,,78,153886,0
CLI-004063,05/06/2024,mercredi,Finance,France,ETI, Business ,8,37,5,"13,5",2,1.1,26,1,2,2,0,,3,0,1241.45,sombre,eu-w3,A,,38,28504,0
CLI-000351,08/11/2023,mercredi,santé,Espagne,TPE,Pro,15,10,1,10.0,1,0.1,16,4,5,1,3,,2,0,233.39,sombre,eu-w3,control,Mécontentement exprimé au support.,51,1722,0
CLI-001545,29 Sep 2024,dimanche,Éducation,France,TPE,STARTER,4,4,2,50.0,12,5.7,8,4,0,2,1,20.5,5,5,34.41,sombre,us-e1,B,,47,310,0
CLI-000001,27 Feb 2024,mardi, Tech ,France,tpe,Pro,11,4,0,0.0,0,0.0,16,0,0,73,4,17.8,2,,77.11,clair,eu-w3,B,Usage en forte baisse ce trimestre.,0,1644,1
CLI-001422,17 Sep 2023,dimanche,Finance,France,PME,PRO,17,59,37,62.7%,32,22.0,16,4,1,1,0,,5,0,1793.81,vert,eu-w3,control,,59,33831,0
CLI-004399,2024-02-07,mercredi,Commerce,Suisse,TPE,Starter,12,4,1,25.0,14,"5,3",8,2,4,0,4,27.5 h,2,0,47.29,sombre,eu-w3,A,Mécontentement exprimé au support.,47,853,0
CLI-002880,03 Jun 2024,lundi,Commerce,Canada,PME,Business,8,37,19,"51,4",31,,26,14,2,0,0,4.0,,0,"1854,18",clair,ap-s1,control,,60,66899,0
CLI-002980,2024-05-08,mercredi,tech,France, TPE ,Starter,9,2,1,,21,12.5,8,2,1,1,0,12.7,5,0,18.16,clair,us-e1,A,,59,685,0
CLI-002190,29/03/2024,vendredi,Finance,France,GE,Enterprise,10,839,568,"67,7",32,"12,1",40,15,2,3,3,4.5,4,2,61653.25,sombre,eu-w1,control,,62,455001,0
CLI-001621,2024-08-12,lundi,finance,Espagne,PME,Starter,6,24,0,"0,0",0,0.0,8,0,0,59,0,,,0,279.56,bleu,us-e1,control,Déploiement interne limité.,0,10087,1
CLI-004735,13 Aug 2023,dimanche,Finance,France,TPE,Starter,18,11,5,45.5%,5,"2,2",8,3,2,0,0,17.8,4,0,122.33,sombre,eu-w3,A,,53,2407,0
CLI-004434,16 Jan 2024,mardi, Public ,Belgique,ETI,BUSINESS,13,107,48,44.9,9,,26,4,1,0,5,6.5,4,0,"4560,0",clair,ap-s1,B,,55,78523,0
CLI-003116,09/03/2024,samedi,public,Belgique,TPE, Pro ,11,1,1,"100,0",61,51.5,16,6,4,0,4,16.4,4,1,,clair,eu-w1,A,"Compte engagé, ambassadeur potentiel.",69,476,0
CLI-004676,2023-12-03,dimanche, Tech ,France, ETI ,Business,14,161,39,24.2,8,2.6,26,3,0,2,4,7.8,2,1,"6517,29",bleu,eu-w1,A,Mécontentement exprimé au support.,48,80163,0
CLI-001264,26 Dec 2024,jeudi,public,France,PME,BUSINESS,1,58,33,56.9,21,8.3,26,9,0,1,0,4.3,4,1,2511.65 €,bleu,eu-w1,A,Suivi standard.,53,14417,0
CLI-004609,2024-12-30,lundi, Tech ,France,TPE, Pro ,1,10,6,60.0,39,"22,7",16,9,0,1,8,24.5,,0,236.85,vert,eu-w3,control,,30,2913,0
CLI-000559,13 Aug 2024,mardi,Éducation,Suisse,ETI,business,6,104,22,21.2,2,"1,0",26,8,0,7,5,7.6,2,1,4830.22,violet,us-e1,control,,9,79216,1
CLI-000725,28 Jul 2024,dimanche,INDUSTRIE,Belgique,PME,pro,6,15,3,20.0,1,0.1,16,4,1,20,5,13.3,4,3,320.35,sombre,us-e1,control,,9,3415,1
CLI-001386,01/06/2024,samedi,finance,Allemagne,GE,Business,8,456,368,80.7,56,32.9,26,16,0,2,2,3.0,2,0,18623.18,bleu,ap-s1,A,,56,122168,0
CLI-001860,08/08/2024,jeudi,Tech,France,GE,Enterprise,6,487,155,31.8%,1,0.1,40,8,0,30,1,2.0 h,3,1,,sombre,eu-w3,A,,9,651351,1
CLI-004655,08/06/2024,samedi,Industrie,France,tpe,Business,8,2,1,50.0,27,3.5,26,11,4,0,1,8.7,4,1,"83,01",bleu,eu-w3,A,,66,749,0
CLI-004908,04/01/2024,jeudi,Public,France,TPE,STARTER,13,2,1,"50,0",7,1.3,8,3,3,3,0,16.3,5,1,23.88 €,bleu,eu-w1,B,"Compte engagé, ambassadeur potentiel.",64,352,0
CLI-002051,2023-12-31,dimanche,finance,Suisse, ETI ,Enterprise,13,49,41,83.7,59,39.0,40,16,0,2,4,5.9,3,1,4248.32,bleu,us-e1,A,RAS.,56,149796,0
CLI-002124,2024-12-30,lundi,Public,Allemagne,GE,enterprise,1,502,410,81.7%,52,30.5,40,15,0,1,2,0.5 h,4,,41227.25,bleu,eu-w3,control,Compte dans la moyenne.,49,371870,0
CLI-002009,2024-09-08,dimanche, Industrie ,France,TPE, Starter ,5,7,2,28.6,1,"0,4",8,0,1,9,1,19.5 h,4,1,88.69,clair,us-e1,control,,22,1673,1
CLI-002657,09/07/2024,mardi,Industrie,,TPE,PRO,7,3,1,33.3,1,0.6,16,6,1,4,4,15.2 h,3,1,"86,2",clair,eu-w3,A,,47,990,0
CLI-001910,03/12/2024,mardi,commerce,France, ETI ,Pro,2,30,15,,12,"8,1",16,4,0,1,3,15.7,1,0,"652,47",violet,ap-s1,B,,5,15516,1
CLI-002229,13/04/2024,samedi, Tech ,Canada,PME, Pro ,10,8,4,50.0,22,1.9,16,5,2,0,3,18.6 h,3,0,188.59,clair,us-e1,A,,58,10516,0
CLI-001933,2023-09-06,mercredi,,France,pme, Business ,17,46,30,65.2%,30,10.4,26,10,7,0,0,8.5 h,3,0,2236.84,bleu,eu-w3,A,,62,78871,0
CLI-000851,2024-06-07,vendredi,Public,France,PME, Pro ,8,36,21,"58,3",24,8.0,16,6,1,2,4,17.6,2,2,"635,29",violet,eu-w3,A,Mécontentement exprimé au support.,19,11461,1
CLI-002155,28 Feb 2024,mercredi,éducation,France,TPE,Pro,11,5,4,80.0,69,51.0,16,7,0,0,4,9.6,4,0,,clair,eu-w3,A,,71,2720,0
CLI-002101,20 May 2023,samedi,SANTÉ,France,TPE,PRO,21,4,1,25.0,1,0.1,16,5,7,4,3,"12,8",3,0,101.5,vert,us-e1,B,,67,4494,0
CLI-004341,07 Jan 2025,mardi,Finance,France, PME ,enterprise,1,11,8,72.7%,65,"32,7",40,25,0,0,0,1.3,5,2,745.91,vert,eu-w3,A,,56,9786,0
CLI-003886,2025-01-01,mercredi,TECH,France,GE,Business,1,463,358,77.3%,33,14.8,26,13,0,2,0,5.5,3,1,17286.57,vert,ap-s1,A,Compte dans la moyenne.,25,326025,1
CLI-002812,26 Jun 2024,mercredi, Finance ,Canada,GE,Business,7,519,83,16.0,1,0.1,26,2,0,13,0,7.7,,0,"21384,94",vert,ap-s1,B,,53,263035,0
CLI-002252,09/12/2022,vendredi, Public ,Canada,ETI,BUSINESS,26,191,49,25.7%,2,1.1,26,3,4,7,2,4.7,3,0,"8170,07",clair,eu-w1,B,,78,167486,0
CLI-004809,11 Dec 2023,lundi,Commerce,France,ETI,Pro,14,74,47,63.5%,45,32.1,16,10,3,0,6,"12,5",3,1,"1760,51",vert,ap-s1,B,,53,72181,0
CLI-003194,09/04/2024,mardi,Finance,France,eti,Pro,10,167,107,64.1,45,"11,6",16,10,3,1,0,2.0,,0,4608.83,bleu,us-e1,A,Client très satisfait et actif.,42,188962,1
CLI-001295,2023-12-09,samedi,Finance,France, ETI ,Business,14,133,40,"30,1",3,0.8,26,6,1,24,2,2.1 h,4,0,5936.96,vert,eu-w3,A,,50,267757,0
CLI-002941,2023-03-06,lundi,tech,Espagne,ge,Enterprise,23,274,218,79.6,54,45.8,40,23,,2,3,3.5,3,0,18828.62,sombre,eu-w1,control,,75,725655,0
CLI-000553,08 Jan 2024,lundi,Éducation,France,pme,pro,13,16,1,6.2,1,"0,2",16,0,1,1,3,,3,1,377.1,clair,us-e1,control,Déploiement interne limité.,51,7421,0
CLI-000788,09 Oct 2023,lundi,Santé,Espagne,pme, Pro ,16,37,1,"2,7",1,"0,1",16,0,6,30,1,10.9,4,,720.09,vert,us-e1,B,Déploiement interne limité.,69,14762,0
CLI-002328,2024-01-06,samedi,PUBLIC,France,TPE,Pro,13,4,2,50.0%,30,14.9,16,5,3,0,0,8.1,,1,90.15 €,clair,eu-w1,A,"Compte engagé, ambassadeur potentiel.",53,665,0
CLI-002870,16/12/2023,samedi,commerce,Espagne,GE, Pro ,14,553,239,"43,2",6,2.7,16,4,6,0,6,15.5,2,0,12826.29,bleu,eu-w1,control,,71,220869,0
CLI-004256,19 Apr 2023,mercredi, Commerce ,France,TPE,Pro,22,3,1,"33,3",1,0.4,16,4,7,1,0,5.1,3,0,61.43,clair,us-e1,A,RAS.,74,856,0
CLI-001812,2023-04-21,vendredi,Finance,France,GE,Business,22,382,116,30.4,11,0.6,26,3,3,2,4,5.4,,0,14753.68,sombre,eu-w1,control,,31,157274,1
CLI-004380,2023-08-15,mardi,éducation,France, ETI ,Business,18,170,124,72.9,16,12.6,26,13,2,1,1,3.2,5,0,7481.34,clair,us-e1,control,,78,736164,0
CLI-002910,27/07/2024,samedi,tech,France,TPE,Pro,6,2,1,50.0,15,6.6,16,6,,2,6,19.0 h,,,41.96,bleu,eu-w3,A,"Client insatisfait, risque de départ.",6,300,1
CLI-000545,14 Jun 2024,vendredi,Éducation,Allemagne,ETI,Business,8,89,48,53.9,12,4.6,26,6,4,1,6,10.1,,1,4526.42,vert,eu-w1,control,Suivi standard.,53,200430,0
CLI-002700,2025-01-08,mercredi,INDUSTRIE,France,eti, Enterprise ,1,199,157,,58,16.1,40,28,0,1,3,7.4,4,2,17663.9,vert,eu-w3,A,RAS.,53,289688,0
CLI-004464,19 Jul 2023,mercredi,éducation,Belgique, TPE ,pro,19,4,1,25.0,10,2.3,16,10,2,6,1,3.7,5,0,80.36,vert,us-e1,B,,71,725,0
CLI-004079,2023-10-08,dimanche,Tech,France,TPE,starter,16,11,6,54.5,38,"15,3",8,2,3,1,6,34.7,2,,144.48,violet,ap-s1,control,,8,3317,1
CLI-003801,09 Aug 2024,vendredi,Santé,France, TPE ,Pro,6,9,1,11.1,2,0.2,16,2,,30,4,13.2,2,1,205.05,violet,ap-s1,control,Mécontentement exprimé au support.,1,1513,1
CLI-004442,30 Apr 2024,mardi,Public,France, PME ,starter,9,10,5,"50,0",11,4.8,8,4,3,3,0,7.1,5,2,154.23,violet,ap-s1,B,Client très satisfait et actif.,56,3794,0
CLI-003292,10 Sep 2024,mardi,ÉDUCATION,Suisse,TPE,STARTER,5,11,8,"72,7",35,4.3,8,3,0,1,7,28.8 h,,0,139.2 €,sombre,us-e1,control,,41,1940,0
CLI-002779,02 Jan 2025,jeudi,Finance,Allemagne,PME, Business ,1,26,14,"53,8",14,"4,4",26,2,0,4,1,"6,2",2,4,1261.89,bleu,us-e1,A,,0,21730,1
CLI-000259,2023-09-14,jeudi,Tech,France,TPE,Starter,17,1,1,100.0,16,6.1,8,2,4,4,4,21.7,4,0,10.88,bleu,us-e1,control,Client très satisfait et actif.,67,300,0
CLI-004966,12/04/2024,vendredi,tech,Canada,eti,ENTERPRISE,10,81,32,39.5%,18,8.9,40,16,3,1,7,2.5,3,0,6856.7,clair,eu-w3,control,,59,213655,0
CLI-001551,10/01/2025,vendredi,commerce,France,ETI,Business,1,168,120,71.4,37,,26,11,0,1,0,2.4,5,5,"6075,71",vert,eu-w1,control,Suivi standard.,46,79713,0
CLI-004186,03/08/2023,jeudi,commerce,France,TPE,Starter,18,6,0,0.0%,0,0.0,8,0,,56,0,15.1,5,,73.94,clair,us-e1,B,Déploiement interne limité.,40,667,0
CLI-002778,29/06/2024,samedi,Tech,Espagne,TPE,Starter,7,3,2,66.7,31,32.8,8,3,1,3,3,21.1,4,0,32.8,clair,ap-s1,A,,44,300,0
CLI-001368,09/09/2024,lundi,finance,Suisse, TPE ,PRO,5,11,6,,14,7.0,16,6,0,2,0,,5,,165.0 €,violet,eu-w1,control,Compte dans la moyenne.,52,1759,0
CLI-000762,03 Jan 2025,vendredi, Public ,Allemagne,PME,pro,1,20,6,30.0,1,"0,3",16,6,1,25,3,,4,,467.45,violet,us-e1,B,,4,6133,1
CLI-003619,2025-01-09,jeudi,industrie,France,TPE,Starter,1,6,0,,0,"0,0",8,0,0,30,0,"20,4",,2,71.31,clair,ap-s1,B,Faible adoption des sièges.,4,409,1
CLI-004002,2024-04-10,mercredi,Tech,Belgique,PME,Pro,10,48,37,"77,1",53,"43,5",16,7,,1,3,13.5,3,0,"1345,91",clair,eu-w1,B,RAS.,52,37524,0
CLI-004814,28/04/2024,dimanche, Tech ,France,PME, Starter ,9,52,21,,6,2.4,8,0,2,0,2,,2,2,546.33,clair,us-e1,B,,13,10304,1
CLI-004529,07/01/2025,mardi,éducation,France,PME,Enterprise,1,6,0,0.0,0,"0,0",40,0,0,30,4,7.5,3,1,"453,2",violet,eu-w3,control,Faible adoption des sièges.,5,4088,1
CLI-004502,2024-12-23,lundi,Commerce,France,PME, Pro ,1,17,4,23.5,4,1.5,16,3,0,2,2,11.7 h,5,2,440.95,clair,ap-s1,B,Faible adoption des sièges.,49,11932,0
CLI-004543,02/08/2024,vendredi, Commerce ,Belgique, TPE ,Starter,6,3,1,33.3,3,0.7,8,1,0,6,2,29.4,2,1,31.38,vert,ap-s1,A,,18,309,1
CLI-000070,2024-04-01,lundi,Santé,Suisse, ETI ,Business,10,69,11,15.9,3,1.5,26,4,2,5,0,,5,0,3397.11,violet,us-e1,B,Faible adoption des sièges.,60,133710,0
CLI-001167,10 Jan 2025,vendredi,Éducation,Suisse,pme, Enterprise ,1,49,33,67.3,46,16.1,40,12,0,0,5,10.6,2,1,4067.41,vert,us-e1,B,Mécontentement exprimé au support.,54,40023,0
CLI-000218,08/12/2023,vendredi,COMMERCE,France,ETI,BUSINESS,14,152,53,34.9,14,8.8,26,6,4,3,3,4.4,4,0,7015.68,clair,eu-w1,control,"Compte engagé, ambassadeur potentiel.",53,115057,0
CLI-004500,11/03/2024,lundi,Public,Suisse,ETI,Pro,11,108,68,63.0,46,,16,7,5,1,5,12.9,2,0,2454.05 €,sombre,ap-s1,B,Mécontentement exprimé au support.,48,30185,0
CLI-003708,13 Jul 2023,jeudi,commerce,Belgique,PME,starter,19,48,17,35.4%,7,0.6,8,3,,6,3,24.0,,0,573.95,sombre,eu-w1,A,,56,12707,0
CLI-002184,02 Sep 2023,samedi, Industrie ,France,pme,BUSINESS,17,39,19,48.7,26,3.9,26,11,2,0,8,6.6 h,1,0,2111.39,bleu,us-e1,B,"Client insatisfait, risque de départ.",49,90030,0
CLI-003772,2023-12-03,dimanche,Éducation,Belgique,ETI,business,14,54,37,"68,5",37,16.3,26,11,2,1,2,,4,0,3057.54,vert,eu-w1,control,,62,132881,0
CLI-001208,05 Dec 2023,mardi,Tech,France,PME,Enterprise,14,47,42,89.4,90,50.1,40,27,3,0,0,"5,8",5,1,4632.16,clair,eu-w3,A,,65,125346,0
CLI-003800,08 Jan 2025,mercredi,Public,France,TPE,starter,1,3,1,33.3%,1,0.2,8,1,0,13,4,28.4 h,4,2,42.7,sombre,eu-w1,control,,3,1050,1
CLI-004082,11/03/2024,lundi,Public,France,ETI,starter,11,218,142,65.1,42,"14,1",8,4,4,0,3,23.1,3,2,3164.77,bleu,eu-w3,A,,20,108995,1
CLI-000516,2024-11-01,vendredi,Industrie,, TPE ,Starter,3,7,3,42.9,14,5.7,8,2,1,1,3,32.1 h,3,1,91.71,sombre,eu-w1,control,Compte dans la moyenne.,48,5565,0
CLI-002339,2023-02-09,jeudi,,,PME,starter,24,58,23,39.7,23,14.6,8,4,9,1,0,17.9,3,0,839.5,sombre,us-e1,B,,67,33731,0
CLI-001052,08 Sep 2022,jeudi,Finance,Suisse,PME,STARTER,29,42,4,9.5,1,0.2,8,2,6,13,3,25.9,3,0,492.26,sombre,eu-w1,B,,56,9688,0
CLI-002367,2024-06-08,samedi,Public,France, TPE , Pro ,8,5,4,80.0%,33,"12,6",16,8,0,1,4,16.5,2,0,125.64,sombre,eu-w3,A,,58,1751,0
CLI-000205,14/11/2023,mardi, Industrie ,France,PME,PRO,15,41,18,43.9,8,2.1,16,2,2,5,5,"20,6",3,0,,clair,eu-w1,B,,54,12449,0
CLI-003480,11/12/2023,lundi,Tech,France,PME,Business,14,42,29,69.0,28,9.8,26,14,2,0,6,6.4,3,0,1956.69 €,vert,us-e1,B,,66,56157,0
CLI-002885,01/12/2023,vendredi,Tech,France,PME, Starter ,14,39,30,76.9%,37,"18,6",8,4,2,0,6,31.9,4,0,"556,58",clair,eu-w1,A,,59,2738,0
CLI-004277,02 Jan 2025,jeudi,Éducation,Suisse,GE, Business ,1,210,27,12.9,1,0.1,26,1,0,7,1,6.0,5,0,8377.86,clair,us-e1,A,Déploiement interne limité.,55,82438,0
CLI-004332,2024-10-26,samedi,Tech,France, PME ,business,3,48,24,,23,"8,9",26,2,2,1,5,3.0 h,2,0,2253.36,clair,eu-w1,B,"Client insatisfait, risque de départ.",53,11087,0
CLI-001071,08 Sep 2024,dimanche, Industrie ,France,ETI, Pro ,5,106,64,60.4%,26,"11,4",16,8,3,0,1,14.8 h,2,1,"2756,35",violet,eu-w3,A,Mécontentement exprimé au support.,28,20342,1
CLI-003803,26/12/2024,jeudi,Éducation,France, GE ,Business,1,330,151,45.8%,1,0.3,26,7,0,30,6,5.2,4,2,15641.13 €,violet,ap-s1,control,Compte dans la moyenne.,1,282166,1
CLI-003326,14 Sep 2023,jeudi,SANTÉ,Allemagne,pme,Enterprise,17,10,7,70.0,62,"42,5",40,26,3,2,1,"4,8",4,0,580.27,clair,us-e1,B,"Compte engagé, ambassadeur potentiel.",74,2855,0
CLI-004672,31 Jul 2024,mercredi,finance,Espagne,PME,Enterprise,6,46,38,82.6,60,,40,26,2,0,0,2.6 h,4,1,3465.93 €,clair,eu-w3,A,Compte dans la moyenne.,71,34105,0
CLI-004436,07 Jan 2025,mardi,Santé,France, GE ,enterprise,1,802,202,25.2%,11,2.1,40,4,0,1,0,"0,5",4,1,"58374,49",sombre,us-e1,control,,15,335070,1
CLI-002937,10/05/2024,vendredi,commerce,France,TPE, Business ,9,4,1,"25,0",1,0.1,26,4,2,8,1,5.2,4,0,200.15,violet,eu-w3,A,,62,4431,0
CLI-000198,2023-12-15,vendredi,Finance,France,PME,pro,14,47,34,72.3,51,18.3,16,9,5,2,0,7.1,5,0,,vert,ap-s1,control,Client très satisfait et actif.,75,32006,0
CLI-000203,01 Oct 2023,dimanche,Santé,France, ETI ,ENTERPRISE,16,46,22,"47,8",22,12.4,40,18,2,1,2,,3,0,"4033,5",clair,eu-w3,B,,73,59534,0
CLI-003343,2025-01-04,samedi,Tech,Allemagne, TPE , Business ,1,1,1,"100,0",8,3.3,26,1,0,4,0,5.3,4,1,"44,8",bleu,eu-w3,B,,25,661,1
CLI-001639,2023-12-10,dimanche, Industrie ,Suisse,PME,Business,14,33,25,75.8,69,"45,9",26,14,0,1,0,0.5,5,1,1406.05,bleu,ap-s1,A,,83,23059,0
CLI-000507,15/05/2024,mercredi,Éducation,Belgique,pme,Starter,9,32,26,81.2,28,8.1,8,3,4,1,3,"31,7",3,1,397.42,sombre,eu-w3,control,Suivi standard.,47,4888,0
CLI-003721,03/04/2023,lundi,Finance,France,eti,Business,22,66,59,89.4,82,37.4,26,13,7,3,8,10.1,1,0,3577.98,violet,us-e1,B,,63,129094,0
CLI-000770,02 Feb 2023,jeudi,Éducation,, ETI ,Pro,24,96,9,9.4,1,"0,3",16,0,8,4,8,,2,0,2479.04,violet,eu-w1,A,,62,16263,0
CLI-001513,05 Feb 2024,lundi,Tech,France,TPE,Business,12,5,1,,1,0.1,26,6,4,10,4,"7,4",2,0,212.24,vert,eu-w3,A,,24,3133,1
CLI-000279,2024-05-09,jeudi,Industrie,Belgique,PME,PRO,9,45,21,46.7,13,2.3,16,9,2,1,4,18.5,,,1138.63,vert,eu-w3,B,"Client insatisfait, risque de départ.",55,6536,0
CLI-001536,07/01/2025,mardi, Tech ,France,ETI,BUSINESS,1,217,148,68.2%,29,"21,6",26,13,0,0,7,7.6 h,2,,9168.37,clair,eu-w3,control,,34,60145,0
CLI-003941,07 Aug 2023,lundi,Tech,,PME,Enterprise,18,48,30,62.5,20,"12,9",40,13,2,0,4,3.6,2,1,4048.98,clair,eu-w3,control,"Client insatisfait, risque de départ.",57,102925,0
CLI-004040,09 Jan 2025,jeudi, Commerce ,Suisse,PME,Pro,1,21,7,33.3,8,4.3,16,1,0,1,5,15.3,3,3,452.98,clair,ap-s1,A,,2,5572,1
CLI-003983,03 Aug 2023,jeudi,,France,PME,Pro,18,49,34,69.4,9,"2,2",16,7,6,0,5,"9,6",4,0,1347.12 €,bleu,eu-w3,A,,69,24302,0
CLI-004104,07 Nov 2024,jeudi,Éducation,France, PME ,Business,3,21,15,71.4,29,"22,1",26,11,1,1,9,10.2,1,1,934.34,violet,eu-w1,A,Mécontentement exprimé au support.,16,27582,1
CLI-001880,12 Mar 2023,dimanche, Industrie ,Suisse,PME,Business,23,54,16,29.6%,1,0.2,26,1,5,15,2,5.4,4,0,"2850,02",bleu,us-e1,B,Suivi standard.,86,142558,0
CLI-004286,07 Sep 2024,samedi,Éducation,Canada,ETI,Pro,5,50,26,52.0%,17,2.9,16,5,0,3,3,15.6,3,0,904.34,vert,ap-s1,A,,8,7416,1
CLI-000776,19 Apr 2023,mercredi,Éducation,Allemagne, PME ,pro,22,6,2,33.3,10,3.5,16,7,2,0,0,9.1 h,5,0,147.67 €,violet,us-e1,A,Compte dans la moyenne.,44,7023,1
CLI-002116,08 Jan 2025,mercredi,Tech,France,tpe,Pro,1,10,3,30.0,9,1.8,16,4,0,6,3,13.0,3,6,265.67 €,sombre,eu-w3,control,RAS.,16,2614,1
CLI-002327,27/09/2024,vendredi, Finance ,Espagne,ETI,Pro,4,184,69,37.5%,2,"0,8",16,3,1,5,2,,4,3,5007.19,sombre,us-e1,A,,18,32847,1
CLI-001766,29/12/2024,dimanche,Tech,Belgique,TPE,Starter,1,4,2,50.0%,27,"6,9",8,2,0,0,4,25.1,2,3,41.55,bleu,us-e1,B,Mécontentement exprimé au support.,1,300,1
CLI-003281,03/08/2024,samedi,Éducation,France,ETI, Enterprise ,6,174,24,13.8,1,0.1,40,6,2,8,7,"4,4",2,2,12836.49,clair,us-e1,B,,6,231570,1
CLI-001889,09/05/2023,mardi,Commerce,France, ETI ,ENTERPRISE,21,175,49,28.0%,8,1.5,40,14,5,5,3,3.4,4,0,14698.64,violet,ap-s1,B,,72,735226,0
CLI-004876,2023-10-07,samedi,Éducation,Belgique,TPE,Pro,16,11,2,18.2%,1,0.4,16,2,5,19,2,6.0,3,0,254.85,violet,eu-w1,control,Faible adoption des sièges.,69,3553,0
CLI-002512,03 Jul 2023,lundi,Santé,France, PME ,Starter,19,59,14,23.7,9,,8,2,5,3,5,29.2,2,0,"662,63",clair,us-e1,A,,18,23364,1
CLI-003021,08/10/2024,mardi,Éducation,Allemagne,tpe,Starter,4,11,3,27.3,10,3.1,8,1,0,1,1,18.0 h,3,3,"122,67",vert,eu-w1,control,Suivi standard.,43,704,0
CLI-003839,10/06/2024,lundi,Finance,France, TPE ,Starter,8,11,8,72.7,9,2.1,8,2,0,5,3,18.8,4,0,126.92,clair,ap-s1,A,,41,1873,0
CLI-001294,02 Oct 2024,mercredi,TECH,France,pme,Business,4,36,14,38.9,3,0.8,26,9,0,3,1,6.5,3,1,1336.52,violet,eu-w1,B,Compte dans la moyenne.,16,10959,1
CLI-001120,29/09/2024,dimanche,Santé,Allemagne,PME,Starter,4,52,17,,22,"7,0",8,4,3,7,0,,4,0,"507,42",violet,eu-w1,B,Client très satisfait et actif.,41,4993,0
CLI-000287,2024-04-02,mardi, Éducation ,Suisse, ETI ,Business,10,74,24,"32,4",6,0.3,26,10,2,1,6,"10,3",3,3,3664.1,bleu,eu-w3,B,,15,72109,1
CLI-000968,01/07/2024,lundi,Santé,Belgique,GE,pro,7,621,477,76.8%,57,36.3,16,7,1,0,4,15.6 h,1,3,20765.16 €,bleu,eu-w1,A,,22,204329,1
CLI-002784,12/09/2023,mardi,PUBLIC,France,TPE,Starter,17,7,6,85.7,35,13.2,8,3,6,0,0,14.6,5,0,64.93,vert,ap-s1,B,"Compte engagé, ambassadeur potentiel.",70,958,0
CLI-003552,10/05/2023,mercredi,TECH,France,GE,Business,21,267,115,43.1,13,"4,4",26,9,6,1,2,4.5,4,0,12910.68,sombre,eu-w1,control,Client très satisfait et actif.,91,222322,0
CLI-000966,11 Oct 2022,mardi, Industrie ,France,TPE,Pro,28,8,4,"50,0",25,7.6,16,3,10,1,2,9.4,4,0,239.0,violet,us-e1,B,,84,23518,0
CLI-003571,14 Jan 2024,dimanche,COMMERCE,Canada,PME,Starter,13,57,27,"47,4",22,9.9,8,4,1,0,8,36.3,1,0,910.94,clair,eu-w3,B,,0,62746,1
CLI-004756,11 Nov 2024,lundi,tech,Suisse,PME,PRO,3,22,14,63.6,33,"11,1",16,7,1,1,11,17.8,2,3,622.02 €,violet,us-e1,A,"Client insatisfait, risque de départ.",0,19892,1
CLI-001596,01/11/2023,mercredi,TECH,France,TPE, Starter ,15,4,1,25.0,1,"0,4",8,1,6,3,5,39.3,,0,"56,69",clair,eu-w1,A,,19,1395,1
CLI-002494,02/09/2023,samedi,Finance,Espagne,PME, Pro ,17,11,5,45.5,6,"3,1",16,6,3,0,6,16.5,2,0,,vert,eu-w1,control,,52,2555,0
CLI-000705,26/07/2024,vendredi,Commerce,France,TPE,STARTER,6,6,4,66.7,54,"33,5",8,4,2,1,3,28.1,,1,79.97,sombre,us-e1,A,RAS.,13,787,1
CLI-002744,07/04/2024,dimanche,TECH,France, TPE ,Pro,10,3,1,33.3,1,"0,5",16,4,0,4,5,14.2 h,1,1,65.58,bleu,eu-w3,A,,1,968,1
CLI-000670,2024-02-04,dimanche,Industrie,France, ETI ,Enterprise,12,199,0,"0,0",0,,40,0,0,114,0,2.0,5,0,18484.05,violet,us-e1,control,Usage en forte baisse ce trimestre.,0,333452,1
CLI-003631,2023-10-31,mardi,INDUSTRIE,France,PME,Pro,15,40,25,62.5,5,4.3,16,5,4,7,5,17.3,2,0,1153.19,bleu,ap-s1,control,,20,77540,1
CLI-002939,11 Oct 2024,vendredi,commerce,Espagne,ETI,enterprise,4,95,56,"58,9",38,10.5,40,20,0,0,8,3.3,2,1,7409.56,vert,eu-w3,A,,7,151896,1
CLI-002741,2024-06-02,dimanche,Tech,France, PME ,starter,8,8,4,50.0,5,2.1,8,0,1,0,0,26.4,3,1,78.68,vert,eu-w3,B,RAS.,45,2194,0
CLI-002792,2022-12-04,dimanche,Éducation,France,ETI,BUSINESS,26,141,0,"0,0",0,0.0,26,0,0,113,1,4.7,4,0,5812.66 €,clair,eu-w1,control,Usage en forte baisse ce trimestre.,0,119160,1
CLI-000057,15 Feb 2024,jeudi,Industrie,Suisse,ETI, Pro ,12,114,36,31.6%,1,0.2,16,3,,1,1,10.9,2,,"3457,65",clair,us-e1,A,"Client insatisfait, risque de départ.",42,56705,0
CLI-004647,2023-10-03,mardi,COMMERCE,France,TPE,Starter,16,5,2,40.0%,11,4.7,8,4,2,6,3,29.2,4,0,48.4,vert,us-e1,control,Suivi standard.,28,397,1
CLI-003608,2023-04-15,samedi,TECH,Suisse,TPE,starter,22,3,2,66.7%,46,22.4,8,4,3,0,3,30.6,2,0,41.6,sombre,us-e1,A,"Client insatisfait, risque de départ.",67,1023,0
CLI-000220,30 Oct 2023,lundi,Santé,France,eti, Business ,15,169,138,81.7,38,"29,0",26,7,4,1,0,6.1,3,0,"9036,52",violet,us-e1,B,,75,103739,0
CLI-001315,30/05/2024,jeudi,Tech,Espagne,ETI, Pro ,8,167,122,73.1,15,2.2,16,8,2,10,0,6.9 h,5,,3470.42 €,bleu,us-e1,B,Suivi standard.,65,71144,0
CLI-000741,05 Mar 2024,mardi,Santé,Espagne,PME, Business ,11,44,10,22.7,8,,26,6,0,2,0,3.9,,0,2254.37,vert,eu-w3,A,,56,64700,0
CLI-002297,15 Jun 2023,jeudi,Commerce,France,ETI,Pro,20,202,164,81.2%,49,22.5,16,7,6,1,3,13.5,3,0,4923.5,clair,ap-s1,A,Suivi standard.,80,363354,0
CLI-001259,2024-10-26,samedi,,France,TPE,Business,3,3,2,,16,3.8,26,12,1,1,4,7.5,4,0,,sombre,eu-w1,B,RAS.,56,1688,0
CLI-000184,04/09/2024,mercredi,Éducation,Belgique,PME,PRO,5,46,35,76.1,78,51.6,16,9,2,3,5,11.5,4,0,"1238,96",violet,us-e1,B,Compte dans la moyenne.,46,16255,0
CLI-000910,23 Dec 2024,lundi,TECH,France,PME,Business,1,28,0,"0,0",0,0.0,26,0,0,30,1,8.8,3,1,"1397,26",bleu,eu-w3,control,Déploiement interne limité.,10,36664,1
CLI-003978,2024-04-12,vendredi,FINANCE,France,eti,Pro,10,123,106,86.2,46,"20,6",16,5,2,0,1,7.2,5,1,3020.34,sombre,us-e1,control,Suivi standard.,60,86684,0
CLI-001559,10 Oct 2024,jeudi,,France, PME ,Pro,4,20,0,0.0,0,0.0,16,0,0,120,0,9.1,2,1,"474,15",bleu,eu-w3,B,,0,8554,1
CLI-001554,30 May 2024,jeudi, Industrie ,Suisse,tpe,Starter,8,11,5,,10,3.6,8,2,0,1,2,"22,5",,2,120.37,vert,eu-w3,A,,33,1382,0
CLI-004892,13 Feb 2024,mardi, Santé ,Canada,ETI,Pro,12,180,131,"72,8",63,48.3,16,7,9,1,2,"15,2",3,0,"4221,41",vert,eu-w1,B,RAS.,73,90000,0
CLI-002479,2023-04-08,samedi,Finance,France,PME,Business,22,33,14,42.4,3,"1,4",26,4,3,2,5,5.7,3,0,1842.43 €,sombre,eu-w3,control,RAS.,54,71007,0
CLI-004973,04/08/2024,dimanche,Commerce,France,pme,Starter,6,51,21,41.2,20,"13,8",8,3,0,0,4,23.9,4,3,685.44,vert,eu-w3,A,,17,19110,1
CLI-004419,2023-09-30,samedi,TECH,France,pme,Business,16,27,5,18.5,1,0.1,26,7,5,17,5,8.3,5,0,1320.19,sombre,us-e1,A,,69,31394,0
CLI-003666,05/09/2024,jeudi,Santé,Allemagne,tpe,Business,5,10,8,80.0,45,23.1,26,13,1,1,5,8.7,3,1,"451,68",sombre,eu-w3,B,,23,2593,1
CLI-004852,30/07/2024,mardi,Santé,France,TPE,Pro,6,1,1,100.0%,49,39.4,16,9,1,2,2,5.6,4,0,"24,99",vert,ap-s1,A,,47,676,0
CLI-001190,31 Mar 2024,dimanche,finance,France,TPE,Enterprise,10,1,1,"100,0",63,32.0,40,23,,1,1,0.5,3,1,75.56,clair,eu-w1,control,,32,1859,1
CLI-001713,2023-10-02,lundi, Industrie ,France,PME,BUSINESS,16,46,38,82.6,61,53.8,26,14,6,1,2,"3,7",3,0,2378.8,sombre,eu-w1,control,Compte dans la moyenne.,70,78025,0
CLI-003665,23 Dec 2024,lundi, Santé ,France,TPE,Starter,1,8,4,"50,0",42,,8,5,0,2,0,29.2 h,4,1,"96,45",sombre,us-e1,control,Suivi standard.,25,1345,1
CLI-002212,2024-03-30,samedi,Industrie,France,ETI,Business,10,210,122,58.1,33,"9,4",26,10,1,0,0,2.3,3,1,"6905,92",violet,eu-w3,control,,63,79280,0
CLI-004449,16/03/2023,jeudi,éducation,France,TPE,Pro,23,1,1,100.0,37,3.2,16,8,7,1,1,9.9,4,0,21.54,sombre,us-e1,A,Client très satisfait et actif.,59,300,0
CLI-000315,06/09/2023,mercredi,INDUSTRIE,France, ETI ,business,17,207,169,81.6,96,"52,2",26,22,4,0,2,6.4,,0,12154.85,clair,eu-w3,B,,70,1056500,0
CLI-002474,2024-06-04,mardi,Santé,Allemagne, GE ,Business,8,814,0,0.0,0,"0,0",26,0,0,63,0,1.5,2,2,30549.69,clair,ap-s1,B,,2,826675,1
CLI-000429,2024-11-29,vendredi,Tech,France,TPE,Starter,2,7,2,28.6,1,"0,1",8,2,0,16,0,"14,2",4,0,75.12,bleu,us-e1,B,,41,370,0
CLI-001977,31/12/2024,mardi,,France,PME, Business ,1,18,11,61.1,30,15.0,26,13,0,0,5,8.6,3,5,522.5,vert,us-e1,A,,17,2571,1
CLI-000446,30/12/2024,lundi,COMMERCE,,pme, Pro ,1,12,8,66.7%,41,11.8,16,8,1,1,2,14.4 h,4,0,323.8,sombre,ap-s1,A,,56,16993,0
CLI-000737,04 Apr 2023,mardi,Industrie,France, TPE ,Starter,22,9,3,33.3%,2,1.0,8,3,8,2,1,17.3,3,0,112.4,clair,us-e1,A,,73,553,0
CLI-002578,2025-01-07,mardi,Industrie,France,tpe,Pro,1,9,6,66.7,29,,16,7,1,1,6,14.1,2,3,225.83,sombre,us-e1,A,Mécontentement exprimé au support.,2,3889,1
CLI-003320,10/02/2024,samedi,Industrie,France,ETI,enterprise,12,179,99,55.3,27,17.4,40,7,1,2,1,"5,7",4,0,15251.95 €,bleu,us-e1,A,,55,262639,0
CLI-000090,31 Dec 2024,mardi,,Canada,PME, Pro ,1,11,7,"63,6",6,"0,4",16,8,0,2,3,22.0 h,3,1,275.54,violet,ap-s1,control,RAS.,6,5423,1
CLI-000760,01 Jan 2025,mercredi,Finance,France,tpe,Business,1,3,1,33.3,10,1.3,26,4,0,0,2,3.5 h,4,1,"106,41",bleu,us-e1,A,,43,436,0
CLI-004750,08 Jan 2025,mercredi,Éducation,France,PME, Starter ,1,27,0,0.0,0,,8,0,0,30,7,27.6,2,0,338.06,clair,us-e1,A,,0,3327,1
CLI-002294,2025-01-06,lundi,PUBLIC,Suisse, ETI ,Enterprise,1,49,18,36.7,3,,40,1,0,11,3,6.2 h,1,0,3463.2,violet,ap-s1,B,Mécontentement exprimé au support.,9,31238,1
CLI-001949,28/03/2024,jeudi,Industrie,France,PME,Pro,10,29,14,"48,3",12,,16,3,5,4,10,"14,2",3,1,754.95,vert,eu-w1,control,Support très sollicité récemment.,15,10524,1
CLI-003850,05 Oct 2023,jeudi,Commerce,France, TPE ,Pro,16,9,6,66.7,26,22.1,16,5,1,0,4,"14,4",4,0,235.03,sombre,eu-w1,control,,70,6745,0
CLI-002310,2023-05-14,dimanche,,,PME,Enterprise,21,24,9,37.5,1,0.1,40,3,5,15,11,"7,5",1,0,1730.32,clair,ap-s1,B,,54,12770,0
CLI-003686,2024-11-23,samedi,Industrie,France,PME,Pro,2,14,8,57.1,32,12.3,16,7,1,5,6,13.4,3,0,"318,51",bleu,ap-s1,B,Suivi standard.,5,1306,1
CLI-002533,13 Jun 2023,mardi,Finance,Suisse,GE,Business,20,125,27,21.6%,6,0.5,26,2,7,2,8,5.1,2,0,5248.28,sombre,eu-w1,A,,51,60250,0
CLI-001775,28/04/2024,dimanche,Industrie,France,ETI,enterprise,9,69,35,50.7,26,8.9,40,18,1,1,3,4.0,2,0,5728.94,bleu,eu-w3,B,"Client insatisfait, risque de départ.",62,117443,0
CLI-001292,03 Jun 2024,lundi,tech,France, PME ,Business,8,53,5,9.4,1,0.1,26,3,1,0,3,,3,0,"2608,78",bleu,us-e1,A,,30,32088,1
CLI-000144,12 Feb 2024,lundi,industrie,Allemagne, TPE , Business ,12,10,2,20.0,1,,26,10,2,3,4,8.6,2,,455.52 €,bleu,eu-w3,B,,11,5603,1
CLI-004115,15 Feb 2024,jeudi,Industrie,France,TPE,STARTER,12,7,5,71.4%,35,"17,1",8,2,3,0,9,,1,1,83.59,violet,eu-w3,A,"Client insatisfait, risque de départ.",9,2193,1
CLI-001466,2022-09-12,lundi,,France,pme,ENTERPRISE,29,51,38,74.5,82,55.6,40,22,9,1,2,2.8,4,0,4026.32,bleu,eu-w3,control,,92,118857,0
CLI-001244,10 Nov 2023,vendredi, Éducation ,France, TPE ,Starter,15,7,4,57.1,44,3.1,8,4,2,1,5,47.7,2,0,80.87,bleu,eu-w3,control,"Client insatisfait, risque de départ.",11,2056,1
CLI-002403,30 Oct 2023,lundi,santé,France,PME,Pro,15,42,9,21.4,1,"0,2",16,0,2,10,3,14.0,4,0,988.96,violet,eu-w3,B,,58,10542,0
CLI-001883,2023-04-06,jeudi, Tech ,Allemagne,PME,business,22,13,6,46.2%,28,"15,9",26,14,,1,1,6.9 h,2,0,538.72 €,sombre,eu-w3,A,,68,8835,0
CLI-001711,02 Apr 2024,mardi,Finance,France,TPE,Starter,10,5,4,80.0,72,41.2,8,4,1,0,3,28.2,4,2,"66,06",sombre,eu-w3,control,,49,2708,0
CLI-003301,14/04/2024,dimanche,Industrie,Canada,pme,Pro,10,57,25,43.9,22,2.9,16,4,2,4,0,6.4,5,1,1223.74,bleu,eu-w1,A,Suivi standard.,60,45156,0
CLI-002747,09 May 2023,mardi,TECH,France,TPE, Pro ,21,7,6,85.7,66,10.0,16,7,3,1,0,16.5,,0,206.15,bleu,us-e1,control,Suivi standard.,72,3381,0
CLI-004239,2024-08-01,jeudi, Santé ,France,TPE,Pro,6,4,1,25.0,1,"0,6",16,4,0,9,0,"9,4",4,1,107.5,clair,eu-w3,B,,53,2733,0
CLI-001668,08/06/2024,samedi,Industrie,France,pme, Business ,8,37,14,37.8,3,"1,6",26,5,2,2,7,6.7,2,0,1566.34,sombre,eu-w3,control,,20,37248,1
CLI-003646,14/03/2024,jeudi,Tech,France,PME,pro,11,14,7,50.0,12,8.2,16,6,4,0,0,8.2,4,1,"378,66",bleu,eu-w3,B,Client très satisfait et actif.,72,7763,0
CLI-003831,2024-10-12,samedi,Tech,France,PME, Pro ,4,25,10,40.0,12,"3,2",16,5,1,6,0,13.3,4,1,594.21,bleu,eu-w3,control,,44,6822,0
CLI-003353,03/01/2025,vendredi,Industrie,France,TPE,starter,1,8,5,"62,5",17,"11,2",8,4,,0,0,13.0,5,1,"81,54",sombre,ap-s1,A,Compte dans la moyenne.,61,1204,0
CLI-002298,12/02/2024,lundi,commerce,Espagne,GE,Business,12,880,453,51.5,27,12.2,26,11,1,1,0,6.9,,0,40374.98,vert,eu-w3,A,RAS.,66,1489837,0
CLI-002308,07 Sep 2023,jeudi,Commerce,France,PME,Pro,17,17,3,17.6,3,0.4,16,2,6,5,1,4.8,5,0,381.4,vert,eu-w3,A,,76,6568,0
CLI-002043,2023-06-04,dimanche,Commerce,Espagne,TPE, Starter ,20,3,1,"33,3",1,"0,5",8,2,6,13,2,19.2 h,4,,31.68,clair,ap-s1,B,Suivi standard.,71,300,0
CLI-001376,07/12/2023,jeudi,Santé,France, TPE ,Starter,14,1,1,100.0,17,5.4,8,2,1,2,3,"21,2",4,0,12.27,bleu,eu-w3,B,,28,300,1
CLI-002932,2024-01-31,mercredi,TECH,Suisse,PME,Pro,12,52,14,26.9,4,0.5,16,3,0,8,5,"16,0",3,0,1335.29,clair,eu-w3,A,,8,25184,1
CLI-000904,28/12/2024,samedi,Public,Canada,PME, Pro ,1,34,27,"79,4",35,"23,2",16,8,0,0,4,"16,7",,2,1014.53,bleu,eu-w3,control,,19,22462,1
CLI-004465,2024-02-28,mercredi,finance,France,PME,Starter,11,52,26,50.0,27,16.6,8,3,0,0,2,20.3 h,5,1,621.65,vert,eu-w3,A,,46,12234,0
CLI-001051,2022-11-04,vendredi,Commerce,Espagne,tpe, Starter ,27,6,2,33.3,1,"0,4",8,2,6,25,5,30.2,4,0,,violet,us-e1,control,,62,2303,0
CLI-004180,01/08/2024,jeudi,Industrie,Suisse,PME,Starter,6,15,11,73.3,10,0.5,8,1,2,1,0,17.6,4,2,170.1,clair,eu-w3,A,Compte dans la moyenne.,44,558,0
CLI-002383,2024-01-15,lundi, Éducation ,Espagne,PME,Enterprise,13,47,39,83.0%,61,38.1,40,32,5,0,0,0.5 h,5,0,4087.87,clair,eu-w1,A,,76,53633,0
CLI-004879,08 Jan 2024,lundi,PUBLIC,France, GE , Enterprise ,13,836,657,78.6,24,4.1,40,16,4,2,2,,,0,"69522,07",clair,us-e1,B,,66,855121,0
CLI-002902,02/10/2024,mercredi,FINANCE,Espagne,TPE,Starter,4,1,0,0.0,0,0.0,8,0,,120,2,18.2,4,0,12.4,violet,ap-s1,B,"Compte peu actif, relance nécessaire.",0,300,1
CLI-004977,2024-07-03,mercredi, Éducation ,Suisse,pme, Starter ,7,53,0,0.0,0,0.0,8,0,0,39,0,14.3 h,5,1,"593,51",violet,us-e1,A,Faible adoption des sièges.,41,9247,0
CLI-004221,11 Oct 2023,mercredi,SANTÉ,France,ETI,PRO,16,143,131,91.6%,64,51.6,16,10,7,1,0,3.5,5,0,4501.98,clair,eu-w1,B,,76,262105,0
CLI-002643,2023-09-30,samedi,COMMERCE,Allemagne, PME ,Pro,16,41,17,"41,5",6,1.7,16,4,2,12,0,0.5,4,0,811.93 €,vert,ap-s1,control,Compte dans la moyenne.,66,13981,0
CLI-000626,2024-05-06,lundi,FINANCE,France,TPE,Starter,9,10,3,30.0%,1,"0,1",8,1,4,19,0,12.4,4,1,121.65,vert,ap-s1,B,,50,1596,0
CLI-001093,04 Dec 2024,mercredi,finance,France,PME,Pro,2,25,14,56.0,28,9.8,16,8,0,1,1,"9,7",3,0,"714,02",bleu,ap-s1,A,RAS.,7,13466,1
CLI-001060,2023-10-11,mercredi,Industrie,Allemagne,PME,Business,16,25,21,"84,0",83,71.4,26,14,6,3,2,6.4,4,1,1388.95,bleu,eu-w3,B,,69,35307,0
CLI-001353,10/03/2023,vendredi, Éducation ,France,PME,BUSINESS,23,51,37,72.5,26,7.5,26,6,5,1,0,0.5,5,0,2120.05,vert,eu-w3,control,Client très satisfait et actif.,83,126906,0
CLI-004798,2024-12-02,lundi,Industrie,Suisse, PME ,Pro,2,46,20,"43,5",1,0.3,16,4,0,2,6,13.9,3,1,840.26,sombre,us-e1,control,Compte dans la moyenne.,6,4134,1
CLI-001808,2024-09-05,jeudi,Public,France, PME ,Starter,5,21,11,"52,4",16,5.7,8,4,2,0,1,17.5,4,1,196.01 €,clair,eu-w3,control,Compte dans la moyenne.,56,5947,0
CLI-001753,10 Apr 2024,mercredi,Tech,France,GE,Enterprise,10,695,285,41.0,19,9.2,40,16,1,1,2,2.8,3,0,60843.62,violet,eu-w1,control,RAS.,43,1347078,0
CLI-000166,2024-12-24,mardi, Industrie ,France,PME,PRO,1,20,4,20.0,1,"0,1",16,2,0,0,3,18.0,1,2,460.1,clair,ap-s1,B,"Client insatisfait, risque de départ.",10,7546,1
CLI-002266,11/12/2024,mercredi,COMMERCE,France,ge,Enterprise,2,214,171,79.9,51,"30,0",40,20,0,1,0,6.0,5,2,18867.81,vert,us-e1,B,Compte dans la moyenne.,62,371319,0
CLI-001066,09/11/2023,jeudi,Industrie,,ETI,Business,15,123,87,"70,7",72,"61,8",26,15,3,3,1,5.4,4,0,"6109,65",bleu,ap-s1,A,,85,601190,0
CLI-001658,2024-05-05,dimanche,Industrie,France,PME,Pro,9,53,46,86.8,76,35.7,16,8,0,0,4,18.0,4,2,1637.97,vert,ap-s1,control,,43,30892,0
CLI-000137,31/12/2024,mardi,Santé,Canada,TPE,STARTER,1,10,4,40.0,10,0.5,8,4,0,6,0,19.0,5,1,"103,52",violet,eu-w1,A,RAS.,38,679,0
CLI-002154,10 Jan 2024,mercredi,SANTÉ,France,ge,Business,13,831,151,18.2,1,,26,3,3,4,5,"3,8",3,1,39034.24 €,violet,eu-w1,B,,55,800202,0
CLI-000768,28 Dec 2024,samedi, Tech ,France,TPE,Starter,1,1,1,"100,0",81,"26,4",8,2,,0,0,19.0 h,4,5,"10,98",violet,eu-w1,B,Suivi standard.,20,300,1
CLI-000730,2023-09-15,vendredi,Finance,Belgique,PME,Starter,17,34,30,88.2,66,,8,4,3,1,4,33.7,3,0,460.14,sombre,eu-w1,control,RAS.,62,20375,0
CLI-001322,16 Mar 2024,samedi,commerce,,PME,business,11,51,34,66.7%,23,"8,8",26,9,4,0,6,7.9 h,,0,"2325,61",sombre,us-e1,control,Client très satisfait et actif.,59,70559,0
CLI-002757,17/02/2023,vendredi,Santé,France,TPE,Pro,24,9,5,55.6,41,20.8,16,10,7,0,0,6.4,,0,249.9,clair,ap-s1,A,Client très satisfait et actif.,83,6967,0
CLI-004640,2023-06-02,vendredi,Éducation,Espagne,ETI,Business,20,46,27,58.7%,46,14.9,26,17,5,0,0,,4,0,2361.5 €,violet,eu-w1,A,,89,61966,0
CLI-001850,10/06/2023,samedi,TECH,France, PME ,starter,20,33,17,51.5,32,"21,8",8,3,5,0,3,,4,0,"389,33",vert,us-e1,A,Client très satisfait et actif.,78,7343,0
CLI-004710,10 Jan 2024,mercredi,Santé,Suisse, PME ,Business,13,21,10,47.6,39,19.0,26,14,2,0,5,,,0,1048.07 €,vert,ap-s1,A,Mécontentement exprimé au support.,55,5157,0
CLI-004917,2024-01-13,samedi,Finance,France,eti,Business,13,182,62,34.1,13,"5,9",26,2,1,1,0,5.9 h,5,0,,sombre,us-e1,control,Compte dans la moyenne.,73,62098,0
CLI-000806,2024-01-15,lundi, Commerce ,Belgique,tpe,STARTER,13,1,1,100.0,39,"4,3",8,1,2,1,1,20.7,4,0,12.01 €,clair,us-e1,A,Suivi standard.,30,300,1
CLI-002662,09/01/2024,mardi,FINANCE,France,GE,Enterprise,13,431,37,8.6,1,0.1,40,4,2,24,0,1.2,4,0,29890.16 €,clair,eu-w1,B,,59,514709,0
CLI-001205,2023-11-02,jeudi,Tech,Allemagne, PME ,Pro,15,16,10,62.5,14,"4,6",16,8,5,5,1,11.7,4,0,375.12,vert,ap-s1,A,,54,2153,0
CLI-004182,07/08/2024,mercredi,finance,Espagne, ETI ,Business,6,140,115,"82,1",78,45.8,26,19,0,1,0,5.8,5,,6654.05 €,sombre,us-e1,control,,54,92757,0
CLI-003586,02/10/2023,lundi,INDUSTRIE,France,ETI,Pro,16,99,67,67.7%,51,"7,4",16,5,4,1,5,17.6 h,3,0,2542.79,vert,us-e1,control,RAS.,54,135531,0
CLI-000260,11/06/2024,mardi,Commerce,France, PME ,Business,8,49,18,36.7,9,"3,9",26,8,0,1,0,"0,5",5,3,2607.96,clair,eu-w1,B,,16,72710,1
CLI-000174,14 Apr 2024,dimanche,finance,Suisse,PME,Starter,10,6,5,83.3,81,"23,2",8,4,2,0,0,15.6,5,0,68.8,vert,eu-w1,control,,59,508,0
CLI-000631,01 Jan 2025,mercredi, Santé ,Belgique,PME,Business,1,29,5,17.2,1,"0,1",26,3,0,1,1,0.7 h,3,3,"1097,2",vert,eu-w1,B,,43,8097,0
CLI-000264,19 May 2023,vendredi,Santé,Canada,ETI,enterprise,21,115,78,67.8,39,16.7,40,23,6,0,0,1.3,,0,"8651,89",vert,us-e1,A,,77,262498,0
CLI-004776,20 Jun 2023,mardi,Éducation,France, TPE ,Pro,20,10,8,80.0%,83,"85,6",16,9,7,0,0,4.8,5,0,235.0 €,sombre,us-e1,B,"Compte engagé, ambassadeur potentiel.",89,5010,0
CLI-002995,11/10/2024,vendredi,,France, TPE ,Pro,4,2,2,100.0,60,27.0,16,6,1,3,0,6.9 h,,3,50.02,bleu,eu-w3,A,,56,3322,0
CLI-003865,12 Mar 2024,mardi,FINANCE,,TPE,starter,11,11,1,9.1%,1,"0,2",8,1,2,1,1,17.4,4,0,"129,37",violet,eu-w1,control,Déploiement interne limité.,24,1273,1
CLI-004059,29 Jun 2024,samedi, Santé ,Belgique,TPE,Starter,7,10,2,20.0%,2,0.6,8,1,4,1,0,17.7,4,2,87.0,vert,eu-w1,control,Déploiement interne limité.,46,428,0
CLI-001153,02/01/2025,jeudi,Commerce,,pme, Pro ,1,47,17,36.2,1,0.1,16,2,0,1,4,13.9,2,4,"909,2",bleu,eu-w3,A,Mécontentement exprimé au support.,6,9692,1
CLI-003737,25/10/2024,vendredi,Finance,France, ETI ,Pro,3,124,92,74.2%,55,"20,9",16,9,1,1,0,11.6,3,1,3285.69,violet,ap-s1,A,,52,56580,0
CLI-002719,2024-06-03,lundi,Commerce,Belgique,GE, Business ,8,234,160,"68,4",65,46.2,26,14,4,0,2,7.0 h,4,1,"10824,4",violet,eu-w1,B,"Compte engagé, ambassadeur potentiel.",64,718957,0
CLI-001431,2023-03-05,dimanche,INDUSTRIE,Suisse,ETI,PRO,23,197,56,28.4,2,0.9,16,4,3,0,2,5.1,5,0,5294.48,bleu,eu-w3,A,,72,369025,0
CLI-000607,06 Jan 2025,lundi,Santé,Suisse, PME ,Pro,1,36,25,69.4,26,8.4,16,7,,0,3,15.2,,1,,clair,eu-w1,A,,43,25642,0
CLI-001995,29 Apr 2024,lundi,Tech,Belgique,TPE,Pro,9,11,6,54.5,17,4.0,16,4,1,8,6,,3,1,229.96,clair,ap-s1,B,,10,1131,1
CLI-002045,10 Feb 2023,vendredi,COMMERCE,France,PME,Business,24,7,4,"57,1",22,23.1,26,8,8,0,0,3.2,5,0,335.0,bleu,eu-w3,B,,80,11263,0
CLI-004555,2024-05-06,lundi,Tech,Belgique,eti,Business,9,186,91,48.9%,26,"13,0",26,13,,1,6,6.1,2,0,8197.13,bleu,us-e1,A,Mécontentement exprimé au support.,64,127711,0
CLI-001624,2024-08-07,mercredi, Public ,France,PME,Pro,6,22,7,31.8,4,0.2,16,4,1,0,5,"16,2",,1,472.55,sombre,ap-s1,control,,42,5425,0
CLI-000490,2023-12-03,dimanche, Finance ,France,TPE,Starter,14,3,2,66.7,32,19.0,8,3,5,1,1,21.9,4,0,37.61,violet,us-e1,A,,69,370,0
CLI-003478,24/12/2024,mardi,Public,France,ETI, Business ,1,140,80,57.1,43,"24,5",26,9,0,1,3,7.8,3,3,6273.76,sombre,ap-s1,control,Suivi standard.,14,123468,1
CLI-000978,05 Aug 2024,lundi,Industrie,France,TPE,STARTER,6,1,1,100.0,24,12.8,8,1,,2,2,21.0 h,4,1,10.91,bleu,ap-s1,control,,13,304,1
CLI-000876,2023-11-11,samedi,INDUSTRIE,France,TPE,starter,15,8,1,"12,5",4,1.9,8,0,3,0,0,16.8 h,,0,"105,89",violet,us-e1,control,Faible adoption des sièges.,69,7381,0
CLI-001927,2024-09-12,jeudi,,Allemagne, GE ,business,5,136,35,25.7,1,0.3,26,3,1,2,5,5.7,2,0,5264.91,sombre,us-e1,B,"Client insatisfait, risque de départ.",23,43172,1
CLI-002828,31/08/2024,samedi, Tech ,France,tpe,ENTERPRISE,5,8,1,,1,0.1,40,1,0,4,3,,4,1,588.62,violet,us-e1,B,,52,6757,0
CLI-000161,02/09/2024,lundi,ÉDUCATION,Suisse,TPE,STARTER,5,2,1,50.0,16,"4,8",8,3,0,0,0,20.7,4,0,"19,91",sombre,us-e1,control,,20,300,1
CLI-003328,06 Aug 2024,mardi,public,France,ETI,Business,6,185,149,80.5,49,22.9,26,12,0,2,3,8.8,3,1,9276.36,vert,us-e1,control,,40,106493,0
CLI-000945,03 Jul 2024,mercredi,Finance,Canada,TPE,Pro,7,10,4,40.0%,21,10.4,16,5,2,1,4,10.2,4,0,240.83,clair,ap-s1,control,RAS.,45,7504,0
CLI-000324,2024-05-05,dimanche,INDUSTRIE,France,TPE,PRO,9,8,3,37.5%,24,"10,3",16,4,3,1,3,11.4,4,,193.0,clair,eu-w1,control,Client très satisfait et actif.,61,8071,0
CLI-004903,2024-05-13,lundi,Industrie,Canada,tpe, Business ,9,2,2,"100,0",87,"94,5",26,12,1,1,0,0.8,4,1,"99,26",violet,us-e1,B,Compte dans la moyenne.,69,3012,0
CLI-001312,08 Dec 2023,vendredi, Commerce ,Allemagne, TPE ,Pro,14,3,1,"33,3",11,6.2,16,5,3,3,0,0.5,,0,59.59,vert,us-e1,A,,75,1808,0
CLI-001412,07/01/2025,mardi, Commerce ,Allemagne,ETI, Starter ,1,81,56,69.1,30,20.2,8,4,0,0,7,"34,0",3,2,,sombre,eu-w1,control,"Multiples tickets ouverts, friction élevée.",5,5301,1
CLI-003090,26/10/2024,samedi,Tech,France, ETI ,Business,3,49,22,44.9,20,"7,6",26,7,1,2,2,,,1,2041.56,violet,ap-s1,control,,37,11719,0
CLI-003990,02 Jan 2025,jeudi,commerce,Canada,TPE,Starter,1,6,4,66.7,32,13.5,8,2,0,0,0,18.5,5,5,68.27,vert,ap-s1,control,Suivi standard.,5,504,1
CLI-004521,02 Jan 2025,jeudi, Éducation ,Belgique,eti,Business,1,141,104,"73,8",47,32.1,26,3,0,0,0,4.8 h,3,2,6085.66,violet,eu-w3,A,,19,79844,1
CLI-003449,13 Dec 2023,mercredi,,Espagne,TPE, Pro ,14,7,5,71.4,14,,16,6,0,1,5,13.5,2,0,200.9,violet,eu-w3,A,,20,1812,1
CLI-000182,04 Jan 2025,samedi,Industrie,Allemagne,PME,Pro,1,38,28,73.7%,52,10.1,16,6,0,0,1,15.7,3,1,981.43,vert,us-e1,B,Compte dans la moyenne.,17,17705,1
CLI-001125,2024-09-29,dimanche, Commerce ,France,PME,Business,4,8,7,,48,,26,8,3,3,0,1.8,5,3,"392,14",clair,us-e1,B,,61,16721,0
CLI-000292,08 Mar 2024,vendredi, Santé ,France, TPE ,Pro,11,1,1,100.0,77,39.3,16,7,2,0,9,"19,6",1,1,25.16,bleu,us-e1,B,,14,300,1
CLI-002057,11 Oct 2023,mercredi,Finance,France,PME, Pro ,16,49,35,71.4,30,5.8,16,7,2,2,1,13.3,3,0,1234.89 €,vert,ap-s1,A,,57,13164,0
CLI-001356,2024-04-06,samedi,Tech,France,TPE,pro,10,1,1,"100,0",77,"53,5",16,5,4,0,0,0.5,5,0,24.29,violet,eu-w3,control,Client très satisfait et actif.,72,418,0
CLI-000723,14 Dec 2023,jeudi,santé,Espagne,TPE,Starter,14,1,1,100.0,30,17.6,8,3,3,2,1,20.3,2,0,10.85,clair,ap-s1,control,"Client insatisfait, risque de départ.",66,300,0
CLI-003673,05/11/2023,dimanche,Finance,France,TPE,starter,15,5,3,60.0,42,29.4,8,3,5,2,1,20.2,4,1,,clair,eu-w3,A,,71,1395,0
CLI-002430,23 Nov 2024,samedi, Santé ,France,ETI,Pro,2,49,29,59.2,41,7.3,16,7,0,2,3,10.1,2,1,,vert,eu-w3,B,Mécontentement exprimé au support.,13,22623,1
CLI-004030,13 Aug 2024,mardi,Santé,Canada,PME,Enterprise,6,23,3,"13,0",1,0.1,40,6,0,30,3,3.8 h,3,1,1696.29,clair,eu-w1,control,Faible adoption des sièges.,18,34774,1
CLI-004027,01 Jun 2024,samedi,Commerce,Suisse,ETI,Pro,8,204,93,45.6%,17,,16,4,2,5,0,7.0,5,0,"5393,84",sombre,us-e1,A,Suivi standard.,71,132688,0
CLI-003612,07/01/2024,dimanche,Public,France,ETI,Business,13,194,65,"33,5",12,1.4,26,12,6,1,4,2.2,4,0,9268.09,violet,ap-s1,A,Client très satisfait et actif.,71,227995,0
CLI-001413,04/07/2023,mardi,Finance,Allemagne,PME, Pro ,19,51,32,62.7%,37,"14,6",16,5,3,0,2,"11,0",4,0,1231.43,sombre,ap-s1,A,,61,36352,0
CLI-001984,12 Nov 2023,dimanche, Finance ,Canada,TPE,Starter,15,10,3,"30,0",2,"0,7",8,2,4,5,1,"33,1",3,1,121.47,sombre,ap-s1,B,,42,3287,0
CLI-003791,01 Jan 2025,mercredi, Santé ,France,TPE, Pro ,1,2,1,50.0,19,7.1,16,10,0,0,1,13.0 h,3,0,54.09,clair,us-e1,A,,19,1597,1
CLI-004128,09 Nov 2022,mercredi, Industrie ,France,pme,Pro,27,56,36,"64,3",25,12.6,16,6,7,1,4,12.8,3,0,1664.42,clair,eu-w1,control,,71,102362,0
CLI-002798,2024-03-11,lundi,,Canada, ETI ,business,11,53,19,35.8,19,,26,8,2,2,6,8.4,2,0,1747.19,bleu,ap-s1,B,Mécontentement exprimé au support.,43,12894,0
CLI-000266,02 Oct 2024,mercredi,Public,France,TPE,Business,4,4,2,,21,"7,0",26,6,0,2,0,"3,3",4,4,183.84 €,violet,eu-w3,control,,14,2110,1
CLI-002516,30/03/2024,samedi,Public,France,PME, Starter ,10,17,3,17.6,4,"0,7",8,1,2,4,0,0.5,5,1,"186,76",vert,ap-s1,B,,61,2603,0
CLI-002622,02/01/2025,jeudi,industrie,Canada,PME, Pro ,1,48,18,,10,"2,1",16,4,0,8,3,"11,9",5,2,"1094,41",violet,us-e1,A,Suivi standard.,44,5384,0
CLI-001335,2024-12-28,samedi, Tech ,Belgique,PME,Pro,1,52,38,,71,14.2,16,10,1,1,2,10.5,,3,1221.86,bleu,us-e1,control,Compte dans la moyenne.,55,19037,0
CLI-004103,31 Oct 2023,mardi,,Canada,PME, Pro ,15,30,6,20.0,1,0.6,16,0,6,6,1,14.2,5,0,743.06,vert,eu-w1,control,Déploiement interne limité.,69,14623,0
CLI-000027,08 Oct 2023,dimanche, Santé ,France,pme,Pro,16,23,16,69.6%,18,9.3,16,7,3,0,5,14.2,3,0,636.49,bleu,eu-w1,B,,56,12526,0
CLI-002206,31 Aug 2023,jeudi,COMMERCE,Belgique,ETI, Pro ,17,72,32,44.4,11,"3,9",16,7,2,1,6,"19,9",1,0,1787.81,clair,ap-s1,B,Mécontentement exprimé au support.,28,76232,1
CLI-002849,07 Jan 2025,mardi,Commerce,France, TPE ,PRO,1,2,1,50.0,1,0.2,16,6,0,2,2,"9,4",4,,40.44,clair,eu-w3,B,,52,663,0
CLI-003380,2024-05-27,lundi,Tech,,TPE,Enterprise,8,3,1,33.3,20,"9,7",40,23,1,0,6,0.5,2,0,219.52 €,bleu,us-e1,B,"Client insatisfait, risque de départ.",55,4140,0
CLI-003904,30 Oct 2023,lundi,Commerce,France,PME,Pro,15,58,0,0.0,0,0.0,16,0,0,172,0,9.7 h,4,0,1408.02,sombre,eu-w1,control,"Compte peu actif, relance nécessaire.",0,36946,1
CLI-004952,2024-03-07,jeudi,Commerce,France,pme,Pro,11,23,17,73.9,67,67.7,16,9,1,1,2,,3,0,"551,45",bleu,eu-w3,A,,58,23966,0
CLI-001352,2023-03-05,dimanche,Tech,,tpe,Pro,23,3,2,"66,7",58,50.4,16,13,7,0,0,8.1,5,0,76.59,sombre,eu-w3,control,,85,1130,0
CLI-000708,04 Nov 2024,lundi,Finance,France, PME , Pro ,3,21,10,47.6,18,"4,8",16,5,1,2,0,10.3,2,1,"417,79",bleu,eu-w1,A,,17,2741,1
CLI-001780,2022-05-13,vendredi,commerce,Belgique,TPE,Starter,33,4,1,"25,0",4,1.3,8,0,10,18,0,10.8,4,0,50.99,vert,us-e1,control,,78,2258,0
CLI-003667,24/12/2024,mardi,tech,,pme,STARTER,1,24,5,20.8%,6,0.3,8,2,0,1,5,22.6,2,1,234.29,sombre,ap-s1,B,,16,2690,1
CLI-002121,2022-12-08,jeudi, Tech ,Canada,tpe,Starter,26,9,0,0.0,0,0.0,8,0,0,48,5,21.1,3,0,114.62,clair,ap-s1,control,Faible adoption des sièges.,3,2444,1
CLI-002244,08/10/2023,dimanche,Santé,France,PME,PRO,16,57,15,26.3%,10,0.5,16,3,3,5,3,10.2,3,0,1330.49 €,vert,eu-w3,B,Compte dans la moyenne.,62,21820,0
CLI-001645,2024-11-07,jeudi,Commerce,Allemagne,tpe,Enterprise,3,3,0,0.0,0,0.0,40,0,0,90,5,5.2,3,3,196.51,clair,eu-w3,control,Usage en forte baisse ce trimestre.,0,1934,1
CLI-000210,2023-12-13,mercredi,Éducation,France,pme,Business,14,12,6,50.0%,23,,26,6,2,3,6,5.2,3,0,687.56,violet,us-e1,A,,64,15223,0
CLI-003150,13 Sep 2023,mercredi,Éducation,,PME,pro,17,56,29,51.8%,9,4.1,16,4,2,3,7,20.6 h,2,0,1380.22,vert,ap-s1,A,"Client insatisfait, risque de départ.",20,12450,1
CLI-003993,2024-08-02,vendredi, Éducation ,Allemagne,TPE,Starter,6,8,1,12.5,6,1.1,8,1,3,6,3,15.7 h,5,4,88.77,sombre,eu-w3,control,,53,1092,0
CLI-003504,26 Dec 2024,jeudi,TECH,France,pme,Starter,1,32,0,0.0%,0,0.0,8,0,0,30,2,16.3,2,1,340.78,violet,eu-w1,A,Mécontentement exprimé au support.,0,3633,1
CLI-002740,2023-08-10,jeudi,Finance,France,PME, Business ,18,34,6,17.6%,1,0.4,26,5,4,2,1,5.1 h,4,0,1339.72,bleu,eu-w3,A,Déploiement interne limité.,67,7690,0
CLI-002419,07 May 2023,dimanche,tech,Belgique,TPE,Enterprise,21,8,4,50.0,23,14.5,40,17,3,0,1,2.6,4,0,700.16,bleu,eu-w3,control,,80,13779,0
CLI-003725,04 Jan 2025,samedi, Industrie ,Belgique,PME,ENTERPRISE,1,8,1,12.5,1,"0,1",40,16,0,3,4,2.3 h,,0,590.01,bleu,eu-w3,A,,11,2903,1
CLI-004351,05 Mar 2024,mardi,Éducation,France,PME, Pro ,11,32,18,56.2,28,8.9,16,5,1,1,7,"18,8",2,1,959.06,bleu,eu-w3,B,"Client insatisfait, risque de départ.",14,36962,1
CLI-003979,05/11/2024,mardi,commerce,Espagne,ETI,Pro,3,64,22,34.4,9,2.5,16,5,1,2,2,,3,2,1210.71,bleu,eu-w1,control,RAS.,51,9928,0
CLI-001926,2024-11-30,samedi,Commerce,France,TPE, Pro ,2,1,1,100.0,44,30.4,16,5,0,4,2,11.5 h,5,1,18.24 €,violet,ap-s1,A,,63,300,0
CLI-004528,09/03/2023,jeudi,PUBLIC,France,TPE,Starter,23,3,2,"66,7",25,"20,8",8,2,6,2,0,16.3,5,0,36.67,sombre,us-e1,B,,80,1744,0
CLI-001482,2023-06-11,dimanche,Tech,Espagne,PME,Business,20,53,20,"37,7",27,12.8,26,4,4,0,3,7.8,2,0,2229.9,sombre,eu-w1,control,Mécontentement exprimé au support.,82,20114,0
CLI-004396,01/09/2023,vendredi,FINANCE,France,ETI,Pro,17,55,0,0.0,0,0.0,16,0,0,75,0,"10,1",4,0,1460.66,sombre,eu-w3,control,"Compte peu actif, relance nécessaire.",42,14373,0
CLI-004050,2023-05-03,mercredi,Industrie,Belgique,PME,BUSINESS,21,34,32,"94,1",118,93.9,26,19,8,0,4,"8,0",2,0,"1727,79",violet,us-e1,A,"Client insatisfait, risque de départ.",90,86424,0
CLI-000101,2024-01-08,lundi,Commerce,France,ETI,Enterprise,13,49,8,16.3,1,0.3,40,14,4,9,0,0.5,4,1,3850.49,vert,eu-w3,B,Faible adoption des sièges.,68,82092,0
CLI-003272,15 Sep 2023,vendredi,Industrie,France,PME,Pro,17,58,35,"60,3",1,0.3,16,8,3,2,1,8.0,4,0,1522.38,bleu,eu-w3,control,"Compte engagé, ambassadeur potentiel.",60,23719,0
CLI-003286,2023-06-05,lundi,COMMERCE,Canada,PME,Starter,20,35,25,"71,4",42,33.4,8,3,,0,5,41.8,2,0,365.41,vert,eu-w1,control,,50,6592,0
CLI-000423,2023-10-12,jeudi,Santé,France,eti,BUSINESS,16,142,38,"26,8",4,"0,8",26,4,3,3,4,6.4,2,0,"6250,62",vert,eu-w1,A,"Client insatisfait, risque de départ.",62,41004,0
CLI-000865,06 Oct 2023,vendredi,Industrie,Allemagne,PME,Enterprise,16,8,3,"37,5",1,,40,9,6,9,0,1.7,4,0,657.81,clair,eu-w3,B,"Compte engagé, ambassadeur potentiel.",76,8630,0
CLI-003473,2024-07-14,dimanche,tech,France,PME,Pro,7,37,9,24.3%,4,1.6,16,5,1,0,6,20.3,2,0,836.09 €,bleu,eu-w3,control,,13,12341,1
CLI-000669,04/12/2022,dimanche,Commerce,France,tpe,Business,26,5,2,40.0,8,3.2,26,4,2,10,8,13.4 h,1,0,216.28,clair,ap-s1,control,,48,3902,0
CLI-004768,2025-01-08,mercredi,public,France, GE ,Business,1,738,313,42.4,19,2.3,26,15,0,0,1,2.6,5,0,26920.81,sombre,us-e1,B,,54,198676,0
CLI-003139,2023-11-12,dimanche,Finance,France,TPE,Pro,15,3,1,33.3%,2,"0,2",16,1,5,0,1,7.9,5,0,"67,04",violet,ap-s1,control,,70,3408,0
CLI-003270,08/10/2024,mardi,Finance,France, ETI ,BUSINESS,4,86,44,51.2%,15,7.4,26,6,0,0,0,2.2,,,3482.56,vert,ap-s1,A,Compte dans la moyenne.,52,28557,0
CLI-003633,2023-05-12,vendredi,Commerce,France,PME,pro,21,32,21,65.6,18,4.8,16,2,3,3,0,5.3,5,0,"976,45",bleu,eu-w3,B,"Compte engagé, ambassadeur potentiel.",72,39234,0
CLI-001595,2024-07-06,samedi,Commerce,France,PME,pro,7,56,19,"33,9",7,"0,4",16,0,2,0,2,"12,4",3,0,1312.47 €,violet,ap-s1,A,Suivi standard.,49,22601,0
CLI-001801,06 Oct 2024,dimanche, Commerce ,Espagne,TPE,Starter,4,4,2,50.0%,21,8.9,8,1,2,1,2,17.8 h,3,0,56.66,clair,eu-w3,B,,43,4321,0
CLI-001920,02/08/2024,vendredi,TECH,France,TPE,Starter,6,10,7,"70,0",66,33.3,8,4,1,0,2,26.8,3,0,"107,52",violet,eu-w3,B,RAS.,53,970,0
CLI-000412,2024-12-27,vendredi, Finance ,France,GE,Enterprise,1,260,122,46.9%,23,7.0,40,26,0,1,1,4.0 h,2,0,18496.1,clair,eu-w3,A,"Client insatisfait, risque de départ.",53,136501,0
CLI-004233,2024-03-13,mercredi,FINANCE,France,tpe,starter,11,7,5,71.4,28,14.0,8,4,1,0,3,27.8,4,0,91.95 €,clair,us-e1,A,Compte dans la moyenne.,47,2337,0
CLI-004848,10 Dec 2023,dimanche,Santé,France,ETI, Business ,14,116,86,74.1%,51,,26,14,3,2,1,4.5,5,0,6680.23,vert,us-e1,control,"Compte engagé, ambassadeur potentiel.",62,175289,0
CLI-000957,2024-03-09,samedi,Finance,France,TPE,pro,11,4,1,25.0%,8,4.0,16,6,1,0,2,9.7,4,0,117.05,clair,us-e1,B,,57,3551,0
CLI-001506,03 Dec 2023,dimanche,Finance,Belgique,eti,Business,14,106,83,78.3%,74,"48,1",26,9,2,1,1,"3,3",3,0,5734.01,sombre,eu-w3,A,,76,94038,0
CLI-004859,16 Jan 2024,mardi,commerce,Belgique,PME,pro,13,24,21,"87,5",67,51.3,16,10,4,1,0,,5,,"700,59",vert,ap-s1,control,,83,20107,0
CLI-001075,12/07/2024,vendredi,Tech,France,PME, Business ,7,46,21,,3,"0,3",26,6,0,7,1,6.7,4,2,2043.59,vert,eu-w3,B,,42,18433,0
CLI-000841,11 Jun 2023,dimanche,Éducation,France,PME,STARTER,20,7,4,57.1,19,"6,8",8,4,4,2,1,21.2,5,0,"93,37",violet,eu-w1,B,Client très satisfait et actif.,70,4594,0
CLI-002300,04 Mar 2024,lundi,COMMERCE,Canada,TPE,Starter,11,3,1,33.3,1,0.4,8,1,1,9,0,16.4,4,0,32.59,vert,ap-s1,A,,58,454,0
CLI-003651,2024-02-01,jeudi,Tech,Allemagne,TPE,starter,12,1,1,100.0%,1,"0,1",8,2,2,30,0,15.1 h,4,1,"11,29",vert,eu-w3,control,Suivi standard.,49,300,0
CLI-001103,2024-12-04,mercredi,Commerce,France,PME,pro,2,59,33,"55,9",26,"26,1",16,7,2,0,14,"15,0",3,1,1435.55,violet,ap-s1,A,"Multiples tickets ouverts, friction élevée.",41,18834,0
CLI-004373,2024-12-29,dimanche,Santé,Espagne,tpe,Starter,1,5,3,60.0,35,26.3,8,4,0,0,2,23.3,4,0,57.01,clair,eu-w3,B,,44,608,0
CLI-003458,2023-10-09,lundi,INDUSTRIE,Allemagne,TPE, Starter ,16,2,1,50.0,5,1.2,8,2,,1,0,0.5,5,0,24.52,bleu,eu-w1,A,"Compte engagé, ambassadeur potentiel.",72,300,0
CLI-003043,04 Jan 2025,samedi,INDUSTRIE,France,PME,Pro,1,23,13,,19,7.0,16,8,0,3,3,11.9,4,3,532.52,sombre,ap-s1,control,,42,8733,0
CLI-002794,24/10/2024,jeudi,Éducation,France,ETI,Enterprise,3,57,37,64.9,30,11.6,40,18,0,1,5,2.9,3,2,4752.07,bleu,eu-w3,A,,57,179248,0
CLI-002947,05/07/2023,mercredi,INDUSTRIE,France,TPE,Starter,19,8,0,"0,0",0,0.0,8,0,0,31,3,26.8,2,0,72.76,bleu,ap-s1,control,,16,1551,1
CLI-001667,10 Dec 2023,dimanche,FINANCE,Suisse,TPE, Starter ,14,9,6,66.7,35,"15,3",8,2,5,1,2,22.1,4,0,129.59,violet,eu-w1,control,Client très satisfait et actif.,63,3188,0
CLI-002564,01 Jan 2024,lundi,SANTÉ,Allemagne,ETI,Pro,13,84,56,66.7,38,"16,1",16,8,2,1,3,9.9,4,0,1967.36,clair,eu-w1,control,Suivi standard.,68,32265,0
CLI-003751,28 May 2024,mardi,ÉDUCATION,France,pme,Enterprise,8,45,13,28.9,4,1.0,40,7,2,2,3,"2,1",,2,"3890,07",clair,us-e1,control,Suivi standard.,58,79746,0
CLI-004006,2023-03-18,samedi,Éducation,France,TPE, Pro ,23,2,1,50.0,27,27.7,16,10,2,1,4,"8,7",4,0,"49,21",vert,ap-s1,A,,62,767,0
CLI-002049,13/06/2024,jeudi,Finance,France,PME,Pro,8,26,20,76.9,47,30.6,16,11,3,1,3,"12,1",4,0,567.86,clair,ap-s1,A,"Compte engagé, ambassadeur potentiel.",65,5588,0
CLI-003212,2024-09-03,mardi,Tech,Canada,PME,pro,5,34,32,94.1%,107,"113,4",16,11,1,0,0,10.0,5,0,812.85,violet,ap-s1,control,Compte dans la moyenne.,69,28661,0
CLI-004398,2024-12-29,dimanche,Santé,Espagne,TPE,Starter,1,7,5,71.4,51,"11,2",8,2,0,1,1,"20,0",3,2,66.27,violet,eu-w3,B,Compte dans la moyenne.,47,761,0
CLI-000181,07 Nov 2023,mardi,Santé,France,PME,Pro,15,46,13,"28,3",1,"0,3",16,4,2,29,2,"11,2",5,0,983.1,clair,eu-w1,B,,56,12898,0
CLI-000735,05/08/2024,lundi,,Belgique, ETI ,ENTERPRISE,6,44,6,13.6,1,0.3,40,4,2,0,1,4.2 h,3,1,2407.78 €,vert,eu-w1,A,Déploiement interne limité.,42,7898,0
CLI-004410,2025-01-10,vendredi,Public,France,PME, Business ,1,53,41,77.4,56,28.7,26,3,0,1,2,3.2,3,1,2618.87 €,sombre,us-e1,control,,18,57982,1
CLI-002464,05 Dec 2023,mardi, Industrie ,France, TPE ,STARTER,14,1,1,100.0,1,0.1,8,0,5,15,0,4.7,5,1,"10,67",clair,ap-s1,A,,63,300,0
CLI-002402,11/01/2024,jeudi,Éducation,Belgique,PME,Pro,13,35,8,22.9,1,0.2,16,3,2,9,0,,5,1,740.81,clair,eu-w1,control,Déploiement interne limité.,50,12757,0
CLI-004894,28/07/2024,dimanche,Industrie,France,ETI,Pro,6,166,76,45.8,27,,16,12,0,0,0,4.1,,1,"3802,1",bleu,eu-w3,B,,57,49884,0
CLI-003260,2023-05-13,samedi,PUBLIC,Belgique, PME ,BUSINESS,21,58,12,"20,7",1,0.6,26,6,1,29,7,"6,5",,0,2467.59,vert,eu-w1,control,,6,24281,1
CLI-002712,11 Nov 2023,samedi,Public,France,GE,ENTERPRISE,15,488,63,"12,9",1,0.1,40,4,4,8,0,5.5,5,0,29798.53,violet,ap-s1,control,Déploiement interne limité.,55,268783,0
CLI-000021,2023-05-16,mardi,Commerce,France,PME,Business,21,18,11,61.1,28,"10,9",26,11,4,1,3,7.7,,0,"727,37",vert,eu-w1,A,,74,17297,0
CLI-002074,2024-02-04,dimanche,Industrie,Allemagne,ETI,business,12,101,29,"28,7",9,0.5,26,12,1,17,2,0.5,4,0,4848.23,violet,eu-w1,control,,45,47707,0
CLI-001572,2023-06-03,samedi,Finance,Belgique,ETI,Enterprise,20,195,91,46.7%,24,19.3,40,14,6,0,4,5.6 h,4,0,12149.17,vert,eu-w1,A,"Compte engagé, ambassadeur potentiel.",74,159397,0
CLI-002623,19 Oct 2022,mercredi, Public ,France,ETI,Business,28,34,18,52.9%,7,1.6,26,11,2,4,0,4.8,5,0,1947.95,vert,eu-w1,A,,88,44725,0
CLI-003182,09 Feb 2024,vendredi,Éducation,France,PME,Pro,12,9,8,"88,9",85,83.4,16,11,3,2,0,10.9,5,0,281.42,clair,ap-s1,control,"Compte engagé, ambassadeur potentiel.",69,23307,0
CLI-001628,15 Apr 2023,samedi,public,France,tpe,Pro,22,4,2,50.0,23,9.4,16,6,8,0,0,10.9 h,4,0,104.05,clair,ap-s1,A,Client très satisfait et actif.,95,5375,0
CLI-003027,14/01/2024,dimanche,Industrie,France,eti,BUSINESS,13,169,117,69.2,24,9.6,26,8,4,1,1,9.3 h,4,0,8819.12,sombre,eu-w3,B,,58,130170,0
CLI-003217,2024-06-11,mardi,Public,Canada,tpe,Pro,8,4,2,50.0,19,4.1,16,3,5,2,1,5.9,5,0,"110,89",vert,eu-w1,control,,73,5638,0
CLI-001284,2023-12-01,vendredi,Commerce,France,ETI,Business,14,106,48,45.3,15,9.4,26,6,6,1,6,11.2,3,0,4355.14,bleu,us-e1,control,RAS.,55,103565,0
CLI-001729,06 Jan 2024,samedi,santé,France,PME, Pro ,13,34,0,"0,0",0,0.0,16,0,0,33,9,"18,9",2,0,722.12,violet,us-e1,B,"Client insatisfait, risque de départ.",7,8290,1
CLI-000310,16 Mar 2024,samedi,Tech,Espagne,tpe,Pro,11,8,6,75.0,53,"27,7",16,8,1,1,1,13.3,5,,221.41,vert,ap-s1,B,,59,13617,0
CLI-002990,18/06/2023,dimanche,COMMERCE,Espagne,TPE,PRO,20,10,3,30.0%,3,"0,8",16,1,9,3,2,12.3,5,0,"274,77",vert,eu-w1,B,,83,2028,0
CLI-004054,2023-09-09,samedi,finance,Allemagne, TPE , Starter ,17,8,5,62.5,44,24.8,8,2,4,1,0,13.8 h,5,0,"99,7",vert,eu-w3,control,"Compte engagé, ambassadeur potentiel.",79,1145,0
CLI-004048,2023-06-05,lundi,Commerce,France,ETI,Starter,20,114,35,30.7,1,"0,3",8,2,2,11,1,26.4 h,2,0,1121.64,violet,eu-w3,control,,58,39549,0
CLI-001900,31 Dec 2024,mardi,,,TPE,Pro,1,1,1,"100,0",1,0.4,16,5,,7,0,13.7,4,3,19.81,sombre,us-e1,control,,44,300,0
CLI-000651,17/05/2023,mercredi,,France,PME,Business,21,32,23,71.9%,38,18.3,26,13,7,1,3,5.1,3,0,"1653,59",violet,eu-w3,control,,64,48814,0
CLI-000736,09/08/2024,vendredi,Tech,Suisse,PME,starter,6,13,4,,10,4.0,8,1,2,3,0,18.9,3,1,142.36,clair,eu-w1,A,Suivi standard.,59,1518,0
CLI-002838,2024-03-28,jeudi,commerce,France,TPE, Business ,10,1,1,100.0,41,23.4,26,5,2,0,5,,2,0,38.88,sombre,us-e1,control,,50,925,0
CLI-002132,26 Dec 2024,jeudi,Commerce,Canada,tpe,starter,1,2,2,"100,0",51,"43,8",8,5,0,1,0,"12,7",5,0,27.11,violet,us-e1,control,,54,1289,0
CLI-003917,2024-11-11,lundi,TECH,France, ETI , Enterprise ,3,218,31,14.2,2,0.5,40,9,0,9,0,0.5,3,0,16145.25,violet,eu-w1,A,,55,132391,0
CLI-004260,17 Apr 2023,lundi,Tech,Espagne,PME, Pro ,22,30,16,53.3%,11,5.5,16,3,7,0,1,9.1,4,0,"862,71",bleu,eu-w1,control,Client très satisfait et actif.,83,43860,0
CLI-000126,29 Oct 2024,mardi,Industrie,Allemagne,ETI,Enterprise,3,49,37,75.5,30,23.9,40,14,0,4,5,4.2,2,1,4115.17,vert,us-e1,control,,47,148475,0
CLI-002410,2023-10-14,samedi,Industrie,Espagne,TPE,Pro,16,9,6,66.7,49,28.8,16,8,5,1,4,,4,0,204.28,violet,us-e1,control,,67,3350,0
CLI-002008,2023-10-31,mardi,Éducation,France,ETI,Pro,15,188,128,68.1,38,15.8,16,7,2,1,6,"17,3",4,0,4993.86,bleu,ap-s1,control,,61,98279,0
CLI-002055,2024-08-27,mardi, Commerce ,Suisse, PME ,Enterprise,5,17,10,58.8,35,19.1,40,28,0,3,3,4.6 h,4,2,"1395,86",bleu,eu-w1,A,,62,51507,0
CLI-001988,01 Jan 2025,mercredi,Public,France,PME,BUSINESS,1,32,18,56.2,31,11.1,26,8,0,3,2,"9,4",3,1,"1454,63",clair,eu-w3,B,,41,32206,0
CLI-000219,01/07/2024,lundi,Commerce,Suisse,PME,Business,7,29,0,0.0%,0,0.0,26,0,0,116,1,7.0,5,0,1219.87,bleu,us-e1,A,,3,25007,1
CLI-003106,31 Oct 2023,mardi, Public ,France,tpe, Pro ,15,10,5,,19,"12,3",16,7,,3,4,16.9,3,0,242.93,vert,ap-s1,A,,60,15737,0
CLI-000882,08/12/2024,dimanche,PUBLIC,Belgique,PME,Starter,2,57,33,57.9,39,,8,0,0,1,3,20.8,,2,475.17,clair,eu-w3,B,Compte dans la moyenne.,50,3507,0
CLI-004743,2023-10-06,vendredi,Industrie,France,PME,Enterprise,16,16,8,"50,0",13,0.6,40,13,4,1,1,,3,0,"1088,48",vert,eu-w1,B,Compte dans la moyenne.,64,10711,0
CLI-003171,2023-03-17,vendredi,finance,France,PME,Pro,23,20,6,30.0,1,0.2,16,4,5,11,2,"14,4",2,0,470.0,bleu,us-e1,A,,58,9635,0
CLI-002174,08/06/2023,jeudi, Industrie ,Suisse, TPE , Starter ,20,2,0,,0,0.0,8,0,0,48,1,26.6 h,3,0,26.37,sombre,eu-w3,B,Faible adoption des sièges.,7,541,1
CLI-002579,2023-08-19,samedi, Tech ,Belgique,TPE,Pro,18,10,5,,16,"7,4",16,7,2,1,1,"14,4",4,0,240.65 €,bleu,ap-s1,B,,31,2763,1
CLI-004323,25/11/2024,lundi,finance,Suisse,PME, Pro ,2,23,20,"87,0",61,"25,3",16,9,0,1,4,16.6,2,1,558.01 €,sombre,eu-w1,A,,17,13727,1
CLI-003532,16 Mar 2024,samedi,éducation,Canada,TPE,STARTER,11,2,1,"50,0",45,"14,1",8,2,3,0,6,38.3,,0,"22,63",sombre,eu-w3,control,"Client insatisfait, risque de départ.",47,390,0
CLI-002429,05 Dec 2023,mardi, Éducation ,Canada, TPE ,Pro,14,8,2,25.0,5,0.5,16,6,3,2,0,11.3,5,0,178.48 €,clair,eu-w1,control,,59,11708,0
CLI-000794,2024-05-10,vendredi,,France,TPE,pro,9,9,4,44.4%,15,"4,8",16,6,2,5,0,"7,7",5,0,198.15 €,vert,ap-s1,control,Suivi standard.,59,1625,0
CLI-000586,2025-01-07,mardi,Commerce,Canada,tpe,STARTER,1,8,6,75.0,43,32.9,8,6,0,1,2,31.3 h,3,2,"95,18",violet,eu-w3,A,Compte dans la moyenne.,21,3746,1
CLI-003785,2024-12-10,mardi,Commerce,Allemagne,PME, Pro ,2,28,15,53.6%,16,7.9,16,6,0,1,6,15.5,2,3,797.79,violet,ap-s1,control,,39,6542,0
CLI-001338,2024-08-28,mercredi,industrie,Allemagne,TPE,business,5,6,0,,0,0.0,26,0,0,104,0,4.4,4,3,"213,32",violet,eu-w1,A,,0,1924,1
CLI-000230,03/08/2024,samedi,Finance,Belgique, TPE ,Starter,6,2,1,,19,16.2,8,4,0,0,2,,4,0,25.28 €,clair,eu-w3,control,,55,435,0
CLI-004988,19/08/2023,samedi, Finance ,Allemagne,PME, Business ,18,50,0,0.0,0,"0,0",26,0,0,133,0,2.8,3,0,2045.75,vert,ap-s1,A,"Compte peu actif, relance nécessaire.",0,36905,1
CLI-004382,30/07/2024,mardi,Commerce,Allemagne,tpe,Starter,6,3,2,66.7,25,"7,3",8,2,3,0,0,5.3,5,1,39.54,clair,us-e1,B,Client très satisfait et actif.,56,778,0
CLI-002718,19/07/2022,mardi, Tech ,France,PME,Business,31,34,17,50.0,10,"3,0",26,14,9,5,1,5.1,3,0,"1396,13",violet,us-e1,A,,84,43503,0
CLI-003419,02 Jul 2024,mardi,Éducation,France, TPE ,Pro,7,5,4,80.0%,29,"7,5",16,5,0,1,0,"8,9",5,1,"120,57",bleu,eu-w3,A,,48,1878,0
CLI-003290,07 Apr 2023,vendredi,Éducation,Espagne,PME,Enterprise,22,52,21,40.4%,1,0.3,40,14,3,14,2,,4,0,"4334,4",violet,eu-w1,A,,70,56867,0
CLI-000515,2023-08-08,mardi,Finance,France,TPE,Starter,18,2,1,50.0,32,"14,2",8,4,6,1,1,31.0,,0,29.32,clair,eu-w3,B,,62,1226,0
CLI-002274,02/01/2025,jeudi,Public,France,PME, Pro ,1,21,15,71.4,17,1.5,16,7,0,1,5,16.7 h,3,5,438.63,clair,ap-s1,control,,14,5395,1
CLI-000630,12/10/2023,jeudi,tech,Espagne,ETI,Pro,16,117,30,25.6,2,0.4,16,4,4,6,2,"13,5",3,0,2794.42,bleu,eu-w3,A,,68,50411,0
CLI-000357,31/08/2023,jeudi, Commerce ,Espagne,pme,Business,17,46,18,39.1,13,"6,7",26,9,4,1,0,4.2,4,0,2133.62,violet,eu-w3,control,"Compte engagé, ambassadeur potentiel.",63,103225,0
CLI-001899,05 Jul 2023,mercredi,Santé,Allemagne,pme,enterprise,19,27,0,0.0,0,"0,0",40,0,0,200,4,3.7 h,2,0,2139.64,vert,ap-s1,control,,0,108779,1
CLI-001092,2024-07-02,mardi,tech,Suisse, PME ,Pro,7,18,1,5.6%,1,"0,5",16,0,1,7,5,14.4,2,,"393,72",bleu,us-e1,B,,40,12268,0
CLI-004295,2022-12-06,mardi,,Espagne,PME,Pro,26,48,32,66.7,9,5.5,16,6,2,0,2,8.6 h,4,0,"1476,24",violet,ap-s1,A,Compte dans la moyenne.,69,68999,0
CLI-001379,04 Jan 2025,samedi,Finance,France,PME,STARTER,1,32,2,6.2,2,"0,5",8,1,0,0,4,32.6,2,3,331.99 €,clair,eu-w1,B,,0,10345,1
CLI-000425,2024-04-02,mardi,,France,PME,BUSINESS,10,24,19,,30,"9,0",26,8,2,1,5,,2,0,1084.59,bleu,ap-s1,B,"Client insatisfait, risque de départ.",67,29349,0
CLI-002395,19 Mar 2023,dimanche,,Belgique,TPE,Starter,23,3,0,0.0,0,0.0,8,0,0,58,3,25.4,4,0,39.62 €,bleu,ap-s1,B,,1,1527,1
CLI-000680,10 Jul 2024,mercredi,ÉDUCATION,France,TPE,Starter,7,8,1,12.5,1,0.1,8,0,2,28,3,38.5,3,,83.42,sombre,ap-s1,B,Faible adoption des sièges.,7,1300,1
CLI-004522,11/10/2024,vendredi,finance,France,TPE,Starter,4,11,8,72.7,51,30.3,8,3,,1,0,15.0 h,5,0,130.27,vert,ap-s1,A,RAS.,64,3739,0
CLI-000719,2024-12-30,lundi,TECH,France,PME,business,1,37,13,35.1,5,,26,1,0,1,0,3.8 h,4,2,1627.32 €,vert,eu-w3,B,,16,8006,1
CLI-004243,2023-09-07,jeudi,,Espagne,PME, Pro ,17,52,0,"0,0",0,0.0,16,0,0,40,8,13.1,3,0,"1455,39",clair,eu-w1,A,"Multiples tickets ouverts, friction élevée.",17,32222,1
CLI-002604,13 Jun 2024,jeudi,santé,France,TPE,starter,8,5,4,80.0,69,30.4,8,3,2,2,1,21.5,4,1,70.63,clair,eu-w1,B,Suivi standard.,63,3301,0
CLI-002864,08 Sep 2023,vendredi, Finance ,France,PME,Starter,17,50,39,78.0,34,,8,2,5,2,1,25.5,,0,830.27 €,clair,eu-w1,B,,60,42892,0
CLI-003313,2024-01-08,lundi, Industrie ,France,TPE,Starter,13,3,1,33.3,7,3.1,8,3,2,4,1,19.9,5,0,"36,93",bleu,us-e1,control,,50,636,0
CLI-000706,25/09/2024,mercredi,industrie,France,PME, Pro ,4,21,11,"52,4",39,41.4,16,9,2,0,3,11.5,3,2,536.15,bleu,eu-w3,B,Suivi standard.,46,12750,0
CLI-003251,09/09/2023,samedi, Tech ,France,TPE, Business ,17,7,3,42.9,29,16.5,26,5,4,1,0,4.2,4,0,327.14,vert,ap-s1,B,,67,5365,0
CLI-004997,2024-03-28,jeudi,Industrie,France,PME,Pro,10,28,17,"60,7",42,25.6,16,7,1,1,1,8.1,5,0,781.6,vert,ap-s1,control,,67,7050,0
CLI-004342,2024-04-12,vendredi,ÉDUCATION,France, PME ,pro,10,41,32,78.0,95,101.7,16,7,4,0,3,11.0,5,0,1115.54,violet,us-e1,B,,63,20124,0
CLI-003565,2025-01-01,mercredi,FINANCE,France,TPE,Pro,1,5,4,"80,0",56,37.3,16,7,0,1,1,10.6,5,1,108.45,vert,us-e1,control,RAS.,53,1601,0
CLI-004078,2025-01-04,samedi,FINANCE,France,ETI,Business,1,95,48,50.5,19,6.5,26,8,0,0,0,,,2,4278.33,sombre,us-e1,control,Suivi standard.,50,101739,0
CLI-000950,30 Dec 2023,samedi,,France,PME, Pro ,13,29,17,58.6,24,12.3,16,6,6,2,3,19.3,3,0,694.92,violet,eu-w1,control,,59,5129,0
CLI-002313,02/02/2023,jeudi,Commerce,France, TPE ,Pro,24,2,1,50.0%,7,"1,8",16,6,6,3,5,14.7,2,0,61.93,violet,eu-w1,B,,74,1879,0
CLI-001489,05/01/2025,dimanche,finance,Suisse,pme,business,1,43,39,90.7,86,31.9,26,16,0,1,3,"5,2",,1,1824.23,violet,us-e1,control,,66,32909,0
CLI-002184,02 Sep 2023,samedi, Industrie ,France,pme,BUSINESS,17,39,19,48.7,26,3.9,26,11,2,0,8,6.6 h,1,0,2111.39,bleu,us-e1,B,"Client insatisfait, risque de départ.",49,90030,0
CLI-000715,2023-07-18,mardi,FINANCE,France,TPE, Starter ,19,3,2,66.7,29,"3,0",8,1,6,0,4,26.4,2,0,40.4,bleu,eu-w1,A,,70,994,0
CLI-001496,2023-06-10,samedi, Finance ,France,TPE,Starter,20,4,3,75.0,67,"39,9",8,3,5,1,3,31.7,3,0,60.87,bleu,eu-w3,B,,55,1647,0
CLI-000333,01 May 2024,mercredi,Commerce,Espagne,PME, Pro ,9,54,21,"38,9",19,9.5,16,8,2,0,6,18.5,2,0,1354.61,vert,us-e1,B,"Client insatisfait, risque de départ.",37,26659,0
CLI-004570,2024-02-01,jeudi,Tech,Allemagne,TPE,Pro,12,10,4,40.0%,12,"5,1",16,1,4,2,0,,5,0,231.68,bleu,ap-s1,A,Client très satisfait et actif.,72,6269,0
CLI-000195,15 Jan 2024,lundi,COMMERCE,Suisse, TPE ,Business,13,10,4,40.0,7,1.6,26,11,4,7,7,3.8,3,0,495.6,vert,us-e1,control,,54,10566,0
CLI-001483,01 Aug 2023,mardi,commerce,France,ETI,Business,18,158,96,"60,8",47,28.9,26,8,3,2,3,6.4,3,0,"7752,21",violet,eu-w3,B,Compte dans la moyenne.,72,349625,0
CLI-002814,13/04/2024,samedi, Finance ,France,GE,Enterprise,10,618,554,89.6,102,101.5,40,25,4,1,1,5.7,3,0,49420.66,clair,ap-s1,A,,66,1013124,0
CLI-004866,12 Mar 2024,mardi,Commerce,Allemagne,ETI,Pro,11,42,20,47.6,14,2.4,16,5,5,3,0,,3,0,997.26,bleu,ap-s1,A,,55,23715,0
CLI-001535,11 Sep 2024,mercredi, Santé ,Belgique,PME,Business,5,20,16,80.0,61,"50,9",26,10,1,1,3,9.8,3,0,"783,29",vert,eu-w3,A,,56,14131,0
CLI-004038,02/07/2023,dimanche,,France,ETI,business,19,107,59,55.1%,30,21.9,26,13,2,0,3,9.3,2,0,4758.36,vert,us-e1,A,Mécontentement exprimé au support.,66,124859,0
CLI-002916,02 Aug 2024,vendredi, Tech ,Canada,PME,BUSINESS,6,45,22,48.9,20,7.3,26,9,0,3,0,"7,9",4,1,2044.44,vert,eu-w1,control,,69,46940,0
CLI-000290,02 May 2024,jeudi,industrie,Belgique, ETI ,Pro,9,144,65,45.1,18,1.0,16,5,1,1,2,"10,6",4,0,3221.59,clair,us-e1,A,,72,23775,0
CLI-004815,05 Dec 2023,mardi,éducation,Belgique,GE,starter,14,478,182,"38,1",7,1.0,8,2,1,8,3,31.6,3,0,"5571,14",vert,eu-w3,A,,51,95935,0
CLI-001973,06 Jan 2025,lundi,finance,France,PME,Enterprise,1,19,10,52.6,27,"8,6",40,16,0,1,4,1.9,3,3,,violet,us-e1,A,,49,49920,0
CLI-003460,2024-02-06,mardi,SANTÉ,Espagne,TPE,Business,12,4,3,"75,0",35,"18,5",26,10,0,0,0,2.8,5,0,179.34 €,bleu,eu-w1,A,Suivi standard.,70,2206,0
CLI-000489,2024-08-03,samedi,PUBLIC,France,tpe, Starter ,6,2,1,50.0,24,"13,8",8,2,0,1,2,26.0,3,2,21.5,sombre,eu-w1,A,,4,300,1
CLI-001380,30 Jan 2024,mardi,public,France,TPE,Starter,12,1,1,100.0,69,13.7,8,5,1,1,3,,4,1,12.98 €,vert,eu-w1,B,,53,362,0
CLI-001846,04 Jun 2024,mardi, Finance ,Allemagne,PME,Business,8,29,12,41.4%,7,3.7,26,7,1,0,2,"6,8",,1,1362.49,clair,eu-w1,control,RAS.,56,10055,0
CLI-002434,23/12/2024,lundi,SANTÉ,France,PME,STARTER,1,44,28,"63,6",63,"30,9",8,4,0,1,0,18.2,5,7,"525,21",clair,us-e1,control,,2,13782,1
CLI-003190,2024-05-12,dimanche, Santé ,Suisse,PME,Enterprise,9,9,2,22.2,8,,40,8,0,0,2,9.0,3,1,732.67,bleu,ap-s1,A,,44,3605,0
CLI-003589,08/12/2023,vendredi, Éducation ,France,ETI,Pro,14,85,63,74.1,49,"16,4",16,7,1,0,2,12.0,3,0,2082.7,clair,eu-w3,A,,67,34156,0
CLI-002478,14/04/2024,dimanche, Santé ,France,TPE,Pro,10,6,4,66.7,32,12.2,16,9,2,0,0,8.4,5,0,140.12,bleu,ap-s1,control,,27,2183,1
CLI-002386,2023-08-09,mercredi,PUBLIC,France,TPE,Starter,18,7,6,"85,7",68,"12,3",8,4,3,3,0,"12,3",5,0,"92,23",vert,us-e1,A,"Compte engagé, ambassadeur potentiel.",77,2420,0
CLI-003209,06 Jul 2023,jeudi,PUBLIC,Allemagne,PME,Pro,19,39,27,69.2,58,48.1,16,6,3,0,2,,3,1,1117.87,clair,ap-s1,A,,53,21083,0
CLI-003555,11/11/2023,samedi,Tech,France,PME,BUSINESS,15,23,7,"30,4",7,1.4,26,8,2,1,1,7.6,3,0,993.81 €,violet,eu-w3,A,,67,24448,0
CLI-002520,15 Apr 2024,lundi,éducation,France,ETI,enterprise,10,48,46,"95,8",107,93.8,40,33,2,2,3,"2,6",2,2,4724.11 €,bleu,eu-w1,B,,62,464852,0
CLI-000009,2024-08-11,dimanche,Commerce,Espagne,pme, Business ,6,15,11,"73,3",34,10.0,26,6,2,2,5,7.9,4,0,600.32,clair,eu-w3,A,,64,7876,0
CLI-000354,04/10/2023,mercredi,Santé,Espagne,eti,Pro,16,155,75,48.4,14,,16,5,7,0,2,7.7,4,0,"3956,37",clair,eu-w1,A,"Compte engagé, ambassadeur potentiel.",61,71373,0
CLI-001546,27/02/2024,mardi, Industrie ,France,TPE,Starter,11,4,2,50.0,24,1.2,8,3,2,0,1,18.8,3,1,48.61 €,clair,eu-w1,B,Suivi standard.,23,1315,1
CLI-001333,16 Sep 2023,samedi,tech,France,pme,Pro,17,25,19,76.0,63,28.0,16,7,7,2,1,11.1,4,0,575.68,vert,eu-w1,B,Client très satisfait et actif.,79,45318,0
CLI-004573,11/03/2024,lundi,Tech,Suisse,GE,ENTERPRISE,11,390,226,57.9,30,5.7,40,18,3,2,0,4.1,4,0,27521.69 €,violet,eu-w3,A,,67,744737,0
CLI-000982,15 Feb 2024,jeudi,commerce,Canada,PME,Pro,12,43,6,,3,"0,9",16,2,1,6,2,11.8,3,1,1188.98,vert,eu-w1,control,Faible adoption des sièges.,16,25349,1
CLI-004305,2024-02-02,vendredi,FINANCE,France,GE,Business,12,183,0,"0,0",0,0.0,26,0,0,80,1,6.3,2,0,8194.96,vert,ap-s1,control,,0,107518,1
CLI-000351,08/11/2023,mercredi,santé,Espagne,TPE,Pro,15,10,1,10.0,1,0.1,16,4,5,1,3,,2,0,233.39,sombre,eu-w3,control,Mécontentement exprimé au support.,51,1722,0
CLI-004412,29 Dec 2024,dimanche,santé,France,tpe,pro,1,2,2,"100,0",36,"19,1",16,7,1,1,5,17.0,2,1,46.95,sombre,eu-w1,control,,7,731,1
CLI-002175,14/10/2022,vendredi,Public,France, ETI ,Business,28,122,89,"73,0",46,"16,0",26,22,3,1,2,6.5,4,0,6448.98,clair,eu-w1,control,,74,116340,0
CLI-000970,2024-05-02,jeudi,commerce,Canada,PME,PRO,9,55,5,"9,1",1,"0,1",16,6,2,10,3,9.0,3,0,"1565,81",bleu,ap-s1,B,Faible adoption des sièges.,49,34667,0
CLI-002795,31 Dec 2024,mardi, Industrie ,Belgique,ge,Business,1,319,145,45.5%,21,"1,0",26,7,0,4,0,7.4,5,2,"15784,81",clair,us-e1,A,,46,478911,0
CLI-003100,03 Jan 2025,vendredi,Finance,France,pme,Pro,1,48,4,8.3,1,"0,1",16,3,0,30,2,9.4,4,3,806.48,bleu,ap-s1,control,Faible adoption des sièges.,0,3307,1
CLI-001989,2025-01-04,samedi,ÉDUCATION,France,PME,Pro,1,11,8,"72,7",42,25.8,16,8,0,0,3,14.7,2,1,"257,3",vert,ap-s1,A,"Client insatisfait, risque de départ.",8,1266,1
CLI-002264,06/12/2023,mercredi, Industrie ,France,GE,Enterprise,14,650,407,62.6,20,"9,0",40,18,3,0,2,2.5,4,0,54709.41,bleu,ap-s1,B,,77,1300990,0
CLI-004294,2022-09-13,mardi,Santé,France,pme,Pro,29,24,9,"37,5",8,"0,8",16,5,7,4,2,14.9,4,0,"581,23",bleu,ap-s1,control,"Compte engagé, ambassadeur potentiel.",68,13345,0
CLI-003874,02/01/2025,jeudi,Tech,France,pme,STARTER,1,17,6,35.3,6,"2,7",8,1,,3,1,23.4,3,2,"162,91",violet,eu-w1,A,RAS.,39,935,0
CLI-002435,2024-08-25,dimanche,Finance,France,PME,PRO,5,59,47,,57,35.0,16,5,1,3,0,,5,1,1529.13 €,sombre,ap-s1,control,,75,25078,0
CLI-002207,04/06/2023,dimanche,éducation,Suisse, TPE ,Pro,20,4,2,50.0,24,8.9,16,7,2,0,1,14.1,3,0,116.38,violet,us-e1,control,Compte dans la moyenne.,67,2672,0
CLI-004547,2023-03-13,lundi,Santé,France,TPE,Starter,23,2,1,50.0,10,3.3,8,1,3,3,1,14.7,,0,29.31,clair,us-e1,B,,72,697,0
CLI-002279,13 Dec 2023,mercredi,Santé,Allemagne,tpe, Starter ,14,11,0,0.0,0,0.0,8,0,0,72,5,26.4,4,0,117.9,vert,ap-s1,B,Usage en forte baisse ce trimestre.,0,1450,1
CLI-003140,01 Mar 2024,vendredi,Industrie,France, PME ,pro,11,29,4,13.8%,1,"0,1",16,3,0,14,6,10.3 h,3,1,656.31,clair,eu-w1,B,,8,16145,1
CLI-001533,2024-08-02,vendredi,SANTÉ,France, ETI ,Pro,6,116,44,37.9,13,3.7,16,6,3,2,0,8.1,2,,3256.54,clair,eu-w1,A,,47,128177,0
CLI-000650,2024-03-02,samedi,Finance,Suisse,GE,BUSINESS,11,249,64,25.7,6,2.0,26,6,5,3,3,"7,3",2,1,9614.64,vert,eu-w1,control,,57,31536,0
CLI-001602,12 Nov 2023,dimanche,commerce,Espagne,PME,Starter,15,9,5,55.6,24,2.5,8,1,2,0,9,31.3,4,1,,bleu,eu-w3,control,,13,1869,1
CLI-002323,14/12/2023,jeudi, Commerce ,France,PME,Pro,14,41,0,0.0,0,"0,0",16,0,0,37,0,14.4 h,4,0,"1072,54",bleu,eu-w1,A,,48,25505,0
CLI-001696,2023-06-12,lundi,PUBLIC,France,ETI,starter,20,106,12,11.3,2,0.8,8,1,4,5,4,,3,0,1088.59 €,clair,ap-s1,A,,51,24994,0
CLI-003430,29/01/2024,lundi,,Belgique, PME ,Starter,12,31,16,51.6,28,"13,0",8,4,2,1,0,15.0,3,1,402.18 €,bleu,eu-w3,control,,50,5606,0
CLI-002130,2024-10-04,vendredi,Finance,France,ETI, Business ,4,169,90,"53,3",25,13.0,26,16,0,1,1,"5,9",3,0,6805.69 €,bleu,ap-s1,control,,57,128355,0
CLI-002600,2024-05-05,dimanche,COMMERCE,Espagne,PME,BUSINESS,9,38,26,,65,27.7,26,13,3,1,3,,2,0,2194.02,clair,us-e1,control,,58,176311,0
CLI-001974,16/07/2023,dimanche,Industrie,France,ETI,Pro,19,51,26,51.0%,12,9.1,16,9,1,2,3,11.9,3,0,1093.23,sombre,ap-s1,B,Suivi standard.,67,30479,0
CLI-000304,2024-07-04,jeudi, Éducation ,Espagne,TPE,pro,7,5,1,20.0%,1,"0,3",16,3,3,6,5,12.4 h,2,0,132.99,vert,eu-w3,B,"Client insatisfait, risque de départ.",25,981,1
CLI-001111,13/05/2023,samedi,Éducation,Canada, PME ,PRO,21,55,35,63.6,52,14.6,16,6,2,1,4,11.4,3,0,"1414,71",violet,us-e1,A,,67,139207,0
CLI-000612,30 Dec 2024,lundi,Tech,France,tpe,STARTER,1,2,1,50.0,20,2.5,8,1,0,4,3,37.0,3,0,"26,19",violet,ap-s1,A,,44,365,0
CLI-003167,16 Oct 2023,lundi,industrie,France, ETI ,business,16,142,126,88.7%,45,27.0,26,12,4,2,4,6.4,4,0,7297.02,bleu,us-e1,A,"Compte engagé, ambassadeur potentiel.",74,59836,0
CLI-003851,17/10/2023,mardi,Finance,Espagne,tpe,starter,16,2,1,50.0,17,,8,1,2,0,0,24.8 h,3,0,"30,93",clair,eu-w1,control,,60,1978,0
CLI-000524,08 Mar 2024,vendredi, Industrie ,France,TPE,STARTER,11,2,1,50.0,19,9.0,8,4,2,0,1,19.5,4,0,26.47,bleu,us-e1,A,,50,478,0
CLI-002843,2023-09-18,lundi,commerce,Allemagne,eti,Starter,17,184,52,"28,3",7,2.8,8,3,2,1,8,29.8,3,0,2399.79,clair,eu-w1,B,"Multiples tickets ouverts, friction élevée.",53,62970,0
CLI-001992,09 Aug 2024,vendredi, Tech ,Canada,ETI,Enterprise,6,99,24,,8,"1,4",40,17,1,0,0,0.5 h,4,0,"8191,81",sombre,ap-s1,B,,61,141063,0
CLI-000398,09 Mar 2024,samedi, Santé ,France,ETI,Enterprise,11,51,31,60.8,34,18.3,40,16,3,0,0,"0,8",5,1,4704.38 €,violet,eu-w1,control,,71,92582,0
CLI-000497,30 Oct 2023,lundi, Commerce ,Espagne, PME ,starter,15,8,2,25.0%,6,3.5,8,2,5,4,1,"30,1",,0,111.73,violet,us-e1,B,"Client insatisfait, risque de départ.",65,2199,0
CLI-000951,03 Sep 2023,dimanche,PUBLIC,France,ETI,business,17,194,12,6.2,1,0.1,26,1,2,2,5,,2,0,11091.97,sombre,eu-w1,B,Mécontentement exprimé au support.,52,527534,0
CLI-001429,01/01/2025,mercredi,Commerce,France,ETI,Enterprise,1,177,105,"59,3",48,"24,8",40,23,0,5,5,4.2 h,3,6,,sombre,eu-w3,A,,14,48878,1
CLI-000722,18 Aug 2023,vendredi,santé,France,tpe,Pro,18,1,1,"100,0",1,0.1,16,2,5,27,2,"18,4",2,0,21.62,violet,us-e1,A,"Client insatisfait, risque de départ.",54,300,0
CLI-004645,11 Nov 2024,lundi,Tech,Canada,ETI,Pro,3,102,51,"50,0",21,8.3,16,3,0,0,1,6.3,5,0,2618.18,sombre,eu-w3,control,,53,17175,0
CLI-004069,15 Dec 2022,jeudi, Finance ,Allemagne,pme,Business,26,24,3,"12,5",1,0.1,26,1,2,13,0,,5,0,983.63,sombre,ap-s1,control,Déploiement interne limité.,68,19358,0
CLI-002721,07 Oct 2023,samedi,Santé,France,pme, Business ,16,58,21,"36,2",9,"2,4",26,10,0,4,0,6.0,5,0,"2621,1",vert,eu-w1,B,,58,109614,0
CLI-001107,09 Jun 2024,dimanche,Tech,France,PME,Pro,8,9,8,88.9%,62,"51,4",16,4,3,0,2,,4,0,"245,54",sombre,eu-w3,control,,68,9060,0
CLI-004858,06/07/2024,samedi,SANTÉ,Espagne,TPE,Starter,7,9,6,66.7,50,37.0,8,5,1,0,3,"19,5",4,1,115.63,vert,ap-s1,control,Suivi standard.,55,1233,0
CLI-002869,07 Sep 2023,jeudi,commerce,France,TPE,business,17,2,2,100.0,43,8.5,26,16,3,1,1,6.1,3,0,94.38,violet,eu-w3,control,,77,2941,0
CLI-000771,2025-01-08,mercredi,Industrie,Belgique,ETI,Business,1,112,83,74.1,33,18.8,26,11,0,1,1,,3,3,4011.37 €,vert,ap-s1,B,,43,42761,0
CLI-003092,04 Feb 2024,dimanche,INDUSTRIE,France, PME ,Pro,12,21,17,81.0,56,40.1,16,8,0,2,0,8.6,4,0,505.32,bleu,eu-w3,A,,34,8287,1
CLI-003014,10 Sep 2024,mardi,Industrie,Allemagne,ETI,Pro,5,181,116,64.1%,37,8.2,16,4,2,0,4,14.0,4,0,,vert,ap-s1,B,,58,62296,0
CLI-003581,14 Dec 2023,jeudi,PUBLIC,Belgique,ETI,Pro,14,111,40,36.0,1,0.3,16,3,2,8,2,,3,0,2525.17,violet,eu-w1,B,,22,26918,1
CLI-002641,09 Nov 2024,samedi,,Espagne,TPE,STARTER,3,8,2,25.0,1,0.1,8,2,2,11,1,15.4,4,0,104.45,clair,ap-s1,A,Compte dans la moyenne.,14,1113,1
CLI-004009,2023-05-18,jeudi,COMMERCE,Suisse,PME,PRO,21,33,21,63.6,5,1.2,16,5,3,5,3,10.0,4,0,849.21,violet,us-e1,B,"Compte engagé, ambassadeur potentiel.",50,8356,0
CLI-003201,11/06/2024,mardi,,Belgique, PME ,pro,8,15,9,60.0,24,"3,2",16,3,1,0,1,12.2,2,1,344.4,clair,ap-s1,A,"Client insatisfait, risque de départ.",47,2259,0
CLI-002287,17 Sep 2022,samedi,Commerce,France,PME,Starter,29,10,4,"40,0",2,,8,2,5,0,1,,4,0,119.31,violet,eu-w1,control,,66,1468,0
CLI-000288,2024-01-06,samedi,Finance,, PME ,Pro,13,37,11,,2,0.9,16,3,3,3,4,10.9,4,1,997.36,vert,eu-w3,B,Client très satisfait et actif.,61,30260,0
CLI-002526,15/02/2024,jeudi,Industrie,France,PME,pro,12,45,26,57.8%,27,11.3,16,9,0,2,1,3.7,5,0,1085.96 €,sombre,ap-s1,control,,58,19591,0
CLI-003705,12/10/2024,samedi,Tech,Espagne,PME,starter,4,9,5,55.6%,1,"0,1",8,3,1,7,1,"20,1",5,0,129.42,violet,eu-w3,B,,44,2653,0
CLI-001527,08 May 2023,lundi,FINANCE,,PME, Business ,21,39,8,20.5,1,0.4,26,10,3,10,8,5.4,3,0,1562.17,bleu,eu-w1,B,Support très sollicité récemment.,51,32024,0
CLI-001548,10 May 2024,vendredi,Éducation,France,ETI, Business ,9,200,67,33.5%,1,0.5,26,6,,3,0,6.3,,1,7864.13,clair,ap-s1,A,,63,64486,0
CLI-004308,2023-08-31,jeudi, Santé ,Allemagne,eti,Pro,17,126,16,12.7,1,0.1,16,3,2,16,1,13.9,4,0,3677.87 €,sombre,ap-s1,control,,52,90476,0
CLI-002647,09 Jan 2025,jeudi,éducation,France,TPE,business,1,7,5,71.4%,37,14.1,26,9,0,1,0,5.5,3,1,273.51,violet,ap-s1,B,Compte dans la moyenne.,59,5158,0
CLI-001588,09/08/2024,vendredi,INDUSTRIE,Suisse,tpe,Starter,6,5,2,40.0,22,"1,1",8,2,1,0,0,22.6,3,2,65.26,bleu,eu-w3,control,,14,696,1
CLI-004732,30/12/2024,lundi,FINANCE,Belgique,tpe,PRO,1,3,2,66.7%,35,,16,7,0,2,4,11.5,5,3,83.02,vert,eu-w3,control,Suivi standard.,12,2247,1
CLI-002928,30 Nov 2023,jeudi,Finance,Allemagne, TPE ,Pro,14,5,2,"40,0",1,0.1,16,2,1,30,7,,2,0,134.94,clair,us-e1,A,Mécontentement exprimé au support.,0,9959,1
CLI-000491,2023-11-14,mardi,Commerce,France,PME,PRO,15,31,13,41.9,7,0.7,16,3,1,15,2,"14,6",2,0,746.23,clair,ap-s1,control,,55,11014,0
CLI-004230,09 Jan 2025,jeudi,Éducation,France, PME ,Starter,1,16,2,12.5,1,0.1,8,0,1,30,1,"17,1",3,2,"142,03",violet,ap-s1,control,,0,1165,1
CLI-004961,29/02/2024,jeudi,Tech,France, TPE ,Business,11,10,9,90.0,76,"62,2",26,12,2,2,2,4.2,5,1,501.63,vert,eu-w1,B,RAS.,68,7404,0
CLI-001072,2023-05-20,samedi,Éducation,Canada,TPE,PRO,21,3,2,66.7%,2,0.1,16,7,3,10,0,9.1,4,0,"82,45",sombre,us-e1,control,Suivi standard.,66,1420,0
CLI-003735,28 Feb 2024,mercredi,Public,,tpe, Starter ,11,5,1,20.0,1,0.1,8,1,2,23,4,24.0,3,0,54.23,vert,eu-w1,B,Déploiement interne limité.,49,1467,0
CLI-004877,2024-02-05,lundi,finance,Belgique,pme,PRO,12,21,7,"33,3",1,0.1,16,3,6,30,4,16.3 h,3,0,469.1,clair,eu-w1,control,Suivi standard.,17,15386,1
CLI-001332,02/09/2023,samedi,Santé,Belgique, PME ,STARTER,17,26,16,61.5,41,34.0,8,1,4,2,0,17.6 h,5,0,310.42,bleu,eu-w3,A,Client très satisfait et actif.,63,7127,0
CLI-000538,2024-05-08,mercredi,industrie,France,TPE,starter,9,2,2,100.0,44,30.0,8,2,1,0,9,31.6,2,0,"29,1",sombre,eu-w1,A,Mécontentement exprimé au support.,36,453,0
CLI-001680,10/09/2023,dimanche,COMMERCE,France, TPE ,STARTER,17,2,1,50.0%,7,3.8,8,2,6,3,4,27.0,4,0,23.23,sombre,eu-w3,A,"Compte engagé, ambassadeur potentiel.",57,381,0
CLI-002996,2024-01-07,dimanche,Tech,Belgique,tpe,Pro,13,8,6,75.0,19,8.7,16,10,,0,1,12.2,1,0,210.91,vert,eu-w1,control,"Client insatisfait, risque de départ.",47,1038,0
CLI-000428,2024-12-01,dimanche,Finance,Suisse,tpe,starter,2,4,1,25.0,1,0.5,8,2,0,2,8,26.6,2,1,42.4,sombre,eu-w1,A,,0,348,1
CLI-003935,2024-06-11,mardi, Éducation ,France, PME ,Business,8,57,40,70.2,51,2.6,26,13,0,0,1,0.5,5,0,2486.47,bleu,eu-w1,A,,54,38739,0
CLI-003206,14/05/2024,mardi,TECH,Belgique,PME,Business,9,52,0,0.0,0,0.0,26,0,0,70,3,,3,0,"2429,65",sombre,us-e1,A,"Compte peu actif, relance nécessaire.",2,75708,1
CLI-003695,2024-09-06,vendredi,,France,TPE,Starter,5,1,1,100.0,55,33.5,8,4,0,2,4,22.7,3,2,"12,0",clair,us-e1,A,Compte dans la moyenne.,15,300,1
CLI-000555,2023-01-10,mardi,,France, PME ,pro,25,18,8,44.4,6,3.6,16,5,7,6,1,14.4,3,0,446.78,violet,us-e1,A,,76,2198,0
CLI-004822,12/11/2023,dimanche,INDUSTRIE,France,ETI,Business,15,33,14,"42,4",13,5.4,26,9,3,5,2,9.1,3,0,"1456,49",clair,ap-s1,control,Suivi standard.,55,57327,0
CLI-002704,09 Dec 2023,samedi,Commerce,Belgique, TPE ,Starter,14,2,1,50.0%,22,1.9,8,1,5,2,3,24.3,3,0,26.12,sombre,ap-s1,control,,64,300,0
CLI-002913,2024-12-27,vendredi, Public ,Espagne,TPE,Starter,1,1,1,100.0,56,"25,8",8,2,0,1,3,37.9 h,3,3,12.07,vert,eu-w1,control,,0,356,1
CLI-002777,01 Dec 2023,vendredi,Finance,Allemagne,TPE,Business,14,4,2,50.0,12,"6,9",26,12,0,1,0,1.2,5,0,170.18,violet,eu-w3,control,,56,2791,0
CLI-002042,02 Nov 2023,jeudi,ÉDUCATION,France,pme,Pro,15,41,34,82.9,63,26.1,16,7,8,1,0,7.2,5,0,1006.32,violet,eu-w3,A,,85,13203,0
CLI-004706,01 Oct 2023,dimanche,Tech,France,tpe,starter,16,3,2,66.7,50,45.6,8,5,5,1,0,3.9,5,0,"42,7",vert,eu-w3,control,,66,980,0
CLI-001214,28 Apr 2024,dimanche,Santé,Allemagne,GE, Business ,9,800,111,13.9,1,0.3,26,4,0,12,1,"4,0",5,2,39638.4 €,clair,eu-w1,control,,51,780084,0
CLI-000799,13/10/2023,vendredi,PUBLIC,Allemagne,TPE,STARTER,16,4,3,,31,"19,5",8,1,2,0,0,,4,0,38.08 €,violet,ap-s1,B,Compte dans la moyenne.,67,300,0
CLI-004737,2023-04-17,lundi,Finance,Espagne,tpe,starter,22,2,1,50.0,11,5.8,8,2,1,0,0,19.8 h,4,0,23.81,bleu,eu-w3,B,,60,332,0
CLI-003999,2023-05-20,samedi,Tech,France,pme,Pro,21,58,19,"32,8",1,0.1,16,3,2,16,1,10.4,2,0,1275.94,sombre,eu-w1,control,"Client insatisfait, risque de départ.",58,19879,0
CLI-001370,10/09/2024,mardi,tech,France,GE,PRO,5,172,0,0.0,0,"0,0",16,0,0,72,0,3.9,5,,4701.92,bleu,eu-w3,control,,3,115667,1
CLI-000127,29/03/2024,vendredi,Commerce,France, TPE ,Starter,10,8,1,"12,5",1,,8,2,3,30,2,,2,0,90.96,bleu,us-e1,A,"Client insatisfait, risque de départ.",41,1939,0
CLI-002164,03/04/2024,mercredi,commerce,France,ETI,Business,10,189,73,38.6%,1,"0,5",26,6,1,4,1,4.0 h,4,1,9389.44,sombre,eu-w3,A,Compte dans la moyenne.,21,192484,1
CLI-000106,04 Jan 2023,mercredi,Industrie,France,ETI,Pro,25,51,29,56.9%,3,"1,7",16,3,10,3,7,19.4,3,0,"1411,01",clair,ap-s1,B,,66,96033,0
CLI-003557,2023-02-16,jeudi,Tech,Allemagne,ETI, Enterprise ,24,52,23,,27,"15,8",40,21,2,0,5,,4,0,"4473,57",violet,us-e1,B,,63,168743,0
CLI-003658,10 Jun 2024,lundi,Éducation,Allemagne,PME,Pro,8,49,29,59.2,21,"6,5",16,9,3,0,0,"7,5",,,1253.3,bleu,eu-w3,B,Client très satisfait et actif.,60,35970,0
CLI-002097,02 Nov 2024,samedi,Commerce,France,PME,business,3,24,9,"37,5",21,16.1,26,14,0,0,1,6.6,,2,"1065,44",violet,eu-w1,control,RAS.,25,6989,1
CLI-003724,13/05/2024,lundi,finance,France,PME,pro,9,28,16,57.1%,16,12.8,16,9,0,1,1,"16,7",4,1,782.35,bleu,eu-w1,B,,17,15397,1
CLI-001446,10 Jun 2024,lundi,,France,GE, Business ,8,881,326,"37,0",6,3.1,26,5,1,15,1,7.9,4,,37238.0,clair,ap-s1,A,,20,244281,1
CLI-004623,2024-05-15,mercredi,FINANCE,France,PME,enterprise,9,11,4,36.4%,1,0.4,40,13,1,26,5,4.1 h,,4,676.69,bleu,eu-w3,control,Suivi standard.,27,3329,0
CLI-002886,02 Oct 2024,mercredi,Commerce,Allemagne,PME,PRO,4,59,13,"22,0",2,0.5,16,4,0,1,2,12.5,2,2,1378.98 €,sombre,eu-w3,A,,33,28269,0
CLI-002684,2023-04-04,mardi,INDUSTRIE,France,GE,pro,22,320,165,"51,6",23,13.5,16,2,8,1,1,6.4,,0,9376.87,clair,ap-s1,B,,81,338317,0
CLI-001692,2023-11-30,jeudi,santé,Suisse, TPE ,Starter,14,9,6,66.7%,30,2.5,8,3,4,0,2,21.7,5,0,99.41,bleu,us-e1,B,"Compte engagé, ambassadeur potentiel.",70,2690,0
CLI-000646,15 Jun 2023,jeudi, Éducation ,France,PME, Enterprise ,20,32,7,21.9%,6,3.0,40,14,10,3,0,0.5,5,0,"2805,8",bleu,us-e1,control,,85,161053,0
CLI-000188,2024-10-07,lundi,Commerce,France,TPE,PRO,4,7,3,42.9%,1,"0,5",16,6,0,18,4,12.2,3,1,198.75,violet,ap-s1,B,,15,5215,1
CLI-003379,08 Jan 2024,lundi,tech,Allemagne,PME,Pro,13,48,10,20.8,3,1.6,16,6,2,1,1,,,0,1204.7,vert,ap-s1,B,,53,14818,0
CLI-000216,2024-12-26,jeudi,SANTÉ,Espagne, PME ,pro,1,39,21,53.8,16,"10,7",16,4,0,1,6,"16,0",2,0,852.96 €,clair,us-e1,control,Mécontentement exprimé au support.,3,6994,1
CLI-002702,2023-11-13,lundi,Tech,France,ETI, Pro ,15,108,72,66.7,34,9.6,16,8,8,1,2,7.1,4,,2541.16,violet,ap-s1,A,,81,37508,0
CLI-002867,17/07/2023,lundi,Finance,Allemagne,TPE,starter,19,7,3,42.9,24,12.2,8,3,3,0,1,,2,0,97.82 €,clair,us-e1,B,,56,9385,0
CLI-001793,2023-09-02,samedi,Industrie,Suisse,TPE,pro,17,3,2,66.7,57,"21,8",16,8,4,1,0,7.9,4,0,89.02,vert,eu-w3,A,Client très satisfait et actif.,71,2920,0
CLI-002181,31/12/2024,mardi,Tech,Suisse,TPE,STARTER,1,7,3,42.9,20,4.5,8,2,0,4,0,20.5,2,1,85.18,bleu,eu-w3,A,"Client insatisfait, risque de départ.",14,489,1
CLI-003855,03 Oct 2023,mardi, Tech ,France,pme,Business,16,10,6,60.0%,40,33.7,26,11,6,0,6,4.8,,0,500.03 €,vert,us-e1,B,,74,6970,0
CLI-003180,04/09/2024,mercredi,Santé,Allemagne,PME,PRO,5,36,12,33.3,4,0.8,16,5,1,5,5,15.2,3,0,867.1,bleu,ap-s1,control,,35,19909,0
CLI-001461,2024-09-03,mardi,Finance,Espagne,tpe,STARTER,5,3,2,66.7,51,20.8,8,4,,1,1,19.1,5,3,42.48,vert,ap-s1,control,,19,836,1
CLI-001574,23 Dec 2024,lundi,éducation,France,PME,starter,1,46,3,6.5,1,0.1,8,1,1,26,1,"13,4",4,2,470.84 €,clair,eu-w1,control,Faible adoption des sièges.,4,6564,1
CLI-000796,2023-02-10,vendredi,Finance,France,TPE,Starter,24,7,5,71.4%,49,26.1,8,3,4,1,5,32.7,3,0,,clair,ap-s1,control,RAS.,58,793,0
CLI-000570,03/07/2024,mercredi,Public,France,ETI,Business,7,212,123,58.0,20,6.6,26,12,3,1,7,8.6 h,1,0,"11339,84",bleu,eu-w1,A,"Client insatisfait, risque de départ.",19,195272,1
CLI-000502,15/02/2024,jeudi,Industrie,Suisse, PME ,pro,12,59,12,20.3,3,,16,7,4,2,0,,4,0,1412.82,bleu,eu-w3,control,,78,18536,0
CLI-004057,06/11/2024,mercredi,Tech,France,tpe,Enterprise,3,1,1,100.0,111,41.7,40,34,0,0,0,1.3,3,2,86.71,bleu,eu-w3,A,,64,711,0
CLI-003672,11 Dec 2023,lundi,Tech,France,PME,Business,14,52,28,53.8%,21,5.5,26,12,6,2,4,8.2,,0,2543.28,violet,eu-w3,B,,45,85505,1
CLI-003369,07 Nov 2024,jeudi, Tech ,Belgique,PME,STARTER,3,52,19,"36,5",20,6.6,8,3,0,1,0,21.2,4,1,580.16,clair,eu-w3,control,RAS.,6,2379,1
CLI-004918,25 Aug 2024,dimanche,public,France,TPE, Business ,5,6,3,50.0,23,"5,8",26,5,0,5,0,,3,1,234.55,clair,eu-w1,control,,48,2308,0
CLI-003367,08/01/2024,lundi,Industrie,France,pme, Enterprise ,13,22,10,45.5,22,10.4,40,18,1,2,0,"0,5",4,0,1630.14,vert,us-e1,B,,70,20051,0
CLI-002786,2023-03-16,jeudi,COMMERCE,France,PME,STARTER,23,48,8,"16,7",1,0.3,8,2,3,30,4,23.1,4,0,538.27 €,violet,us-e1,B,,51,11476,0
CLI-002668,05 Jan 2025,dimanche,Tech,Espagne,ge,Enterprise,1,252,158,62.7,29,9.5,40,21,0,2,5,4.5,3,2,"21274,91",vert,us-e1,control,,33,610590,0
CLI-004099,04/08/2024,dimanche,COMMERCE,France,PME,Enterprise,6,13,10,"76,9",44,41.4,40,24,0,0,1,3.5,5,0,1080.41,vert,eu-w3,A,Compte dans la moyenne.,72,22148,0
CLI-000480,17 Dec 2023,dimanche,commerce,France,PME,Pro,14,16,8,50.0,16,,16,2,0,2,8,20.9,1,0,357.44,clair,eu-w1,B,"Client insatisfait, risque de départ.",49,7914,0
CLI-002815,2023-12-09,samedi,Industrie,France,ge,Business,14,489,328,67.1,63,53.7,26,12,2,2,4,7.6,,0,26032.83,sombre,ap-s1,B,Suivi standard.,60,2000000,0
CLI-003157,31/12/2024,mardi,Commerce,Allemagne,ETI, Business ,1,184,136,73.9,33,25.2,26,11,0,0,6,8.3 h,3,3,8422.32,bleu,ap-s1,B,,10,179564,1
CLI-004120,29/05/2024,mercredi,TECH,Belgique, ETI ,Business,8,100,54,54.0,6,"2,8",26,9,4,5,6,8.2 h,3,2,5380.23 €,violet,eu-w3,control,,54,233825,0
CLI-002981,28 Dec 2024,samedi, Éducation ,France,ge,pro,1,847,402,47.5,7,1.0,16,1,0,1,6,14.1 h,4,3,17010.24 €,violet,eu-w1,B,RAS.,9,209226,1
CLI-000353,14/05/2024,mardi,Finance,France, PME ,pro,9,25,14,,29,,16,8,2,0,5,"15,1",,2,636.21,vert,eu-w3,A,,33,7825,0
CLI-004217,07/01/2025,mardi,finance,Canada,TPE,Starter,1,8,2,25.0,6,3.1,8,3,0,2,3,22.5,3,3,74.89,clair,us-e1,A,Suivi standard.,6,368,1
CLI-002006,01 Sep 2024,dimanche,ÉDUCATION,France,TPE,pro,5,2,1,50.0,6,0.3,16,5,0,0,0,5.8 h,5,4,"47,05",clair,eu-w3,control,RAS.,47,656,0
CLI-000783,2024-08-02,vendredi,Commerce,France,TPE,Pro,6,10,2,20.0,1,0.1,16,2,1,0,6,17.9,4,1,197.18 €,violet,us-e1,control,,18,1779,1
CLI-004904,03 Feb 2024,samedi, Santé ,France,ETI,PRO,12,174,73,"42,0",1,"0,1",16,2,5,6,3,10.8,4,0,3896.03 €,violet,eu-w1,control,"Compte engagé, ambassadeur potentiel.",65,79869,0
CLI-001918,2024-03-11,lundi,industrie,Espagne, TPE ,Starter,11,1,1,100.0,51,19.4,8,5,2,2,2,28.0,,0,"10,15",sombre,eu-w1,A,,16,300,1
CLI-002613,2024-06-08,samedi,public,France,TPE,Pro,8,9,8,88.9,76,51.9,16,9,2,1,6,14.9 h,5,0,"272,46",sombre,ap-s1,B,,60,4692,0
CLI-000033,29 Dec 2023,vendredi, Santé ,Belgique,pme,PRO,13,46,9,19.6,3,1.0,16,6,6,11,4,11.4,3,0,"977,61",bleu,us-e1,A,,67,27256,0
CLI-003929,26/09/2024,jeudi,commerce,Canada,pme,PRO,4,15,5,33.3%,7,2.7,16,7,1,1,2,,2,0,351.45,violet,us-e1,control,Mécontentement exprimé au support.,9,3458,1
CLI-003878,05/05/2024,dimanche,Industrie,France,pme,Enterprise,9,34,15,44.1%,4,1.0,40,15,0,7,4,1.6,3,,"2694,6",violet,eu-w3,B,Compte dans la moyenne.,32,57449,0
CLI-002883,2023-08-14,lundi,Public,France,TPE, Starter ,18,1,1,100.0,1,0.5,8,3,3,9,4,32.0,2,0,"13,98",bleu,us-e1,B,Mécontentement exprimé au support.,37,300,0
CLI-003982,2023-02-17,vendredi,Industrie,Belgique,ETI,Pro,24,90,47,52.2,18,6.2,16,7,3,6,8,22.2,2,0,2420.5,sombre,eu-w1,A,"Client insatisfait, risque de départ.",43,23818,0
CLI-001079,2024-04-30,mardi, Commerce ,France,TPE,Starter,9,1,1,100.0,1,"0,3",8,5,1,1,1,23.2,4,1,9.75 €,violet,ap-s1,A,,52,300,0
CLI-004165,10/11/2024,dimanche,Commerce,France,TPE,Starter,3,2,1,50.0,34,10.8,8,2,1,0,0,18.4,4,,25.45,bleu,us-e1,control,,48,730,0
CLI-000346,26 Nov 2024,mardi, Tech ,France, PME ,BUSINESS,2,53,38,71.7,36,"16,2",26,3,,3,1,0.5,3,3,2502.32,violet,us-e1,control,,49,65661,0
CLI-002312,2023-07-13,jeudi,Industrie,France,tpe,starter,19,2,1,50.0,4,1.7,8,2,8,0,6,27.5,3,0,26.38,vert,ap-s1,control,,64,714,0
CLI-002644,10/05/2023,mercredi,finance,France,ETI, Business ,21,179,148,,66,"38,2",26,13,5,0,0,"3,4",5,0,7830.91,clair,us-e1,A,"Compte engagé, ambassadeur potentiel.",78,51371,0
CLI-003448,06 Aug 2024,mardi,public,Suisse,ETI,Pro,6,186,131,70.4,32,15.1,16,7,0,1,3,"14,2",4,0,5080.14,clair,ap-s1,control,,23,24994,1
CLI-001505,01 Aug 2023,mardi, Tech ,France, ETI , Business ,18,194,164,"84,5",91,46.6,26,19,,0,6,"8,2",1,,9679.58,clair,eu-w1,B,,68,261929,0
CLI-004489,15 Apr 2024,lundi,,France,TPE,Pro,10,4,1,"25,0",5,"0,5",16,5,3,6,2,13.6,3,1,79.87,violet,eu-w1,B,,16,589,1
CLI-000301,29/10/2024,mardi,Finance,Belgique,GE, Enterprise ,3,376,306,81.4,39,,40,31,0,1,4,2.1,2,0,24571.43,sombre,us-e1,control,Mécontentement exprimé au support.,43,80594,0
CLI-000900,2023-09-09,samedi,Finance,France, PME ,STARTER,17,56,27,48.2%,14,3.6,8,5,5,1,1,14.3,4,0,659.08,vert,eu-w1,A,,54,12430,0
CLI-002316,08 Feb 2024,jeudi,Tech,France, PME ,Pro,12,53,13,24.5,7,5.0,16,8,1,7,2,16.2,2,1,1266.42,clair,ap-s1,control,,15,8308,1
CLI-004364,14/12/2023,jeudi,Tech,France,PME,Starter,14,59,5,8.5,1,0.4,8,1,0,6,2,,3,1,665.19,violet,eu-w3,control,,52,7636,0
CLI-002682,08/01/2025,mercredi,Tech,France,TPE,Starter,1,5,1,20.0,1,0.1,8,0,0,11,9,"35,1",1,0,61.58,sombre,ap-s1,B,,0,959,1
CLI-003199,14 Aug 2023,lundi,INDUSTRIE,Belgique,PME,Pro,18,51,29,"56,9",16,4.9,16,4,3,0,3,11.6,4,0,1387.1,sombre,eu-w1,B,Client très satisfait et actif.,63,13649,0
CLI-004013,2025-01-06,lundi,Industrie,Espagne,TPE, Starter ,1,8,4,50.0,12,4.8,8,2,0,6,2,"23,4",3,4,"68,35",vert,eu-w3,B,Suivi standard.,3,504,1
CLI-003530,2024-06-14,vendredi, Finance ,France,TPE,Pro,8,8,4,"50,0",15,8.7,16,2,0,1,1,6.3,4,1,"203,82",vert,eu-w1,control,,18,5515,1
CLI-003288,2024-07-03,mercredi,Public,France,ETI,Pro,7,209,184,88.0,72,"24,2",16,7,0,1,10,14.3,3,3,6456.67,vert,ap-s1,control,,8,116478,1
CLI-000363,09 Mar 2024,samedi,Éducation,,tpe,Pro,11,10,6,"60,0",46,"29,7",16,6,3,0,0,"7,7",5,0,255.76,sombre,eu-w1,A,Client très satisfait et actif.,78,3565,0
CLI-002466,2024-01-13,samedi,,Allemagne,PME,PRO,13,19,9,"47,4",36,"11,4",16,3,1,0,0,,5,0,570.26,clair,ap-s1,A,Suivi standard.,70,4209,0
CLI-000880,12/09/2023,mardi,Commerce,,PME,PRO,17,22,11,50.0,19,8.0,16,6,9,0,1,8.2,4,0,"583,36",clair,eu-w1,control,"Compte engagé, ambassadeur potentiel.",80,10045,0
CLI-004808,12/09/2024,jeudi,Industrie,, PME ,BUSINESS,5,24,19,79.2,40,6.6,26,7,0,2,2,3.6 h,3,4,1280.05,violet,ap-s1,A,Compte dans la moyenne.,22,49333,1
CLI-000369,09 Oct 2023,lundi,ÉDUCATION,France, PME ,Business,16,58,30,51.7,26,14.8,26,6,3,1,5,9.3,3,0,2905.7,clair,us-e1,control,RAS.,53,88159,0
CLI-003988,02 Nov 2023,jeudi,finance,France, TPE ,BUSINESS,15,10,4,40.0,15,7.8,26,8,3,0,2,7.2,3,0,512.94,bleu,eu-w1,B,,66,10515,0
CLI-001851,2024-08-02,vendredi,Éducation,France,ETI,pro,6,120,25,20.8,5,"1,3",16,3,1,12,3,14.5,3,1,3023.54 €,clair,eu-w3,control,Déploiement interne limité.,18,52065,1
CLI-002708,08/12/2024,dimanche,Commerce,Allemagne,ETI,Pro,2,113,29,25.7,1,0.2,16,2,0,1,1,7.8,,2,2176.01,vert,ap-s1,A,RAS.,56,23196,0
CLI-004067,24/12/2024,mardi,,France,PME,Pro,1,21,11,52.4,17,9.5,16,5,0,2,2,"15,9",3,0,"343,85",bleu,eu-w1,A,,43,2256,0
CLI-003038,05 Jun 2023,lundi,FINANCE,France,ETI,Starter,20,95,36,37.9,4,1.3,8,3,6,13,3,21.6,3,0,"1310,02",vert,eu-w1,A,,50,99902,0
CLI-000637,2024-09-03,mardi,COMMERCE,Espagne,eti,Business,5,44,36,81.8,42,35.7,26,16,0,0,6,9.5,1,,,violet,eu-w3,B,,54,12917,0
CLI-003338,10/11/2023,vendredi, Industrie ,Suisse,PME, Pro ,15,13,7,,29,7.6,16,6,4,2,2,11.5,5,0,318.64,vert,us-e1,B,"Compte engagé, ambassadeur potentiel.",67,4703,0
CLI-001987,2022-09-23,vendredi,Public,France, TPE ,Starter,29,1,1,"100,0",39,12.2,8,1,8,1,6,38.5,3,0,"15,3",clair,ap-s1,A,Suivi standard.,71,414,0
CLI-000248,08/03/2024,vendredi,Industrie,Espagne,TPE,PRO,11,2,1,"50,0",33,15.3,16,9,1,0,5,15.8,3,0,"51,41",bleu,us-e1,B,Suivi standard.,27,801,1
CLI-003836,01 May 2024,mercredi,Finance,Allemagne,PME,STARTER,9,34,6,17.6%,3,"0,2",8,3,1,5,0,26.0 h,,1,353.98,violet,eu-w3,B,Déploiement interne limité.,13,1451,1
CLI-001908,13/07/2024,samedi,Tech,Suisse,TPE,Starter,7,9,2,22.2,1,0.1,8,3,1,10,4,23.1,4,1,102.89 €,bleu,us-e1,B,Déploiement interne limité.,10,3544,1
CLI-003257,2024-01-02,mardi,Commerce,France,tpe,starter,13,6,3,50.0,17,3.9,8,2,2,1,3,27.4,4,0,69.51,vert,eu-w1,A,,57,2508,0
CLI-000577,2023-10-14,samedi,Industrie,France,PME,PRO,16,58,29,,33,20.2,16,2,0,3,5,14.0,4,0,1506.17 €,clair,eu-w1,B,,51,13586,0
CLI-001061,12 Sep 2024,jeudi,Industrie,France,PME,PRO,5,23,19,82.6,46,"9,4",16,10,1,2,4,,2,0,"575,0",violet,us-e1,B,"Client insatisfait, risque de départ.",14,13202,1
CLI-004093,2024-08-03,samedi,Éducation,France, PME ,Business,6,18,9,50.0,1,0.4,26,6,2,11,2,9.2,2,2,796.94,violet,ap-s1,B,,19,7188,1
CLI-003572,11 Apr 2024,jeudi, Tech ,Espagne, PME ,Enterprise,10,58,0,0.0,0,0.0,40,0,0,38,3,0.5,4,0,3860.23,clair,ap-s1,B,Faible adoption des sièges.,41,177262,0
CLI-000207,09 Sep 2022,vendredi, Finance ,Espagne,TPE,Business,29,7,3,42.9,15,6.2,26,6,8,3,0,,5,0,341.59,clair,eu-w1,B,,98,13725,0
CLI-000478,10/12/2023,dimanche,Finance,France,TPE,Pro,14,10,3,,12,0.6,16,6,2,5,3,12.6,4,0,215.86,vert,eu-w1,B,,50,2655,0
CLI-002645,2023-06-03,samedi,commerce,Belgique,TPE,Starter,20,11,1,9.1,1,0.2,8,1,3,0,3,33.7,2,0,155.81,vert,ap-s1,control,,54,3577,0
CLI-002101,20 May 2023,samedi,SANTÉ,France,TPE,PRO,21,4,1,25.0,1,0.1,16,5,7,4,3,"12,8",3,0,101.5,vert,us-e1,B,,67,4494,0
CLI-003783,2024-01-28,dimanche,INDUSTRIE,,PME,Business,12,55,14,"25,5",1,"0,2",26,1,4,30,2,4.5,3,0,1973.29,violet,us-e1,A,,56,16181,0
CLI-002065,04 Jan 2025,samedi,Éducation,France,PME,Business,1,28,2,7.1,1,0.2,26,2,0,7,0,3.1,3,0,"1246,53",bleu,us-e1,B,,51,22487,0
CLI-004792,07 Oct 2024,lundi,Santé,Allemagne,PME, Enterprise ,4,22,9,40.9,10,"5,3",40,8,1,1,9,1.4,1,0,1484.12,vert,us-e1,B,Mécontentement exprimé au support.,14,23123,1
CLI-004636,29/12/2024,dimanche,Santé,France,PME,Enterprise,1,59,44,74.6,26,"18,8",40,16,0,1,3,2.5 h,3,0,3860.71,violet,ap-s1,A,,57,66481,0
CLI-004311,03/01/2024,mercredi,éducation,,GE, Enterprise ,13,329,259,78.7,69,33.7,40,23,2,0,1,1.2,4,0,29499.5,sombre,us-e1,B,,66,169327,0
CLI-004156,03/05/2024,vendredi,éducation,Suisse, GE ,BUSINESS,9,495,0,0.0,0,0.0,26,0,0,35,4,8.1,2,1,19438.72,clair,eu-w3,A,,9,239096,1
CLI-001198,31/01/2024,mercredi,éducation,France, TPE ,Starter,12,8,5,62.5%,42,19.4,8,3,2,3,4,28.7,3,1,110.85,vert,us-e1,A,,53,1363,0
CLI-000661,2023-09-16,samedi,Finance,Espagne,PME,PRO,17,16,3,18.8,4,1.1,16,3,3,1,2,8.9,4,0,481.22,violet,ap-s1,control,,59,24071,0
CLI-000849,05/03/2024,mardi, Finance ,Belgique, TPE , Pro ,11,6,1,"16,7",1,0.2,16,1,1,2,9,18.6,3,0,119.86,vert,eu-w1,control,Support très sollicité récemment.,29,983,1
CLI-001091,01 Aug 2023,mardi, Commerce ,France,TPE,Pro,18,1,1,100.0,28,,16,0,7,1,4,,3,,"24,36",vert,eu-w3,control,,71,579,0
CLI-002183,29 Dec 2024,dimanche, Finance ,France,pme,business,1,53,40,"75,5",61,"27,6",26,13,0,2,0,5.7,4,,3546.67,sombre,eu-w1,B,Compte dans la moyenne.,58,241386,0
CLI-001351,05 Aug 2024,lundi,Éducation,France,PME,business,6,21,9,42.9,28,"18,5",26,8,1,0,0,"8,9",3,2,1011.3,sombre,eu-w1,A,,52,22390,0
CLI-003451,2023-09-01,vendredi,,France,PME,starter,17,43,18,41.9,6,0.8,8,2,5,15,0,4.8,5,0,557.69,vert,eu-w1,control,Suivi standard.,76,4116,0
CLI-001523,09/07/2024,mardi,Commerce,France,PME,Starter,7,24,0,"0,0",0,0.0,8,0,0,71,3,23.3,4,0,"256,23",bleu,eu-w1,control,"Compte peu actif, relance nécessaire.",0,840,1
CLI-001210,05 Jun 2023,lundi,éducation,France,TPE, Business ,20,5,3,60.0,13,4.6,26,2,7,2,1,8.5 h,4,0,202.14,sombre,us-e1,control,,75,3647,0
CLI-002953,02 Dec 2024,lundi, Commerce ,Belgique,PME,PRO,2,58,20,34.5,9,1.4,16,5,1,1,2,"14,1",,3,1213.29,violet,ap-s1,A,Suivi standard.,43,12934,0
CLI-000004,2022-09-17,samedi,Commerce,France,PME,business,29,42,25,,39,20.2,26,10,8,1,0,,5,0,1600.67,bleu,us-e1,control,"Compte engagé, ambassadeur potentiel.",100,32814,0
CLI-004597,20 Jun 2023,mardi, Éducation ,Allemagne,TPE,pro,20,2,0,0.0,0,,16,0,0,62,0,8.7,3,0,"50,21",sombre,us-e1,A,,47,782,0
CLI-003698,06 Mar 2024,mercredi,Finance,France,eti,STARTER,11,124,24,"19,4",2,0.8,8,2,0,1,4,25.7,,0,1506.21 €,violet,ap-s1,B,"Client insatisfait, risque de départ.",0,40758,1
CLI-001402,06/08/2023,dimanche,Tech,France,PME,Pro,18,15,8,"53,3",23,10.5,16,4,5,0,4,17.2,3,0,"351,82",clair,eu-w3,control,,61,1731,0
CLI-002541,01/05/2024,mercredi,Industrie,Canada, PME ,PRO,9,10,5,50.0,17,"7,0",16,7,3,3,4,"11,6",3,0,240.49,violet,eu-w1,B,Suivi standard.,60,6508,0
CLI-002807,2023-09-11,lundi,Industrie,France,GE,Business,17,504,295,"58,5",32,7.3,26,14,,2,6,"6,8",3,0,24202.68,bleu,ap-s1,B,,60,873233,0
CLI-001455,22/03/2023,mercredi,tech,Belgique,PME,Starter,23,33,8,24.2,1,"0,3",8,4,4,7,3,28.2,3,,455.87,vert,eu-w3,control,Déploiement interne limité.,65,11214,0
CLI-003740,26/11/2024,mardi,INDUSTRIE,France,tpe,pro,2,11,9,81.8,22,"15,5",16,5,0,0,7,12.2,3,3,275.63,clair,eu-w1,B,"Multiples tickets ouverts, friction élevée.",0,1356,1
CLI-004171,2024-11-10,dimanche, Finance ,France,ETI,Pro,3,42,25,59.5,35,"2,1",16,9,1,0,1,"6,1",3,1,859.23,clair,us-e1,control,,40,14091,0
CLI-002084,2024-02-01,jeudi, Commerce ,France, ETI ,business,12,204,144,70.6,59,27.6,26,16,4,0,1,4.1,5,0,8895.24 €,vert,eu-w3,A,,66,196941,0
CLI-001971,27/08/2024,mardi,Finance,France, PME , Starter ,5,11,6,"54,5",4,1.1,8,0,0,16,3,16.4,4,1,"110,17",vert,us-e1,control,,15,1626,1
CLI-003174,2023-06-03,samedi,Commerce,France, PME ,Pro,20,8,6,75.0,33,23.6,16,11,7,0,0,4.1,,1,"240,1",violet,eu-w1,control,,80,14766,0
CLI-004682,2024-08-02,vendredi,FINANCE,France,TPE, Starter ,6,7,2,28.6,7,4.0,8,1,0,0,0,15.9,4,1,70.45,sombre,us-e1,control,,21,1675,1
CLI-001856,2024-02-15,jeudi,FINANCE,Belgique,PME,Pro,12,24,9,37.5%,20,"14,7",16,5,3,1,0,10.4,3,1,555.93,violet,ap-s1,control,,60,8206,0
CLI-000843,04 Jul 2024,jeudi,éducation,Allemagne,tpe,Pro,7,6,1,16.7%,3,0.5,16,0,2,4,2,"6,9",3,1,157.71,clair,ap-s1,control,,42,2457,0
CLI-002830,29 Apr 2024,lundi, Tech ,Suisse,TPE,Starter,9,9,6,66.7,37,5.7,8,5,1,0,3,32.1,2,0,"146,77",violet,ap-s1,B,,14,5175,1
CLI-004974,16 Jun 2023,vendredi,SANTÉ,France, ETI ,Business,20,209,150,"71,8",29,14.5,26,8,3,1,3,,4,0,9438.53,vert,us-e1,control,"Compte engagé, ambassadeur potentiel.",62,363761,0
CLI-002728,2024-01-02,mardi,,Allemagne,pme,PRO,13,58,8,"13,8",1,0.5,16,4,1,30,2,15.5,1,1,1553.81,bleu,ap-s1,B,Mécontentement exprimé au support.,16,29305,1
CLI-004994,2023-07-13,jeudi,Commerce,France,ETI, Pro ,19,89,20,22.5%,10,3.2,16,5,1,1,0,5.1,4,0,2516.31,vert,us-e1,B,,69,26824,0
CLI-003818,30 Dec 2024,lundi,Commerce,France,ETI,Business,1,204,124,60.8,27,15.1,26,9,0,2,1,2.4,4,2,"8121,88",clair,eu-w3,A,,40,39960,0
CLI-001552,2024-12-24,mardi,éducation,Suisse,PME,Business,1,57,30,52.6,18,6.2,26,11,0,0,2,7.3,4,3,1723.25 €,sombre,eu-w1,A,,12,14131,1
CLI-003926,02/05/2024,jeudi,FINANCE,France, TPE ,Starter,9,4,3,"75,0",63,48.9,8,5,2,1,1,"26,8",2,3,"55,44",violet,us-e1,B,,4,455,1
CLI-004092,2024-05-09,jeudi, Éducation ,Suisse,eti,business,9,101,19,,13,7.1,26,6,1,2,1,2.6,4,0,3446.66,sombre,eu-w1,control,Faible adoption des sièges.,69,76309,0
CLI-004254,2023-08-18,vendredi,Public,Suisse, PME ,business,18,17,7,"41,2",39,"24,2",26,16,1,1,5,6.4,2,0,894.94 €,bleu,eu-w1,B,,43,13943,0
CLI-002699,2023-07-06,jeudi,SANTÉ,Canada, TPE ,Starter,19,2,1,"50,0",26,6.2,8,2,1,1,6,35.8,2,0,28.07,vert,eu-w1,B,,15,2762,1
CLI-003193,28 Oct 2024,lundi,,Allemagne,pme,Pro,3,21,14,66.7,54,29.2,16,6,0,2,3,17.8,2,2,"557,74",vert,eu-w3,A,,43,7318,0
CLI-002852,2024-03-13,mercredi,Commerce,,TPE, Starter ,11,8,0,0.0,0,"0,0",8,0,0,42,9,26.0,2,0,"102,58",violet,ap-s1,B,Mécontentement exprimé au support.,0,1178,1
CLI-004514,02 Oct 2023,lundi,TECH,France,PME,Pro,16,21,9,42.9,14,,16,6,3,0,2,,3,0,600.75,bleu,ap-s1,B,RAS.,65,16256,0
CLI-004786,03/01/2025,vendredi,Tech,France,PME, Pro ,1,32,18,56.2,26,9.5,16,7,0,0,3,,3,1,650.28,clair,us-e1,control,,57,7998,0
CLI-002681,10 Sep 2023,dimanche,Commerce,France,PME,Business,17,43,19,44.2,17,9.3,26,12,5,2,0,,4,0,1946.75,violet,eu-w3,control,,78,38312,0
CLI-000953,2024-07-13,samedi,Finance,Canada,pme, Starter ,7,14,6,42.9,9,"3,1",8,3,3,1,2,,3,2,"175,38",clair,eu-w3,A,,41,2589,0
CLI-001788,10 Sep 2024,mardi,FINANCE,Suisse, PME ,BUSINESS,5,41,13,31.7,12,1.4,26,12,0,10,2,2.6,5,2,2027.56,violet,us-e1,A,Compte dans la moyenne.,49,33252,0
CLI-002047,04 Dec 2024,mercredi,Santé,Espagne,ETI, Business ,2,209,105,"50,2",21,3.0,26,8,0,1,7,13.3,2,0,"9455,77",bleu,ap-s1,A,,3,139567,1
CLI-003498,08 Nov 2023,mercredi,Finance,Espagne,PME,Pro,15,32,10,"31,2",6,0.3,16,3,2,6,7,19.3,3,1,700.57,sombre,eu-w1,B,,22,14362,1
CLI-001979,2024-02-27,mardi, Public ,Belgique,ETI,Business,11,40,31,77.5,81,43.4,26,17,0,1,2,"0,5",4,1,1493.45,violet,ap-s1,B,Compte dans la moyenne.,67,4899,0
CLI-004191,2024-12-24,mardi,Finance,France,GE,Business,1,162,111,68.5,52,,26,14,0,4,4,5.5,,1,"7191,25",vert,eu-w3,A,,63,47175,0
CLI-003056,28 Dec 2024,samedi,Public,France,PME,Pro,1,45,15,33.3,13,3.0,16,5,0,1,4,15.7,3,1,,bleu,us-e1,B,Suivi standard.,16,27278,1
CLI-004285,10 Oct 2023,mardi,Tech,France, PME ,PRO,16,52,35,67.3,24,19.8,16,10,4,1,1,"8,7",,0,1540.96,sombre,eu-w1,B,Client très satisfait et actif.,62,101087,0
CLI-001084,2025-01-05,dimanche,industrie,France,ETI,pro,1,116,20,"17,2",1,0.2,16,4,1,1,0,3.0 h,,,2998.43,vert,eu-w1,control,,55,14752,0
CLI-004431,28 May 2024,mardi,public,France,PME,Pro,8,9,7,77.8%,43,38.3,16,5,0,1,7,"18,0",3,2,228.73,violet,us-e1,A,,17,2438,1
CLI-001561,14/07/2024,dimanche,Éducation,,TPE,Starter,7,6,3,50.0%,23,"9,9",8,2,1,1,1,0.5,5,1,73.81,violet,eu-w1,A,Suivi standard.,49,968,0
CLI-002250,01 Oct 2023,dimanche,SANTÉ,Canada,TPE,Starter,16,1,1,100.0,1,0.2,8,2,2,4,4,,4,0,"15,19",violet,eu-w1,B,,48,585,0
CLI-003143,29/12/2023,vendredi,commerce,France,PME,BUSINESS,13,20,0,,0,0.0,26,0,0,30,2,,3,0,953.98,violet,eu-w1,B,,12,9387,1
CLI-004646,30 Dec 2023,samedi,,France,TPE,Starter,13,3,2,"66,7",52,21.6,8,5,1,0,0,19.4,5,0,"37,16",bleu,ap-s1,control,,58,457,0
CLI-004350,2024-08-30,vendredi, Finance ,Allemagne, PME ,Business,5,45,22,48.9,10,"5,6",26,13,1,0,5,9.4,,0,"2453,77",clair,eu-w1,A,Suivi standard.,52,148895,0
CLI-003958,18/07/2022,lundi,Éducation,Espagne,TPE,Starter,31,5,4,80.0,67,25.8,8,4,9,1,2,20.0 h,4,0,"60,93",bleu,eu-w3,control,Client très satisfait et actif.,81,1499,0
CLI-000017,2024-12-28,samedi,COMMERCE,Allemagne,ETI,Business,1,76,44,57.9,18,7.5,26,10,0,6,0,"7,3",3,1,3944.93,clair,eu-w1,A,,15,80871,1
CLI-001270,2024-11-30,samedi,Éducation,France,GE,Pro,2,136,38,27.9,5,1.0,16,1,2,1,0,10.3,3,0,2363.36 €,sombre,us-e1,B,RAS.,32,40697,1
CLI-002153,06 Dec 2023,mercredi, Tech ,Espagne,PME, Business ,14,47,32,68.1,38,10.2,26,4,2,0,3,1.3,4,0,"2001,78",clair,ap-s1,A,RAS.,67,70583,0
CLI-004802,12/03/2024,mardi,Industrie,France,ETI,Pro,11,34,8,23.5,3,0.5,16,4,2,9,3,11.3,2,0,810.17 €,clair,eu-w3,A,,44,7972,0
CLI-000847,2024-12-30,lundi,Tech,Belgique,ETI,BUSINESS,1,143,0,0.0,0,0.0,26,0,0,30,3,6.6,3,2,6605.34,sombre,us-e1,A,Faible adoption des sièges.,2,173324,1
CLI-000817,09 Jan 2025,jeudi,Public,France,PME,pro,1,55,17,30.9,1,0.2,16,5,0,1,2,"10,1",,2,1079.9,clair,eu-w1,control,Compte dans la moyenne.,39,8855,0
CLI-004355,23 Dec 2024,lundi,TECH,,tpe,Starter,1,10,6,"60,0",40,"30,2",8,3,0,0,1,21.1,5,2,129.34,vert,us-e1,B,,57,1273,0
CLI-004108,15/04/2024,lundi,Commerce,, ETI ,ENTERPRISE,10,217,104,47.9,5,,40,7,3,6,7,,3,2,15069.12,vert,eu-w1,A,"Multiples tickets ouverts, friction élevée.",60,61783,0
CLI-002376,02/07/2023,dimanche,tech,France,TPE,STARTER,19,6,3,50.0,14,"7,1",8,2,3,7,0,15.0,4,0,"70,63",vert,eu-w1,A,"Compte engagé, ambassadeur potentiel.",77,2259,0
CLI-001715,15/02/2024,jeudi,Tech,France,PME,Business,12,54,43,"79,6",34,"6,0",26,5,1,0,2,4.1,5,0,2833.64,violet,ap-s1,A,,76,32530,0
CLI-004177,07 Jan 2025,mardi,,Allemagne, PME ,Pro,1,11,8,72.7%,17,,16,9,0,2,11,19.4,2,1,"245,31",bleu,eu-w1,B,,5,2816,1
CLI-002529,05 Jan 2025,dimanche,Tech,France,PME, Business ,1,7,4,57.1,13,5.4,26,7,0,1,2,5.8,4,2,310.2,sombre,us-e1,B,,45,2544,0
CLI-003706,2022-11-04,vendredi,,Belgique,PME,Pro,27,17,2,11.8,1,"0,1",16,0,2,18,0,"14,7",4,0,431.01,bleu,eu-w1,A,Faible adoption des sièges.,72,5301,0
CLI-002715,2024-03-02,samedi, Industrie ,Canada,eti,business,11,184,68,37.0,2,1.1,26,5,2,4,1,"4,2",5,1,"8130,22",bleu,eu-w1,B,RAS.,70,120002,0
CLI-002936,05/01/2025,dimanche,,France, PME ,STARTER,1,19,6,31.6,1,"0,2",8,1,1,9,2,19.7,3,0,218.83,sombre,eu-w1,control,,29,1974,0
CLI-001345,2024-09-01,dimanche,Tech,France, PME ,PRO,5,40,11,27.5,1,0.1,16,3,3,23,0,7.3,4,1,752.92,bleu,us-e1,control,Compte dans la moyenne.,15,10496,1
CLI-000739,2024-10-07,lundi,ÉDUCATION,France,GE,Enterprise,4,818,271,33.1%,7,"3,7",40,18,1,3,0,0.6,5,3,54509.69,vert,us-e1,A,,26,536375,1
CLI-003314,01 Oct 2024,mardi,Commerce,Canada,TPE, Pro ,4,11,7,"63,6",35,18.9,16,11,0,1,5,21.9,4,1,"285,34",sombre,ap-s1,A,,18,1872,1
CLI-004234,2023-08-17,jeudi, Public ,France,pme,starter,18,24,6,"25,0",1,"0,3",8,1,8,30,0,22.4,4,0,295.95,sombre,us-e1,A,,71,8494,0
CLI-004753,29/07/2024,lundi,Santé,Espagne,TPE,Business,6,5,1,20.0,1,0.3,26,1,2,30,1,9.9,1,0,137.46,clair,eu-w1,A,,17,902,1
CLI-002586,10 Aug 2024,samedi, Public ,France,PME,starter,6,11,0,0.0,0,0.0,8,0,0,55,0,,4,1,79.73 €,sombre,us-e1,B,,7,719,1
CLI-000277,15/04/2024,lundi,Public,Belgique,PME,Pro,10,7,0,0.0,0,"0,0",16,0,0,78,4,10.6,2,0,"133,78",violet,us-e1,A,,0,1645,1
CLI-002148,2023-04-12,mercredi,Tech,France, PME , Pro ,22,40,19,47.5,35,24.1,16,4,8,2,1,,4,0,1060.44 €,bleu,eu-w1,control,"Compte engagé, ambassadeur potentiel.",61,13043,0
CLI-001215,2024-08-26,lundi,FINANCE,France,ETI,Pro,5,171,89,52.0%,16,8.3,16,7,0,1,3,,4,0,3355.8,vert,eu-w1,B,RAS.,57,19262,0
CLI-004224,11/06/2024,mardi,,France,TPE, Business ,8,2,1,"50,0",9,0.9,26,5,2,1,10,8.3,2,1,74.47 €,vert,us-e1,A,,46,489,0
CLI-004875,09/09/2023,samedi,PUBLIC,Canada,PME, Business ,17,23,9,"39,1",13,8.5,26,11,4,0,3,"7,7",4,0,1082.16,bleu,eu-w1,A,"Compte engagé, ambassadeur potentiel.",84,106485,0
CLI-000298,10 Jan 2024,mercredi,Santé,,pme,PRO,13,14,7,50.0,34,16.6,16,8,1,2,5,16.0 h,2,0,347.71 €,bleu,us-e1,A,,62,2851,0
CLI-001898,05/10/2024,samedi,Public,Espagne,PME,BUSINESS,4,32,20,"62,5",16,6.2,26,7,0,2,3,5.8,3,0,1263.64,sombre,eu-w3,B,Compte dans la moyenne.,46,62171,0
CLI-003477,11 Mar 2024,lundi,,France,pme,Starter,11,55,7,12.7%,1,0.1,8,2,5,6,5,45.8,2,1,432.17,sombre,ap-s1,control,"Client insatisfait, risque de départ.",25,2126,1
CLI-002839,03 Aug 2024,samedi,COMMERCE,Suisse,PME,Starter,6,50,27,54.0,18,"5,6",8,3,2,0,3,23.6,3,0,704.8,vert,us-e1,B,,60,7513,0
CLI-002835,05/09/2023,mardi, Public ,Espagne,GE,Business,17,505,181,35.8,10,"0,5",26,4,4,3,1,5.8,3,0,24154.52 €,sombre,ap-s1,control,Suivi standard.,54,415941,0
CLI-001791,06 Aug 2023,dimanche,TECH,Canada,PME,enterprise,18,44,27,"61,4",30,"10,5",40,7,5,2,0,2.6 h,5,0,3237.78 €,vert,eu-w3,control,,77,84959,0
CLI-001239,02 May 2024,jeudi,,Canada,PME,pro,9,35,20,57.1,14,7.8,16,3,3,2,3,14.4,,0,"808,2",bleu,eu-w1,B,,53,21870,0
CLI-002934,09 Jul 2023,dimanche,Éducation,,tpe,Starter,19,4,2,,24,,8,5,4,4,3,24.4,,0,51.28,vert,us-e1,A,,70,1766,0
CLI-004781,01 Jul 2024,lundi,Commerce,Espagne,PME,business,7,29,17,"58,6",39,"20,4",26,13,1,1,5,8.7,2,2,1322.46,violet,eu-w1,control,Mécontentement exprimé au support.,37,82416,0
CLI-002291,2024-01-29,lundi, Éducation ,France,PME,Pro,12,59,32,54.2%,15,"0,8",16,0,7,0,2,22.1,2,0,1468.36,clair,eu-w3,control,,58,42142,0
CLI-003491,2024-02-01,jeudi,Industrie,Allemagne, TPE ,Starter,12,2,1,50.0,42,23.7,8,4,3,2,5,27.2,4,1,25.53,vert,eu-w1,control,,49,544,0
CLI-003528,2025-01-07,mardi,tech,Allemagne,TPE,STARTER,1,7,5,"71,4",69,39.3,8,5,0,0,2,24.4,4,2,79.49 €,clair,us-e1,A,,48,913,0
CLI-000002,2024-03-14,jeudi,,France,PME,Pro,11,37,6,"16,2",1,0.1,16,3,2,20,4,16.3,3,1,824.37 €,vert,eu-w3,A,,26,6760,1
CLI-003327,12 Apr 2023,mercredi,Éducation,Allemagne,ETI,Business,22,63,46,73.0,60,,26,13,,2,0,2.6,,0,3398.12 €,sombre,ap-s1,B,"Compte engagé, ambassadeur potentiel.",80,103099,0
CLI-003417,2023-07-07,vendredi,Santé,France,PME,Pro,19,26,19,73.1%,62,34.2,16,4,1,1,1,,4,0,815.2,vert,ap-s1,A,Suivi standard.,65,19385,0
CLI-003457,2023-07-12,mercredi,PUBLIC,Espagne,PME,Starter,19,9,6,66.7,43,25.8,8,4,4,1,2,"21,2",4,0,127.73,clair,us-e1,control,Client très satisfait et actif.,73,12569,0
CLI-000912,2024-03-14,jeudi,SANTÉ,Belgique, TPE ,Business,11,11,0,0.0,0,"0,0",26,0,0,73,0,6.3 h,4,0,548.23,violet,ap-s1,A,Usage en forte baisse ce trimestre.,6,14835,1
CLI-004728,10 Dec 2024,mardi,Santé,Canada,TPE,Pro,2,5,3,"60,0",14,"0,7",16,2,1,1,5,19.0,3,0,134.49,clair,ap-s1,A,RAS.,8,2647,1
CLI-002301,2024-08-29,jeudi, Finance ,France,TPE,Pro,5,2,2,100.0,53,,16,5,0,0,3,13.5,4,1,50.79,sombre,eu-w3,B,,36,1041,0
CLI-002955,04/01/2025,samedi,SANTÉ,France,ETI,BUSINESS,1,205,22,10.7%,1,0.4,26,1,0,0,0,5.3,5,2,5535.0,sombre,eu-w1,B,,52,27232,0
CLI-002732,2023-12-09,samedi,Finance,,GE,enterprise,14,760,315,41.4,23,10.6,40,11,3,1,0,3.0,4,0,66168.67,violet,us-e1,B,,70,2000000,0
CLI-004789,05 Feb 2024,lundi,Finance,France,PME,Pro,12,54,29,53.7,34,7.6,16,5,4,0,0,7.6,5,,1479.12,sombre,eu-w3,A,Client très satisfait et actif.,70,38812,0
CLI-002637,12/05/2024,dimanche,Tech,, GE ,Pro,9,617,294,"47,6",28,16.4,16,6,5,0,2,"14,2",3,2,14969.49,clair,us-e1,control,,47,61375,0
CLI-004870,11 Jul 2023,mardi,Commerce,France,PME,business,19,40,8,20.0%,1,0.1,26,1,3,17,0,2.1,4,0,"1653,94",vert,us-e1,A,Déploiement interne limité.,45,73236,0
CLI-004885,12/10/2024,samedi, Commerce ,France,ETI,Starter,4,91,40,44.0%,18,5.6,8,3,0,0,8,40.3,1,,1041.82,violet,us-e1,control,"Client insatisfait, risque de départ.",0,22212,1
CLI-000109,05 Jan 2023,jeudi,santé,France,PME,Starter,25,38,24,"63,2",42,14.8,8,3,4,0,3,24.6,4,0,536.32 €,clair,us-e1,B,"Compte engagé, ambassadeur potentiel.",69,43538,0
CLI-004784,27/04/2024,samedi,Commerce,Allemagne,PME, Starter ,9,13,2,15.4,1,0.3,8,1,4,8,4,"26,6",3,1,"150,4",bleu,eu-w1,control,Faible adoption des sièges.,18,4440,1
CLI-004921,01 Dec 2024,dimanche,Santé,France,TPE,enterprise,2,10,5,"50,0",8,,40,20,0,1,1,2.8,5,3,641.59,sombre,eu-w1,B,,52,3683,0
CLI-004395,27 Apr 2024,samedi,Tech,France, ETI ,Business,9,144,105,"72,9",35,21.3,26,10,1,1,1,1.8,4,,6621.5,sombre,eu-w1,B,,71,59726,0
CLI-001540,09/07/2024,mardi,Santé,France,TPE, Pro ,7,7,3,42.9%,5,2.8,16,5,2,11,0,8.8,,2,172.17 €,violet,eu-w3,B,,48,1835,0
CLI-000049,2024-02-10,samedi,public,France,TPE,Business,12,10,5,50.0%,37,24.5,26,10,2,1,4,5.8,3,0,454.54,clair,eu-w3,A,,62,37272,0
CLI-002231,29/11/2024,vendredi,ÉDUCATION,France,TPE,Pro,2,10,4,,16,"4,9",16,4,0,1,8,16.9,2,2,245.71,clair,ap-s1,B,,40,4433,0
CLI-003587,05/02/2024,lundi,TECH,France,TPE,BUSINESS,12,5,1,20.0,3,0.2,26,8,3,6,3,9.7,4,0,206.35 €,bleu,ap-s1,A,Faible adoption des sièges.,27,7107,1
CLI-003655,31/07/2024,mercredi,Tech,France,PME,Enterprise,6,21,7,33.3,1,"0,4",40,14,1,5,2,,4,0,1747.77,violet,eu-w3,A,Suivi standard.,61,28663,0
CLI-002763,26 Oct 2024,samedi,Tech,France,TPE,Pro,3,6,3,50.0,10,4.2,16,7,,1,0,11.0,5,1,"139,32",sombre,eu-w1,control,RAS.,21,2285,1
CLI-001936,07/01/2025,mardi,Commerce,France,ETI,Enterprise,1,137,75,"54,7",19,15.4,40,16,0,3,2,4.3,3,3,"9818,47",bleu,eu-w3,A,,57,112716,0
CLI-000015,30/03/2024,samedi,Public,France,PME,Business,10,58,22,37.9%,9,0.4,26,3,1,1,2,9.4,4,2,"2679,47",vert,ap-s1,A,,63,48338,0
CLI-002783,14 Apr 2024,dimanche,Santé,,PME,PRO,10,53,48,90.6%,86,"74,2",16,10,1,0,3,,5,1,1588.18,sombre,us-e1,control,,66,24744,0
CLI-004546,05/01/2024,vendredi,Finance,France,PME,pro,13,59,51,86.4,67,32.5,16,7,3,1,0,"7,8",5,1,"1456,23",violet,ap-s1,control,"Compte engagé, ambassadeur potentiel.",72,34629,0
CLI-004033,2025-01-05,dimanche,SANTÉ,France,TPE,starter,1,4,3,75.0%,81,"60,7",8,6,0,1,0,,5,2,56.92,vert,eu-w3,control,RAS.,63,420,0
CLI-002493,17 Jul 2023,lundi,finance,Suisse, PME ,PRO,19,51,41,80.4,72,43.3,16,13,3,0,5,18.6,2,0,1421.11,sombre,eu-w3,control,"Client insatisfait, risque de départ.",73,59431,0
CLI-003597,28 Dec 2024,samedi,Tech,France,PME,Enterprise,1,54,15,27.8%,2,0.6,40,14,0,9,1,3.7,4,4,3886.31,clair,eu-w1,control,,46,38241,0
CLI-000098,17/09/2023,dimanche,Tech,France,tpe,business,17,10,4,,16,5.2,26,16,4,0,4,4.5 h,4,0,"480,0",vert,eu-w3,B,,77,12989,0
CLI-003837,27 May 2024,lundi,tech,Allemagne,PME,Pro,8,45,14,31.1,3,0.8,16,3,2,18,1,12.3,,2,"973,44",clair,eu-w1,B,,13,6386,1
CLI-004695,29 Dec 2024,dimanche,Tech,France,PME, Pro ,1,55,45,"81,8",55,22.0,16,13,0,2,2,"10,1",4,1,"1276,04",vert,ap-s1,control,,17,18834,1
CLI-003535,11 Mar 2024,lundi,Tech,,PME,Business,11,15,6,40.0,18,1.8,26,13,1,0,9,5.2 h,2,0,642.84,bleu,us-e1,B,"Client insatisfait, risque de départ.",57,9488,0
CLI-002962,2024-12-25,mercredi,éducation,France,pme,Pro,1,45,38,84.4,55,,16,10,0,0,7,19.6,,4,"1212,63",clair,us-e1,B,,17,13921,1
CLI-000473,06/10/2022,jeudi,Finance,Canada,ETI,enterprise,28,49,34,,9,3.9,40,19,10,9,3,1.8,4,0,"3987,03",vert,us-e1,control,Client très satisfait et actif.,73,235394,0
CLI-002373,07 Jan 2024,dimanche,Santé,Allemagne,PME, Starter ,13,30,14,46.7,17,"11,1",8,3,2,5,1,"17,2",4,1,"419,16",vert,eu-w3,control,,57,24403,0
CLI-004583,05/12/2023,mardi,ÉDUCATION,Allemagne,PME,business,14,8,3,"37,5",15,12.1,26,15,3,5,3,5.0,3,0,423.61,vert,eu-w3,control,RAS.,54,15284,0
CLI-000809,2023-04-14,vendredi,TECH,France,PME,ENTERPRISE,22,54,46,"85,2",59,"40,3",40,25,6,1,6,6.4,,0,4424.28,sombre,ap-s1,A,,72,286605,0
CLI-000523,2024-07-31,mercredi,Finance,France, PME ,Pro,6,52,22,42.3%,13,3.2,16,7,1,1,2,15.4,4,1,1238.9,clair,ap-s1,control,,49,8127,0
CLI-003427,2023-07-02,dimanche, Commerce ,France,TPE,Business,19,7,4,"57,1",27,9.7,26,9,3,1,1,5.6,3,0,250.93,clair,eu-w3,B,,70,5967,0
CLI-003401,08 Nov 2024,vendredi, Public ,France,GE, Business ,3,572,475,"83,0",64,13.5,26,18,0,1,8,9.5,3,1,"22211,12",bleu,eu-w3,B,Support très sollicité récemment.,52,564607,0
CLI-001842,08/05/2024,mercredi,COMMERCE,France,PME,Business,9,34,27,79.4%,99,"100,9",26,19,2,0,0,2.2,4,3,"1884,9",clair,eu-w3,control,,57,38640,0
CLI-001045,2025-01-06,lundi,santé,France, PME ,Starter,1,24,4,16.7%,1,0.1,8,2,0,4,4,24.3 h,4,1,220.95,violet,eu-w1,B,Déploiement interne limité.,12,725,1
CLI-003566,2024-04-02,mardi,commerce,Allemagne,PME,Pro,10,12,9,"75,0",44,20.3,16,8,2,0,4,11.8,4,1,238.52,sombre,ap-s1,B,,61,1174,0
CLI-000074,14/04/2024,dimanche,santé,Canada, PME ,starter,10,55,48,87.3,66,,8,5,2,1,2,19.0,5,,862.07,violet,eu-w3,A,,66,12724,0
CLI-004251,2023-10-05,jeudi,COMMERCE,Allemagne,ETI,enterprise,16,183,34,"18,6",5,0.2,40,8,3,2,11,2.6,1,0,16583.03,sombre,eu-w1,A,,54,870277,0
CLI-004847,2024-04-02,mardi,Commerce,Belgique,PME,PRO,10,14,11,78.6,27,14.7,16,7,0,0,4,11.9,4,1,373.75,sombre,eu-w3,B,RAS.,57,7968,0
CLI-002023,2023-01-13,vendredi,Industrie,Espagne,PME,Starter,25,8,6,"75,0",39,20.6,8,6,4,2,4,29.8,4,0,,clair,eu-w3,A,,54,3885,0
CLI-000158,05/04/2023,mercredi, Éducation ,France,PME, Pro ,22,47,33,"70,2",46,31.1,16,6,4,0,3,10.1,4,0,1622.54,sombre,us-e1,B,,54,27940,0
CLI-001407,05/01/2025,dimanche, Industrie ,Belgique,PME,Pro,1,38,14,36.8,13,"4,5",16,3,0,7,7,19.0,2,2,962.46,clair,eu-w1,B,,13,27623,1
CLI-003248,30/05/2024,jeudi,Santé,Allemagne,tpe,Starter,8,7,3,42.9,9,3.7,8,1,3,2,9,33.4,1,0,94.87,vert,ap-s1,A,,35,1478,0
CLI-000609,10/11/2024,dimanche,FINANCE,France,tpe,Pro,3,3,1,,8,"3,2",16,5,2,0,0,9.2,3,2,64.27,bleu,ap-s1,B,,53,300,0
CLI-001841,12 Feb 2024,lundi,Industrie,Belgique,tpe,starter,12,1,1,100.0%,29,13.2,8,3,5,2,5,"28,2",,0,13.46,vert,eu-w1,A,,14,574,1
CLI-000011,10/08/2024,samedi,Commerce,Canada,tpe,Starter,6,1,1,"100,0",1,"0,2",8,3,2,6,4,,3,0,11.74,bleu,us-e1,A,,34,300,1
CLI-001501,2023-12-31,dimanche,Tech,Espagne,eti,pro,13,37,13,35.1,21,5.3,16,9,4,2,0,,4,1,983.35,clair,ap-s1,A,,71,11289,0
CLI-004273,08 Apr 2024,lundi,Commerce,Espagne,TPE,Enterprise,10,7,3,42.9%,5,"1,6",40,12,2,4,8,3.5,3,0,"594,49",sombre,us-e1,control,,57,9262,0
CLI-004603,2023-08-09,mercredi,Commerce,France,PME,Enterprise,18,58,40,69.0,24,"13,4",40,21,1,1,3,6.2,3,0,4913.04 €,vert,us-e1,control,Compte dans la moyenne.,69,44316,0
CLI-000561,07/01/2025,mardi,Commerce,France,TPE,starter,1,5,3,60.0%,21,5.9,8,3,1,1,0,,5,1,57.04,sombre,ap-s1,control,,54,421,0
CLI-003928,13/02/2024,mardi,Commerce,,eti,business,12,180,91,50.6%,29,,26,11,4,1,0,1.2,5,0,7606.68,bleu,ap-s1,control,,80,748497,0
CLI-001579,10/11/2023,vendredi,Santé,Allemagne,TPE,pro,15,9,0,0.0,0,0.0,16,0,0,44,10,"21,4",3,0,"211,58",vert,eu-w3,control,,0,5552,1
CLI-003769,2025-01-07,mardi,COMMERCE,France, PME ,PRO,1,32,19,59.4,25,"15,8",16,9,0,4,1,8.6,5,2,708.47,violet,eu-w1,A,,21,5809,1
CLI-003268,07 Mar 2024,jeudi,Industrie,France,ETI,PRO,11,64,51,"79,7",76,"52,2",16,12,3,0,1,16.6,3,1,1991.12,sombre,us-e1,control,,55,63676,0
CLI-001301,2022-10-09,dimanche,Tech,Espagne,TPE,pro,28,5,4,80.0%,46,31.2,16,9,3,2,6,20.2,2,0,154.83,vert,us-e1,B,Mécontentement exprimé au support.,66,15235,0
CLI-003634,2023-12-03,dimanche,Public,Canada,TPE, Starter ,14,11,7,63.6,54,31.7,8,4,3,3,5,30.4,2,0,164.79,vert,us-e1,B,"Client insatisfait, risque de départ.",9,4865,1
CLI-004862,31/12/2024,mardi,Commerce,Espagne,PME,pro,1,58,49,84.5,72,37.1,16,8,0,3,2,"15,2",3,0,"1393,78",clair,eu-w3,control,Compte dans la moyenne.,53,82289,0
CLI-002816,2024-10-31,jeudi,FINANCE,France,ETI, Business ,3,142,77,"54,2",18,5.0,26,14,3,4,8,7.3,2,1,"7292,57",vert,ap-s1,A,,20,149498,1
CLI-001964,2024-02-10,samedi,TECH,France,PME,PRO,12,23,19,,37,"15,6",16,4,0,0,1,"12,5",3,0,675.9,clair,eu-w3,control,Suivi standard.,73,11639,0
CLI-000484,05/05/2024,dimanche,santé,Belgique,PME,pro,9,46,8,17.4%,2,0.2,16,6,3,9,5,,3,2,1187.76,bleu,eu-w1,A,Faible adoption des sièges.,18,20453,1
CLI-001436,09/03/2023,jeudi, Tech ,France, TPE ,Starter,23,4,2,50.0,23,8.2,8,3,9,0,4,23.9,,0,59.43,clair,eu-w3,B,,76,634,0
CLI-000481,2024-01-05,vendredi,Finance,France,PME,BUSINESS,13,27,9,33.3,1,0.2,26,5,4,10,0,5.4,,0,1311.18,clair,ap-s1,A,,71,16128,0
CLI-002453,25/09/2024,mercredi,Public,Allemagne,TPE,Starter,4,7,4,57.1,30,13.2,8,3,0,1,5,39.0 h,2,0,"101,52",violet,eu-w1,B,"Client insatisfait, risque de départ.",35,1165,0
CLI-004058,14 Feb 2023,mardi,ÉDUCATION,France,PME,ENTERPRISE,24,18,6,33.3,4,1.0,40,3,1,15,1,0.5,5,0,1481.69,bleu,ap-s1,B,Suivi standard.,68,24300,0
CLI-000326,03 Mar 2024,dimanche,Commerce,,ETI,business,11,108,78,72.2,46,25.2,26,13,2,2,0,0.7,4,2,4511.61,bleu,eu-w3,A,,64,92488,0
CLI-002037,2024-12-26,jeudi,Commerce,Espagne,ETI,Business,1,141,118,"83,7",47,13.3,26,12,0,0,0,2.1,5,1,7185.71,vert,ap-s1,control,,50,159092,0
CLI-003298,19 May 2023,vendredi,Éducation,, TPE ,Business,21,1,1,"100,0",34,4.6,26,13,6,0,3,10.4,3,0,"48,84",sombre,us-e1,A,,66,3444,0
CLI-000365,2024-08-25,dimanche,Industrie,France,pme,Pro,5,57,41,"71,9",50,36.3,16,10,2,1,1,10.5,3,0,1570.51,bleu,eu-w1,A,Suivi standard.,50,25756,0
CLI-001652,09 Jun 2024,dimanche, Tech ,Allemagne, PME ,Starter,8,55,21,38.2,1,"0,2",8,0,4,4,0,8.2,5,1,622.29 €,sombre,eu-w3,B,Client très satisfait et actif.,62,4593,0
CLI-004359,2023-02-11,samedi,Finance,,TPE,starter,24,4,1,25.0,3,0.9,8,0,7,10,4,28.2,3,0,"50,73",sombre,us-e1,B,,53,1123,0
CLI-004345,2023-03-08,mercredi,Commerce,Suisse,PME, Pro ,23,45,12,"26,7",3,"0,8",16,2,4,9,1,,3,0,1005.33,violet,eu-w1,control,,70,12366,0
CLI-001263,2025-01-01,mercredi,Santé,Espagne,TPE,starter,1,8,6,75.0,39,26.8,8,4,0,2,0,21.5,5,1,80.6,sombre,us-e1,B,,41,991,0
CLI-002537,07 Jan 2025,mardi,éducation,,GE,ENTERPRISE,1,158,0,"0,0",0,0.0,40,0,0,30,2,1.9,2,2,"10648,88",clair,us-e1,control,Mécontentement exprimé au support.,4,104785,1
CLI-001478,2024-03-06,mercredi,Éducation,Espagne, PME ,Starter,11,55,39,70.9,91,58.8,8,4,5,1,4,27.2,3,0,"642,03",violet,ap-s1,A,,62,8950,0
CLI-003575,2024-12-27,vendredi,finance,France,PME,Business,1,57,40,"70,2",40,22.4,26,14,0,5,1,7.7,4,2,2424.31,violet,eu-w3,A,,42,23855,0
CLI-001025,2023-12-03,dimanche,INDUSTRIE,France,TPE,PRO,14,2,1,50.0,28,"4,0",16,4,,3,3,12.9,2,1,"48,92",clair,ap-s1,control,,52,2166,0
CLI-003398,2023-10-17,mardi,Tech,Espagne,GE,Business,16,318,255,80.2,66,"48,3",26,15,3,1,1,,4,1,14571.18,violet,eu-w3,control,,69,179226,0
CLI-000254,12 Jun 2024,mercredi,INDUSTRIE,France,TPE,PRO,8,9,2,22.2,1,,16,1,3,20,0,,3,1,"233,01",clair,eu-w1,A,Déploiement interne limité.,54,7452,0
CLI-000795,2024-02-06,mardi,éducation,France,PME,business,12,39,0,0.0,0,0.0,26,0,0,74,0,6.9,4,1,1969.29,violet,eu-w3,control,,15,54904,1
CLI-003817,2024-12-05,jeudi,éducation,Espagne, PME , Business ,2,24,8,33.3,1,,26,8,0,7,2,,,0,1102.43,clair,ap-s1,control,,51,18080,0
CLI-003129,11 Apr 2024,jeudi,Commerce,France,PME,Starter,10,28,0,0.0,0,0.0,8,0,0,37,2,25.4,,1,300.56,sombre,us-e1,B,,3,9365,1
CLI-000339,08 May 2024,mercredi, Public ,France,PME,Pro,9,45,28,,39,"18,1",16,10,0,3,1,12.7,3,,"1074,26",violet,ap-s1,A,Compte dans la moyenne.,59,24665,0
CLI-002696,2023-02-15,mercredi, Tech ,Allemagne,eti,ENTERPRISE,24,64,29,45.3,6,2.4,40,9,6,1,3,"6,8",1,0,5534.02 €,sombre,us-e1,control,,72,186054,0
CLI-003731,16/11/2023,jeudi,FINANCE,Belgique,PME,STARTER,15,54,23,"42,6",20,"3,4",8,1,2,0,5,29.4 h,3,0,554.62,sombre,eu-w3,control,,21,3638,1
CLI-000437,16 Sep 2022,vendredi,Tech,France, TPE ,Pro,29,3,2,66.7,61,"51,1",16,7,5,3,1,15.8 h,3,0,75.14,violet,us-e1,B,Suivi standard.,97,2649,0
CLI-004649,14 Sep 2023,jeudi, Éducation ,France,GE,enterprise,17,335,60,"17,9",1,0.1,40,6,1,3,1,2.2,3,0,23858.36,bleu,us-e1,control,Faible adoption des sièges.,54,1447725,0
CLI-000658,07 Apr 2024,dimanche, Finance ,France, PME , Business ,10,10,7,"70,0",20,13.1,26,6,4,1,1,5.2,4,0,437.35,clair,us-e1,B,Client très satisfait et actif.,61,8248,0
CLI-001531,12 Oct 2022,mercredi,SANTÉ,France,TPE,Business,28,10,4,40.0,23,10.5,26,8,8,1,0,6.2,,0,534.27,vert,eu-w1,A,Client très satisfait et actif.,100,14019,0
CLI-002606,27 May 2024,lundi,tech,Belgique,TPE,Pro,8,10,8,"80,0",70,"47,9",16,9,4,1,1,6.8,5,1,252.89,vert,eu-w1,B,"Compte engagé, ambassadeur potentiel.",61,2903,0
CLI-004327,09 May 2024,jeudi,PUBLIC,Belgique,PME,business,9,15,4,26.7,1,0.1,26,2,1,12,0,"0,5",4,1,586.23,violet,us-e1,control,,49,6730,0
CLI-004600,27/12/2024,vendredi,FINANCE,France,PME, Pro ,1,14,8,57.1,25,19.5,16,9,1,0,0,11.9 h,4,2,368.24 €,violet,eu-w3,A,,53,22949,0
CLI-003892,2023-10-16,lundi,Industrie,France,PME, Pro ,16,47,26,"55,3",11,"3,6",16,3,3,0,2,11.3,,0,1093.79 €,violet,ap-s1,A,RAS.,69,40361,0
CLI-003310,09 Oct 2024,mercredi, Commerce ,Allemagne,PME,Pro,4,54,24,44.4,9,3.0,16,6,0,5,1,14.5,3,2,1370.48 €,clair,eu-w1,A,Compte dans la moyenne.,25,38209,1
CLI-001640,2024-07-09,mardi,Public,France,TPE, Pro ,7,8,7,87.5%,77,51.6,16,10,3,0,4,12.3,4,1,233.39 €,sombre,eu-w3,A,,57,5933,0
CLI-004193,12/09/2024,jeudi,Commerce,Belgique,TPE,Pro,5,9,7,"77,8",23,13.5,16,7,1,2,1,"11,7",4,4,222.79,clair,eu-w3,B,,10,5115,1
CLI-000443,13/07/2024,samedi,Commerce,France,tpe,Business,7,3,1,"33,3",5,0.5,26,5,1,1,1,"4,8",3,1,108.66,bleu,eu-w1,A,,61,624,0
CLI-003214,11/06/2024,mardi,finance,France,GE, Enterprise ,8,765,403,52.7,14,"12,5",40,5,2,1,3,2.7,,1,73069.19,clair,us-e1,control,,42,2000000,0
CLI-002636,05 Feb 2023,dimanche,Commerce,France, ETI , Business ,24,31,25,80.6,42,24.9,26,11,4,3,3,7.5 h,4,1,1412.16 €,clair,us-e1,control,Client très satisfait et actif.,83,70636,0
CLI-002306,2023-11-29,mercredi,Santé,Suisse,pme,Starter,14,23,15,65.2,33,,8,3,0,1,2,18.5,4,0,254.64 €,clair,eu-w1,A,,52,4385,0
CLI-003507,2023-10-02,lundi,TECH,France,tpe,STARTER,16,5,3,60.0,15,4.3,8,3,5,1,3,30.5,3,0,73.09,vert,eu-w1,control,,51,3416,0
CLI-004725,24/12/2024,mardi,PUBLIC,Suisse,TPE,Pro,1,10,8,"80,0",67,34.3,16,10,0,1,1,13.4 h,4,5,226.49,bleu,us-e1,control,,49,5572,0
CLI-001323,14 Dec 2022,mercredi,Industrie,Suisse,ETI, Starter ,26,185,35,18.9,13,"8,1",8,4,7,1,4,,3,,2574.29,vert,eu-w3,control,Faible adoption des sièges.,66,154097,0
CLI-002727,31/12/2023,dimanche,Industrie,France,PME,Business,13,12,6,50.0,22,"14,5",26,11,1,3,1,8.6,2,0,566.73,sombre,eu-w3,A,,47,37642,0
CLI-004777,01 Apr 2024,lundi,Industrie,France,TPE,Starter,10,1,1,100.0%,1,0.4,8,3,2,21,0,,4,0,9.11,clair,eu-w1,A,,60,300,0
CLI-003977,02 Jan 2025,jeudi,TECH,Canada,ETI,enterprise,1,35,20,57.1,46,"26,6",40,18,0,1,2,3.5,3,1,3168.54,vert,eu-w1,control,RAS.,33,88339,1
CLI-004167,2023-11-08,mercredi,Éducation,France,PME,Starter,15,59,28,47.5,2,"0,8",8,2,4,16,6,23.4 h,3,1,688.68,vert,us-e1,B,,58,18636,0
CLI-001350,2023-10-10,mardi, Tech ,Espagne,PME, Business ,16,28,23,82.1,50,20.4,26,15,3,1,2,"6,3",2,,1614.77,violet,ap-s1,B,Mécontentement exprimé au support.,62,52964,0
CLI-003459,06 Jan 2025,lundi,Santé,France,ETI,Business,1,198,38,19.2,1,0.3,26,7,0,30,3,4.9,,2,"6748,93",violet,ap-s1,A,Faible adoption des sièges.,7,22136,1
CLI-001538,05/03/2023,dimanche,COMMERCE,France,tpe,Starter,23,10,6,60.0%,27,7.8,8,3,8,0,5,34.2,2,0,140.19 €,clair,us-e1,B,,60,3794,0
CLI-002137,2023-04-18,mardi, Finance ,Allemagne,pme,Business,22,42,17,40.5,11,4.5,26,9,5,1,5,2.9,3,0,1741.8,vert,us-e1,B,,75,34279,0
CLI-003849,2023-08-05,samedi,finance,France,PME,Business,18,56,42,"75,0",51,"31,5",26,7,4,0,10,11.6,2,0,2691.63,clair,ap-s1,B,,27,139050,1
CLI-002309,26/12/2024,jeudi,,France,PME, Business ,1,48,8,16.7,3,"0,3",26,7,0,0,0,3.9 h,4,1,2454.57 €,bleu,eu-w3,control,,57,24153,0
CLI-001281,05 Aug 2024,lundi,FINANCE,Suisse,PME,Pro,6,55,22,"40,0",29,"11,6",16,8,1,1,5,,3,2,1479.83 €,bleu,us-e1,control,,51,8494,0
CLI-003951,2024-09-05,jeudi, Éducation ,Allemagne,PME,ENTERPRISE,5,40,28,"70,0",53,16.2,40,25,0,0,1,2.8,3,0,3027.77,bleu,us-e1,control,,65,22345,0
CLI-002987,01 Jan 2025,mercredi,commerce,France,ETI,Business,1,49,37,75.5,70,53.9,26,12,0,0,2,8.5,3,0,"2458,83",sombre,eu-w1,A,Suivi standard.,53,76617,0
CLI-003770,06/12/2023,mercredi,SANTÉ,France,GE,Enterprise,14,536,37,6.9,1,0.2,40,1,2,7,6,"2,7",2,0,37549.49,sombre,eu-w1,control,,15,307906,1
CLI-000391,2023-06-11,dimanche,Tech,Canada,ETI,BUSINESS,20,72,38,52.8%,45,"8,8",26,8,4,0,0,1.0,4,0,3343.2,violet,ap-s1,B,,65,90467,0
CLI-004367,2025-01-02,jeudi,Finance,France,PME,Pro,1,20,12,60.0,39,18.3,16,4,0,2,8,"16,0",2,2,439.21,sombre,ap-s1,B,,0,2881,1
CLI-004769,06/07/2023,jeudi,Commerce,Canada,PME,PRO,19,27,19,70.4,54,"35,0",16,5,6,0,4,"10,1",4,,655.22,sombre,eu-w3,B,Client très satisfait et actif.,77,12357,0
CLI-003533,2024-01-09,mardi,Industrie,France, TPE ,Pro,13,3,2,66.7%,19,,16,2,1,1,0,5.9,5,1,69.01,bleu,ap-s1,B,,63,340,0
CLI-002096,05 Nov 2024,mardi,finance,France,TPE,pro,3,10,4,40.0%,9,1.7,16,6,0,1,0,0.5,5,0,230.11 €,bleu,eu-w3,B,Compte dans la moyenne.,53,5472,0
CLI-003765,2023-01-13,vendredi,Commerce,Suisse,GE,Business,25,547,517,94.5,88,59.0,26,12,5,1,2,5.2 h,4,0,29345.3,bleu,ap-s1,control,"Compte engagé, ambassadeur potentiel.",74,866273,0
CLI-000797,2024-08-06,mardi,,France,PME,PRO,6,36,16,44.4,7,3.0,16,7,0,7,0,1.9,5,0,"770,29",sombre,ap-s1,B,,60,20844,0
CLI-002515,05 Nov 2023,dimanche,Commerce,Suisse,PME,pro,15,18,14,77.8,38,11.3,16,9,5,0,0,4.7,4,0,504.02,bleu,eu-w1,A,,74,4960,0
CLI-002808,11/11/2023,samedi, Tech ,France,PME,Starter,15,44,3,"6,8",1,0.1,8,0,3,23,3,"24,2",3,0,643.55,violet,eu-w3,control,Faible adoption des sièges.,25,10027,1
CLI-001863,10/09/2024,mardi,Finance,Canada,PME,Starter,5,19,15,,46,30.7,8,4,3,0,3,"31,8",4,,"234,82",vert,ap-s1,A,Client très satisfait et actif.,72,5777,0
CLI-001756,2025-01-08,mercredi,Commerce,Allemagne,PME,Business,1,41,24,58.5,32,22.8,26,12,0,1,2,4.4,4,1,1500.97,violet,eu-w3,A,,60,9846,0
CLI-002583,26 Dec 2024,jeudi,Industrie,France,TPE,starter,1,3,2,66.7,29,8.3,8,4,0,0,1,25.1,4,0,31.99,vert,eu-w3,B,Suivi standard.,0,300,1
CLI-001050,2023-12-04,lundi,Commerce,France,pme,Pro,14,27,11,40.7,7,0.6,16,1,6,21,4,"16,9",1,0,696.13 €,clair,ap-s1,control,,55,14841,0
CLI-004678,12 Aug 2022,vendredi,Commerce,Espagne,PME,STARTER,30,55,40,"72,7",34,,8,3,12,0,0,11.5,5,0,770.89,clair,eu-w1,B,"Compte engagé, ambassadeur potentiel.",83,34135,0
CLI-004495,09 Mar 2024,samedi,Industrie,France,TPE,Starter,11,7,3,42.9,10,8.1,8,3,6,6,0,12.3,5,0,75.54,clair,eu-w3,A,,72,1239,0
CLI-004444,09 May 2024,jeudi,Commerce,France,PME,Business,9,54,23,"42,6",25,"13,1",26,9,,1,4,11.3,1,,"2240,13",violet,eu-w1,A,,58,25717,0
CLI-004620,2024-12-27,vendredi,Industrie,France,PME, Pro ,1,27,21,77.8,61,53.2,16,7,0,4,2,"15,2",2,0,555.09,bleu,eu-w1,B,"Client insatisfait, risque de départ.",44,2731,0
CLI-004526,06/01/2025,lundi,Tech,Allemagne, PME ,Pro,1,39,26,"66,7",34,13.0,16,4,0,1,1,6.6,3,2,"950,65",sombre,ap-s1,control,,43,10913,0
CLI-000317,17/03/2023,vendredi,Finance,France,ETI,Business,23,77,29,"37,7",1,0.8,26,5,6,1,4,10.6,1,0,3482.96 €,vert,eu-w3,B,,63,57121,0
CLI-000781,13/01/2024,samedi, Finance ,France,pme,Pro,13,6,3,"50,0",38,20.2,16,6,4,1,2,11.0,4,,"152,19",vert,us-e1,A,,64,1498,0
CLI-002605,13 Aug 2024,mardi, Industrie ,France,eti,enterprise,6,134,111,82.8,71,36.7,40,29,1,0,0,4.7 h,4,2,11280.43,sombre,eu-w3,B,RAS.,66,203499,0
CLI-002818,08 Aug 2024,jeudi,COMMERCE,France,TPE,Business,6,2,1,50.0%,22,7.1,26,8,0,0,4,,2,2,103.06,clair,ap-s1,B,,56,2451,0
CLI-003296,04 Aug 2024,dimanche,Commerce,France,ge,Enterprise,6,252,90,35.7%,2,1.1,40,11,1,1,1,3.0 h,4,0,"17745,09",sombre,eu-w3,A,,48,392876,0
CLI-003919,02 Dec 2023,samedi,public,France,TPE,STARTER,14,10,5,"50,0",1,,8,0,1,19,1,18.3,3,,"131,24",sombre,us-e1,A,,13,3767,1
CLI-000240,14 Sep 2023,jeudi,tech,France,PME,BUSINESS,17,57,25,43.9,14,2.7,26,8,6,1,0,8.0 h,5,0,2657.17,sombre,eu-w1,control,,79,65366,0
CLI-004773,2023-04-09,dimanche,Public,France,tpe, Pro ,22,1,1,100.0,17,9.2,16,5,7,1,2,8.8,4,0,29.66 €,bleu,ap-s1,A,,72,2919,0
CLI-003826,12 Apr 2024,vendredi,Santé,Espagne,TPE,Pro,10,9,4,44.4,9,3.8,16,3,2,1,1,13.0,2,0,,sombre,us-e1,control,,57,2892,0
CLI-003453,10 Apr 2023,lundi,COMMERCE,France, PME ,Pro,22,16,15,"93,8",114,99.1,16,14,8,1,1,"6,3",5,0,524.65 €,clair,eu-w3,B,Client très satisfait et actif.,86,20220,0
CLI-000748,23/12/2024,lundi,Éducation,Allemagne,PME,BUSINESS,1,46,36,78.3,49,"28,5",26,15,0,0,0,"2,1",5,1,2025.39 €,clair,us-e1,control,,66,24912,0
CLI-003998,10/04/2024,mercredi, Tech ,Allemagne,pme, Pro ,10,33,25,75.8,36,23.3,16,6,5,0,1,11.4,4,2,"746,19",vert,eu-w3,B,"Compte engagé, ambassadeur potentiel.",62,17133,0
CLI-001874,19 Apr 2023,mercredi,Finance,France, PME ,Pro,22,50,15,30.0,5,2.3,16,6,4,8,1,14.2,3,0,1245.05,sombre,eu-w1,control,,63,23482,0
CLI-002222,14/02/2024,mercredi,Public,Allemagne,ETI,BUSINESS,12,79,0,0.0,0,0.0,26,0,0,98,1,"10,3",2,0,3409.44,vert,eu-w1,B,,0,13979,1
CLI-001676,2023-10-10,mardi,Public,France,TPE,Starter,16,11,7,"63,6",24,6.6,8,3,3,3,5,39.5,3,0,156.96,clair,us-e1,A,,57,3218,0
CLI-001665,26/11/2024,mardi,FINANCE,Suisse,TPE,starter,2,1,1,100.0%,21,5.9,8,2,0,0,0,"16,2",5,1,"11,46",clair,ap-s1,A,,51,348,0
CLI-002498,02/01/2025,jeudi,Commerce,Canada,ETI,ENTERPRISE,1,86,0,"0,0",0,"0,0",40,0,0,30,2,,3,2,6378.87,violet,us-e1,B,Déploiement interne limité.,0,99383,1
CLI-003360,2024-04-05,vendredi,FINANCE,France,ge,Business,10,220,150,68.2%,32,18.8,26,11,2,0,4,8.6,,0,12004.06 €,vert,ap-s1,B,,68,88590,0
CLI-004958,13 Aug 2023,dimanche, Santé ,France,PME,Business,18,28,14,50.0%,12,"7,5",26,10,4,3,5,7.4,2,0,1436.65,vert,ap-s1,A,,53,30629,0
CLI-000886,2024-04-01,lundi, Finance ,France,ETI,Pro,10,38,8,21.1%,2,0.3,16,6,3,5,0,5.6,5,0,923.05,clair,eu-w3,A,Déploiement interne limité.,50,12867,0
CLI-004685,2023-08-18,vendredi,Industrie,France, GE ,enterprise,18,292,161,55.1%,21,11.7,40,16,3,1,3,"3,6",5,0,27704.29,bleu,us-e1,A,,75,1181311,0
CLI-002470,05/01/2025,dimanche,,,GE,business,1,740,436,"58,9",15,5.5,26,13,0,1,3,7.5 h,3,4,28493.63 €,clair,eu-w3,B,RAS.,6,93459,1
CLI-000062,2024-08-10,samedi,commerce,France,pme,pro,6,42,27,64.3,21,3.6,16,6,0,0,3,"7,2",4,1,"1204,23",violet,us-e1,B,Compte dans la moyenne.,63,20737,0
CLI-004347,30/07/2024,mardi,Tech,Allemagne,TPE, Starter ,6,2,0,"0,0",0,,8,0,0,55,0,6.3,,4,17.61,bleu,us-e1,A,Déploiement interne limité.,0,300,1
CLI-002958,06 Mar 2023,lundi,Éducation,France, ETI ,BUSINESS,23,205,25,,1,"0,4",26,6,5,30,0,5.8,3,0,9320.18,bleu,eu-w1,B,,67,152851,0
CLI-004097,12 May 2024,dimanche,PUBLIC,France, TPE ,Starter,9,9,5,"55,6",12,"3,4",8,2,0,4,5,32.1 h,,1,112.2,bleu,eu-w3,control,,38,2668,0
CLI-003503,2024-05-12,dimanche, Éducation ,Belgique,TPE,starter,9,1,1,100.0,1,0.2,8,2,1,1,3,,3,1,10.82,sombre,eu-w3,B,,54,300,0
CLI-004456,2024-06-07,vendredi,Éducation,France,PME,Starter,8,52,11,21.2,3,"1,1",8,2,2,23,6,23.7,3,2,494.48 €,bleu,ap-s1,B,,3,4460,1
CLI-001499,11 Jul 2024,jeudi,Finance,France,PME,enterprise,7,47,31,66.0,22,7.0,40,19,2,2,1,2.5,4,0,3300.11,sombre,ap-s1,B,,74,13530,0
CLI-000236,2023-11-04,samedi,ÉDUCATION,Suisse,tpe,pro,15,9,7,"77,8",53,"37,0",16,8,6,1,0,9.1 h,4,0,"210,36",vert,us-e1,A,,71,5002,0
CLI-001234,12/09/2023,mardi, Tech ,France,TPE, Starter ,17,1,1,"100,0",59,10.5,8,3,5,0,1,,4,0,12.41,violet,ap-s1,control,"Compte engagé, ambassadeur potentiel.",67,300,0
CLI-003787,28/07/2024,dimanche,ÉDUCATION,Allemagne,ETI,Enterprise,6,164,76,46.3,15,4.0,40,21,1,1,2,3.9,3,1,15017.55 €,clair,us-e1,control,,60,726549,0
CLI-004715,07 Dec 2022,mercredi,TECH,Suisse,PME,Pro,26,33,3,9.1,1,"0,1",16,4,6,19,0,"0,9",,0,963.58,violet,ap-s1,control,Faible adoption des sièges.,86,19753,0
CLI-004275,05/10/2024,samedi,Public,France,ETI,business,4,147,118,80.3,45,24.2,26,15,0,2,3,"8,2",4,2,5995.3,bleu,eu-w1,A,,51,98323,0
CLI-003724,13/05/2024,lundi,finance,France,PME,pro,9,28,16,57.1%,16,12.8,16,9,0,1,1,"16,7",4,1,782.35,bleu,eu-w1,B,,17,15397,1
CLI-001081,14 Aug 2023,lundi,Tech,France,ETI,Enterprise,18,49,19,38.8%,2,0.4,40,10,2,15,1,1.4,,1,"2680,28",clair,eu-w3,control,,49,24176,0
CLI-002882,2024-03-13,mercredi,Éducation,Canada,ETI,business,11,203,76,37.4%,2,0.1,26,4,2,5,2,10.8,2,0,9342.55,sombre,eu-w1,A,,62,68948,0
CLI-004337,03 Sep 2024,mardi,COMMERCE,France,PME,Business,5,48,13,27.1,1,0.4,26,10,1,4,0,2.8,4,1,2122.9,sombre,us-e1,A,,57,26112,0
CLI-004951,01 Mar 2024,vendredi,Éducation,France,GE, Pro ,11,323,95,29.4,1,0.1,16,1,,11,3,9.1,4,0,6475.88 €,clair,ap-s1,control,,54,42482,0
CLI-002304,2023-12-02,samedi,commerce,France, TPE ,starter,14,4,1,25.0%,2,0.8,8,2,5,30,5,29.8,4,0,44.97,violet,eu-w1,control,,41,1291,0
CLI-004993,2024-03-08,vendredi,Tech,France,PME, Business ,11,32,15,"46,9",12,0.6,26,9,5,2,4,,2,0,1504.55,sombre,us-e1,A,,27,29610,1
CLI-001879,14 Aug 2023,lundi,SANTÉ,France,PME,BUSINESS,18,51,25,49.0,21,15.4,26,12,4,2,1,,5,0,2795.19,sombre,eu-w3,B,"Compte engagé, ambassadeur potentiel.",73,105435,0
CLI-000186,04 Aug 2024,dimanche,public,France,PME,Pro,6,12,6,50.0,16,0.8,16,7,0,1,0,0.5 h,5,4,315.35 €,vert,us-e1,control,,53,9309,0
CLI-003508,2024-06-27,jeudi,TECH,Belgique,PME,Business,7,50,0,"0,0",0,0.0,26,0,,44,0,4.0,5,1,1707.13,violet,eu-w1,A,Déploiement interne limité.,45,18198,0
CLI-001852,14 May 2024,mardi,commerce,France,PME,enterprise,9,34,14,41.2%,12,4.6,40,21,2,2,3,4.8,1,1,3015.05,vert,eu-w1,A,"Client insatisfait, risque de départ.",56,54392,0
CLI-001857,09/09/2023,samedi,TECH,France,ETI, Business ,17,196,109,55.6,35,15.5,26,10,3,0,2,6.5,4,0,8020.18,bleu,eu-w3,control,Client très satisfait et actif.,87,197296,0
CLI-003675,28 Mar 2024,jeudi,,Canada, PME , Pro ,10,57,39,"68,4",46,"16,8",16,7,1,0,3,18.8,1,2,1602.32,clair,eu-w3,control,,44,48614,0
CLI-003018,2023-09-03,dimanche,Commerce,France,GE,PRO,17,389,92,23.7,1,"0,4",16,5,6,2,3,"12,4",,0,10232.68,sombre,eu-w1,A,,71,511839,0
CLI-002269,2023-07-14,vendredi,Finance,France,PME,Pro,19,35,19,54.3%,30,5.0,16,7,7,1,2,11.2,5,0,937.06,violet,eu-w3,control,,76,23820,0
CLI-000494,2023-12-06,mercredi,industrie,France,tpe,Business,14,3,2,66.7%,48,22.6,26,9,0,0,7,12.5,2,,148.35,clair,ap-s1,B,Mécontentement exprimé au support.,10,9610,1
CLI-002809,31 Mar 2024,dimanche,,France, PME ,Business,10,58,36,62.1,29,16.1,26,14,3,1,1,7.8,3,0,,clair,eu-w3,B,,69,55758,0
CLI-003450,2024-09-09,lundi,santé,France, TPE ,Starter,5,10,5,50.0,16,6.9,8,1,0,0,3,"19,3",5,1,103.58,violet,eu-w3,control,,42,425,0
CLI-000335,07 Jul 2023,vendredi,TECH,France,PME, Business ,19,22,9,"40,9",4,,26,13,3,3,0,3.8,3,0,1131.39,violet,us-e1,B,,80,40821,0
CLI-001076,05 Dec 2023,mardi, Santé ,France,PME, Pro ,14,24,8,33.3,3,1.2,16,3,6,6,0,"12,9",4,0,648.64 €,vert,us-e1,B,,68,14361,0
CLI-004905,2024-05-10,vendredi,,France,ETI,pro,9,39,33,84.6,28,17.2,16,8,,2,0,8.3,5,0,,violet,eu-w3,A,Client très satisfait et actif.,77,36066,0
CLI-004867,08/05/2024,mercredi,Finance,Belgique, PME ,Pro,9,10,7,"70,0",53,39.3,16,7,3,1,1,"9,2",3,,276.6,bleu,ap-s1,control,RAS.,68,12021,0
CLI-000815,06/12/2024,vendredi,,France,PME, Pro ,2,58,34,58.6%,23,12.8,16,5,0,2,3,14.1,2,2,1398.16,violet,us-e1,A,Mécontentement exprimé au support.,37,19490,0
CLI-000590,04/01/2025,samedi,Commerce,France,PME,Starter,1,16,3,18.8,1,0.3,8,2,0,30,1,27.2,,0,165.86,violet,us-e1,control,,48,3672,0
CLI-003467,2023-11-03,vendredi,Industrie,,PME,Pro,15,27,2,7.4,1,"0,1",16,0,3,2,2,"9,9",4,0,"702,6",sombre,ap-s1,control,Faible adoption des sièges.,72,21317,0
CLI-003124,08 Mar 2024,vendredi,INDUSTRIE,Canada,TPE,Starter,11,3,2,"66,7",15,4.0,8,4,4,0,8,35.6,,0,37.04,bleu,us-e1,control,,14,820,1
CLI-004823,03/06/2024,lundi,SANTÉ,Allemagne,ETI, Business ,8,130,78,60.0,2,0.7,26,12,0,30,0,5.4 h,5,1,5738.28 €,vert,eu-w1,A,Compte dans la moyenne.,61,164689,0
CLI-001434,2023-11-14,mardi,Éducation,Canada,GE, Enterprise ,15,884,829,93.8,71,50.8,40,22,4,0,5,4.5,3,0,76511.23,vert,us-e1,B,,76,1882176,0
CLI-000683,14/02/2024,mercredi,Finance,France,ETI,BUSINESS,12,209,44,"21,1",1,"0,1",26,1,1,12,4,6.1 h,3,0,9733.74 €,violet,ap-s1,B,Déploiement interne limité.,58,111743,0
CLI-004366,31/12/2023,dimanche,Public,, TPE ,STARTER,13,7,3,"42,9",14,3.4,8,1,2,1,5,"25,4",,,60.7,clair,eu-w3,A,RAS.,44,300,0
CLI-000977,2024-12-29,dimanche,,France,PME,Starter,1,26,17,65.4,45,"32,5",8,5,0,0,2,26.9,4,,"278,99",violet,us-e1,B,,51,3203,0
CLI-000870,2024-12-31,mardi,Tech,France,TPE,business,1,4,3,75.0,56,15.0,26,10,0,0,0,6.3,4,2,"217,94",vert,us-e1,control,Suivi standard.,58,8936,0
CLI-003322,04 Jan 2025,samedi,Commerce,France,GE,Enterprise,1,715,573,80.1,66,37.5,40,20,0,0,5,4.8 h,4,2,44264.93,bleu,ap-s1,B,,43,471864,0
CLI-002707,06 Jul 2023,jeudi,Finance,France,ETI,Pro,19,169,42,24.9%,1,0.3,16,7,5,0,3,6.1,4,0,3301.84,sombre,ap-s1,control,,72,21660,0
CLI-004833,20/02/2023,lundi,Public,France,GE,Business,24,639,0,"0,0",0,0.0,26,0,0,63,3,4.1,5,0,"35341,33",violet,eu-w3,control,,11,1506954,1
CLI-004340,2024-04-12,vendredi,industrie,Belgique,TPE,STARTER,10,1,1,100.0,22,"15,3",8,2,1,3,0,14.4,4,1,9.91,violet,us-e1,A,Suivi standard.,54,300,0
CLI-000383,17/09/2023,dimanche,Commerce,France,PME,ENTERPRISE,17,32,12,37.5,1,0.1,40,11,6,30,5,2.2,3,0,2451.33,vert,ap-s1,B,,51,14071,0
CLI-003452,12/02/2024,lundi,ÉDUCATION,Belgique, PME ,Pro,12,48,17,,7,1.6,16,6,6,2,1,10.8,3,0,1147.44 €,bleu,us-e1,B,,55,15054,0
CLI-001547,2023-01-04,mercredi,commerce,Canada,TPE,Business,25,4,2,50.0,19,"10,4",26,8,7,2,0,6.8,5,0,"180,29",sombre,ap-s1,B,"Compte engagé, ambassadeur potentiel.",82,2809,0
CLI-003864,2023-09-02,samedi,finance,France,TPE,Starter,17,11,6,"54,5",18,8.6,8,2,7,1,2,28.6,4,1,149.68,sombre,eu-w3,control,Client très satisfait et actif.,80,3682,0
CLI-002129,10 Oct 2022,lundi,éducation,Canada,TPE,STARTER,28,5,3,60.0,25,15.7,8,4,9,2,4,22.3,4,0,59.98,violet,us-e1,control,,72,1082,0
CLI-000686,05 Aug 2024,lundi,Commerce,France,PME,Pro,6,24,5,"20,8",1,"0,4",16,4,0,9,0,8.4,4,1,566.02 €,sombre,eu-w3,control,,54,4177,0
CLI-002437,2024-05-03,vendredi,Tech,Belgique,PME, Enterprise ,9,35,19,,26,18.5,40,14,2,1,9,"3,7",2,0,3131.43,clair,eu-w1,control,Mécontentement exprimé au support.,12,59059,1
CLI-004932,05 Oct 2023,jeudi,Tech,France, PME ,Business,16,19,15,78.9,52,18.0,26,11,7,0,3,,3,0,1059.69,vert,eu-w3,control,,69,25199,0
CLI-004861,02/01/2025,jeudi,Industrie,France,PME,pro,1,16,11,68.8%,18,6.1,16,3,0,2,0,5.0,5,4,430.5,clair,eu-w3,control,,49,32477,0
CLI-004179,13/03/2023,lundi,Santé,France,pme,Enterprise,23,24,18,,70,65.6,40,17,4,1,0,1.9,4,0,2181.68,clair,eu-w3,B,,74,62614,0
CLI-003006,2025-01-10,vendredi,Éducation,France,eti,Business,1,159,108,67.9,32,25.2,26,14,0,2,1,3.1,3,3,"7464,79",violet,ap-s1,B,,21,61211,1
CLI-004062,18/07/2023,mardi,Industrie,France,TPE,PRO,19,5,1,"20,0",1,0.3,16,0,3,14,0,"3,2",5,0,94.62,clair,us-e1,control,Déploiement interne limité.,64,1785,0
CLI-001285,2023-12-16,samedi,Tech,Belgique,TPE,Pro,14,11,0,0.0,0,0.0,16,0,0,80,1,16.1,2,0,238.73,sombre,ap-s1,A,"Compte peu actif, relance nécessaire.",0,4698,1
CLI-000105,14/06/2024,vendredi,public,,ETI, Enterprise ,8,88,76,86.4,95,76.8,40,35,0,0,1,2.2,5,3,5252.03,bleu,ap-s1,B,,64,34453,0
CLI-002338,09 Jan 2024,mardi,COMMERCE,France, TPE ,ENTERPRISE,13,11,4,36.4,7,"2,7",40,17,4,7,2,1.8,5,,1038.15,violet,eu-w1,B,"Compte engagé, ambassadeur potentiel.",66,17877,0
CLI-002265,18/09/2023,lundi, Industrie ,France,PME,BUSINESS,17,39,18,46.2,13,"1,6",26,10,4,0,4,6.0,4,0,1726.18,bleu,us-e1,A,,57,58034,0
CLI-000160,2025-01-03,vendredi,Tech,France,eti,PRO,1,159,31,19.5,1,0.2,16,1,0,11,0,3.8,4,3,"3774,04",violet,eu-w3,A,Faible adoption des sièges.,40,46421,0
CLI-003096,12/10/2024,samedi, Finance ,France,PME,PRO,4,37,12,"32,4",1,"0,3",16,3,2,14,2,13.1,,0,698.22,bleu,eu-w1,control,,8,27482,1
CLI-003066,16/01/2024,mardi,éducation,France,ETI,enterprise,13,97,30,30.9%,9,0.4,40,18,5,0,0,"0,5",5,0,7115.69,bleu,us-e1,B,,72,87523,0
CLI-000385,04 Sep 2024,mercredi,Industrie,Belgique, ETI , Enterprise ,5,151,94,62.3,27,12.4,40,12,1,2,1,"4,5",2,0,9729.97,clair,eu-w3,control,Mécontentement exprimé au support.,56,239357,0
CLI-002842,09 Apr 2024,mardi,COMMERCE,France, TPE , Starter ,10,10,0,0.0,0,0.0,8,0,0,147,1,27.1,3,0,113.16,violet,ap-s1,A,"Compte peu actif, relance nécessaire.",0,2691,1
CLI-000638,18 Oct 2023,mercredi,Industrie,Allemagne, TPE ,starter,16,6,5,83.3%,64,"49,1",8,4,4,4,0,14.1,5,0,67.19,bleu,us-e1,A,Client très satisfait et actif.,76,551,0
CLI-000121,14 Jun 2024,vendredi,tech,France,tpe,Pro,8,5,3,60.0,30,12.9,16,8,2,1,1,11.4,4,0,123.58,bleu,ap-s1,A,,63,1824,0
CLI-003434,29/10/2024,mardi, Industrie ,Suisse,TPE,STARTER,3,3,1,33.3%,2,0.7,8,2,0,0,0,10.0,4,1,"31,36",violet,us-e1,control,RAS.,12,977,1
CLI-003189,18 May 2023,jeudi,finance,Suisse,PME,business,21,18,6,33.3,1,0.1,26,8,8,27,2,"5,9",3,1,861.15,violet,ap-s1,A,,77,60728,0
CLI-002508,17/07/2023,lundi,FINANCE,Suisse,TPE,STARTER,19,8,3,,10,4.0,8,3,6,1,1,"15,9",3,0,93.19 €,bleu,ap-s1,control,Suivi standard.,70,2063,0
CLI-002144,04 Aug 2024,dimanche,ÉDUCATION,Canada,PME,Starter,6,31,8,25.8%,4,"2,1",8,2,2,3,8,42.7,2,1,401.71,sombre,us-e1,B,Mécontentement exprimé au support.,40,14164,0
CLI-001012,2023-12-03,dimanche, Éducation ,France,TPE,Starter,14,2,1,"50,0",11,4.2,8,5,3,0,0,,4,0,28.35,clair,eu-w1,B,,63,488,0
CLI-003860,2024-06-13,jeudi,Tech,Suisse, TPE , Starter ,8,7,5,71.4,67,"23,8",8,4,3,0,0,19.0,5,1,85.04,bleu,ap-s1,B,Client très satisfait et actif.,63,1255,0
CLI-002320,27/12/2024,vendredi,Éducation,Espagne,PME,Business,1,53,19,35.8%,1,0.7,26,9,0,6,3,5.6,3,3,1949.83,sombre,eu-w3,control,Suivi standard.,41,12791,0
CLI-004681,04/02/2024,dimanche,Public,France,PME,PRO,12,20,13,65.0,34,"13,1",16,6,1,1,0,1.3,5,2,"492,74",violet,eu-w1,control,RAS.,67,23031,0
CLI-001471,2023-07-12,mercredi,Finance,France,PME,Pro,19,40,33,82.5,76,"36,7",16,9,3,0,0,5.3,5,0,"1109,43",violet,eu-w1,B,"Compte engagé, ambassadeur potentiel.",71,20924,0
CLI-002861,16/08/2023,mercredi,INDUSTRIE,France,ETI,Business,18,219,86,39.3,9,3.3,26,12,6,0,0,0.5 h,5,0,11563.04,clair,us-e1,control,,76,218079,0
CLI-000018,2024-02-05,lundi,tech,Canada,ETI,Pro,12,71,60,84.5,110,37.9,16,10,0,0,4,14.6,3,0,2032.97,clair,ap-s1,B,RAS.,63,115025,0
CLI-003262,05/01/2024,vendredi,santé,Suisse,PME,Business,13,12,8,,13,0.7,26,14,0,1,5,11.6,4,0,536.3,sombre,eu-w1,B,,62,9675,0
CLI-002109,31/12/2024,mardi,FINANCE,Canada,TPE,BUSINESS,1,4,4,100.0,76,55.6,26,16,0,1,6,10.8 h,3,5,"178,79",vert,ap-s1,B,,16,4105,1
CLI-002196,09/01/2025,jeudi, Tech ,Belgique,PME,Business,1,11,2,"18,2",1,0.1,26,1,0,13,0,6.8,3,1,396.54,vert,eu-w3,control,,40,4877,0
CLI-002161,08 Jun 2024,samedi,,Canada,pme,Starter,8,27,13,48.1,16,7.3,8,3,1,0,4,,2,0,334.29 €,sombre,eu-w3,A,,0,14528,1
CLI-001611,09/06/2024,dimanche,Santé,France,ETI, Pro ,8,89,51,57.3,36,,16,9,2,1,2,"14,0",3,0,2346.87,clair,us-e1,control,,63,17320,0
CLI-004950,2024-01-04,jeudi,Finance,France, TPE ,Pro,13,4,2,50.0,23,15.1,16,5,2,1,6,19.9,,1,108.31,clair,us-e1,B,Mécontentement exprimé au support.,9,1332,1
CLI-002204,10/01/2025,vendredi,INDUSTRIE,Allemagne,PME,Business,1,6,3,,32,11.0,26,11,0,1,0,"1,6",5,1,250.53 €,clair,us-e1,A,,62,3082,0
CLI-000051,05/10/2024,samedi,Public,Belgique,PME, Pro ,4,27,23,,61,29.3,16,11,0,1,1,10.9,3,1,583.65,violet,eu-w3,B,RAS.,61,4786,0
CLI-001395,05 Aug 2023,samedi,Santé,France, ETI ,business,18,144,110,"76,4",52,43.1,26,16,5,3,5,9.6,1,0,6447.97,clair,eu-w1,A,"Client insatisfait, risque de départ.",53,348964,0
CLI-002381,01/07/2024,lundi,industrie,France,TPE,Business,7,9,5,55.6,23,15.2,26,12,,2,1,1.6,5,3,"443,21",vert,eu-w1,A,,59,8722,0
CLI-003629,02/09/2023,samedi,TECH,Allemagne,TPE,Starter,17,5,2,"40,0",21,7.5,8,2,4,1,2,,3,0,52.88,violet,eu-w3,B,,52,1344,0
CLI-004983,2024-08-11,dimanche,Industrie,France,PME,business,6,54,47,87.0,70,35.1,26,17,2,0,4,5.9 h,4,0,"2896,51",bleu,us-e1,B,,70,30877,0
CLI-003404,2024-03-13,mercredi,Commerce,Allemagne,PME,starter,11,32,23,71.9,45,"26,6",8,2,,0,4,32.4,3,4,370.0,clair,us-e1,B,Suivi standard.,0,4854,1
CLI-002904,11 Nov 2023,samedi,SANTÉ,France,PME,business,15,40,13,32.5,3,,26,5,4,6,5,10.1,3,0,1547.07 €,clair,us-e1,B,,19,27909,1
CLI-001437,15/03/2023,mercredi, Tech ,France,ETI,enterprise,23,138,74,53.6,41,"12,4",40,13,4,1,3,2.1,4,0,12644.02,bleu,ap-s1,control,"Compte engagé, ambassadeur potentiel.",79,819080,0
CLI-004200,04 May 2024,samedi, Santé ,France, PME ,pro,9,59,29,49.2,19,9.2,16,6,1,1,2,14.6,3,0,1477.13,clair,us-e1,B,RAS.,49,23014,0
CLI-003556,07 Aug 2024,mercredi, Industrie ,Suisse,PME,Starter,6,8,0,0.0,0,0.0,8,0,0,55,5,23.6,3,0,"78,48",bleu,us-e1,A,Faible adoption des sièges.,0,1030,1
CLI-004443,05 Mar 2024,mardi,Commerce,France,PME, Pro ,11,30,6,20.0,5,0.2,16,8,4,3,5,12.2,3,1,521.24,bleu,us-e1,B,,31,6839,1
CLI-002576,03 Dec 2024,mardi,Finance,France,GE,business,2,131,76,58.0,4,2.1,26,10,0,4,10,8.3,1,1,6857.32,violet,eu-w3,A,Mécontentement exprimé au support.,6,106837,1
CLI-004565,2024-12-04,mercredi,Public,France,PME,Business,2,49,41,83.7%,63,51.8,26,15,1,1,5,9.2,2,0,2389.0,bleu,eu-w3,A,,51,27426,0
CLI-001837,2023-12-02,samedi,Tech,Allemagne,pme,Starter,14,49,44,89.8,85,"17,2",8,4,2,2,6,,2,0,740.88,vert,us-e1,B,"Client insatisfait, risque de départ.",22,18226,1
CLI-000142,03/06/2024,lundi,Tech,Suisse,TPE,Starter,8,9,4,"44,4",5,0.6,8,1,1,0,5,22.5,3,0,114.17,vert,eu-w1,A,Compte dans la moyenne.,43,936,0
CLI-004493,11 Apr 2024,jeudi,TECH,France,PME,Pro,10,17,13,"76,5",42,"20,4",16,7,5,1,8,15.7,3,0,514.98,violet,us-e1,B,"Multiples tickets ouverts, friction élevée.",61,13091,0
CLI-004785,31 Oct 2024,jeudi,COMMERCE,France,TPE,Business,3,2,1,50.0,6,2.7,26,12,,21,6,7.6 h,2,1,"94,23",vert,us-e1,A,"Client insatisfait, risque de départ.",17,1082,1
CLI-000775,2024-11-10,dimanche,Commerce,France, TPE , Starter ,3,7,5,71.4,45,17.3,8,3,0,1,1,23.2,5,2,79.49,clair,eu-w3,A,,19,456,1
CLI-003237,26 Nov 2024,mardi,Tech,France,PME,BUSINESS,2,58,52,89.7,81,,26,10,0,0,0,"6,3",4,1,2941.34,sombre,us-e1,A,Suivi standard.,73,24119,0
CLI-004429,25 Oct 2024,vendredi,TECH,France,PME,business,3,18,12,66.7%,8,"2,2",26,10,1,2,3,4.9,3,3,790.19,bleu,us-e1,control,,18,14903,1
CLI-004121,2024-02-13,mardi,Éducation,France, TPE ,Starter,12,4,2,50.0,27,11.4,8,3,6,1,0,16.9 h,4,0,52.19 €,bleu,eu-w3,A,,67,1455,0
CLI-002467,19 Dec 2022,lundi,commerce,Allemagne,ETI,Pro,26,136,113,83.1,46,"10,7",16,7,7,2,1,11.2,4,0,4171.89,vert,us-e1,B,,69,92366,0
CLI-000563,19/01/2023,jeudi, Éducation ,France,ETI,BUSINESS,25,95,65,68.4,57,23.2,26,13,5,1,0,4.2,,0,5166.96,bleu,us-e1,B,Client très satisfait et actif.,71,237267,0
CLI-001646,08/09/2023,vendredi,TECH,Suisse,PME,Starter,17,42,13,31.0,1,0.6,8,4,3,22,1,10.5,5,,478.34,violet,ap-s1,B,,63,2746,0
CLI-002019,09 Apr 2024,mardi,Tech,France,ETI,Business,10,204,91,44.6,12,6.3,26,3,1,1,3,,4,2,9182.15,vert,eu-w3,B,RAS.,61,180705,0
CLI-003228,01/06/2024,samedi,tech,Canada, TPE ,starter,8,5,2,40.0,30,9.7,8,3,2,3,3,29.7,,1,56.23,sombre,ap-s1,A,Suivi standard.,25,646,1
CLI-000458,10/11/2023,vendredi,finance,France,PME,Pro,15,17,3,17.6,1,0.1,16,7,4,3,2,10.9 h,4,0,480.42,bleu,eu-w1,A,,57,6697,0
CLI-000171,2025-01-07,mardi, Tech ,France,pme, Pro ,1,34,4,11.8,1,0.4,16,4,0,1,0,,5,0,617.27,bleu,eu-w1,A,,66,8099,0
CLI-003122,26/12/2024,jeudi,public,Suisse,ETI,BUSINESS,1,107,27,25.2,7,0.4,26,6,0,0,2,6.2,4,,4442.62,clair,us-e1,A,,1,69216,1
CLI-000846,2024-09-02,lundi,,France,PME,Pro,5,44,24,54.5%,29,7.2,16,6,2,1,3,11.1,4,2,"1107,76",bleu,eu-w3,A,,50,14534,0
CLI-003445,17 Aug 2023,jeudi,Industrie,Espagne, ETI ,Enterprise,18,133,0,"0,0",0,"0,0",40,0,,107,1,2.1,4,0,10668.67,violet,us-e1,A,,0,87483,1
CLI-003053,2024-11-02,samedi, Santé ,France,TPE,Pro,3,11,2,18.2,1,"0,5",16,0,0,4,3,13.0,2,3,211.98,sombre,ap-s1,A,,3,3476,1
CLI-001009,06 Dec 2023,mercredi,Tech,Suisse,ETI, Pro ,14,169,141,"83,4",53,30.3,16,7,3,1,2,16.1,4,0,4668.57 €,clair,eu-w1,B,,74,214381,0
CLI-002319,02 May 2024,jeudi, Santé ,Belgique,TPE,Pro,9,6,3,50.0,9,3.1,16,6,3,6,5,12.2,3,3,144.83 €,vert,us-e1,B,RAS.,47,3088,0
CLI-000084,2023-11-10,vendredi,Tech,Belgique,PME, Enterprise ,15,21,18,85.7,55,35.9,40,19,3,1,3,0.5,3,0,1732.03,sombre,eu-w3,control,Suivi standard.,67,56811,0
CLI-003032,2023-12-12,mardi, Public ,Canada,PME,Pro,14,6,5,83.3,79,57.8,16,11,2,0,0,"11,5",5,0,154.26,sombre,us-e1,control,,70,4174,0
CLI-003461,02/12/2024,lundi,finance,France,TPE, Enterprise ,2,10,2,20.0,1,0.2,40,7,0,1,6,,1,1,740.24,clair,eu-w3,B,Mécontentement exprimé au support.,50,5463,0
CLI-000325,29/10/2024,mardi,PUBLIC,France,PME,Business,3,44,21,,13,"2,6",26,12,0,6,0,0.5,5,1,"1837,69",bleu,eu-w3,B,Suivi standard.,55,25617,0
CLI-004114,15 Apr 2024,lundi,ÉDUCATION,Allemagne,PME,Business,10,35,26,74.3,60,56.1,26,10,5,1,4,7.7,4,0,1630.31,bleu,us-e1,A,,52,17379,0
CLI-002574,11 Nov 2023,samedi,Santé,Espagne,pme,Pro,15,48,11,"22,9",1,"0,4",16,5,2,21,6,17.3,3,0,1176.23,clair,ap-s1,control,,0,6752,1
CLI-004664,2024-04-07,dimanche,Finance,Suisse,TPE,Starter,10,3,1,"33,3",16,,8,2,3,2,2,30.2,,0,38.12,vert,eu-w1,B,,51,719,0
CLI-001963,04/07/2023,mardi,Finance,Espagne, PME ,Pro,19,9,8,88.9,76,37.3,16,7,8,1,1,"11,5",3,0,266.33 €,bleu,us-e1,control,,84,15724,0
CLI-001020,08 Oct 2024,mardi,Santé,Suisse,TPE,Starter,4,2,1,"50,0",45,32.5,8,5,1,0,3,25.4,3,0,25.09,vert,eu-w1,B,Suivi standard.,10,1029,1
CLI-001847,16 Mar 2024,samedi,Commerce,France,pme, Starter ,11,44,19,"43,2",11,4.6,8,3,2,2,6,"19,6",5,0,579.81,bleu,eu-w1,B,,53,10460,0
CLI-002251,2024-08-02,vendredi,Commerce,Canada,tpe,STARTER,6,8,2,25.0%,2,,8,3,0,6,0,18.3,5,,98.95,vert,eu-w1,control,Suivi standard.,49,2434,0
CLI-001486,29 Dec 2024,dimanche,SANTÉ,Canada, GE , Enterprise ,1,334,229,"68,6",30,,40,17,0,2,1,3.5,3,2,"30015,12",sombre,ap-s1,A,Suivi standard.,14,516860,1
CLI-000636,2023-05-19,vendredi,Finance,Canada,PME,Business,21,33,25,75.8%,67,"70,9",26,10,3,1,0,5.5,5,0,1956.77 €,sombre,eu-w3,control,Client très satisfait et actif.,81,97878,0
CLI-000931,11/07/2024,jeudi,Finance,France,PME,Pro,7,38,25,"65,8",24,22.5,16,6,1,3,8,14.4,2,0,1002.48 €,bleu,ap-s1,control,,8,37814,1
CLI-003561,04 Sep 2024,mercredi,,Belgique,PME,Starter,5,36,23,63.9,36,19.5,8,0,0,3,7,31.6,3,2,418.91,violet,eu-w3,B,"Multiples tickets ouverts, friction élevée.",0,17862,1
CLI-001896,01 Aug 2023,mardi,TECH,France,PME,Starter,18,32,29,90.6,94,,8,4,3,0,0,14.8,5,0,437.92 €,bleu,eu-w1,B,"Compte engagé, ambassadeur potentiel.",79,26932,0
CLI-002672,2023-09-18,lundi,,France,PME,Pro,17,41,16,39.0%,9,1.5,16,8,2,5,3,10.8 h,3,0,,sombre,eu-w1,control,,64,21698,0
CLI-004712,08 Jan 2025,mercredi,Public,Espagne,PME,Pro,1,25,5,20.0,1,0.1,16,4,,5,10,19.9,2,5,375.0 €,vert,eu-w1,control,,0,5228,1
CLI-000309,2023-11-12,dimanche,Commerce,Allemagne,PME,BUSINESS,15,51,22,43.1,16,"3,7",26,13,6,2,5,9.7,3,0,2200.65 €,vert,ap-s1,B,,71,23459,0
CLI-004096,2023-11-13,lundi,Commerce,Suisse,eti,Business,15,126,80,63.5,28,21.0,26,11,5,1,5,11.0,3,0,5036.98,sombre,eu-w3,B,,69,82606,0
CLI-003806,02/01/2025,jeudi,Finance,France,PME,Starter,1,45,14,31.1,10,6.6,8,3,0,11,0,17.8,5,0,509.62 €,sombre,ap-s1,B,,53,2925,0
CLI-003872,08/03/2024,vendredi,Tech,France,PME, Business ,11,30,4,13.3%,1,"0,1",26,1,4,15,2,5.5,3,0,1076.52 €,bleu,ap-s1,A,,58,19420,0
CLI-004090,01 Jan 2024,lundi,,France,tpe,Starter,13,7,4,57.1%,9,2.7,8,2,5,5,3,25.3,4,0,"80,97",clair,ap-s1,control,,66,863,0
CLI-000649,2024-11-25,lundi, Industrie ,France,TPE,Pro,2,4,1,25.0%,4,"2,7",16,5,0,10,3,14.8,2,2,"94,65",violet,ap-s1,control,Mécontentement exprimé au support.,11,854,1
CLI-000048,09/01/2025,jeudi,ÉDUCATION,France,TPE, Starter ,1,2,1,50.0%,2,1.2,8,1,0,13,3,"22,2",4,5,"22,15",sombre,us-e1,control,Compte dans la moyenne.,5,300,1
CLI-001199,2023-06-18,dimanche, Éducation ,France,tpe, Pro ,20,10,2,20.0%,4,1.2,16,2,2,0,2,10.8,2,0,223.71,vert,ap-s1,control,,60,3485,0
CLI-004143,2024-07-03,mercredi,ÉDUCATION,Belgique,eti, Business ,7,167,38,"22,8",3,"1,1",26,9,1,2,0,3.6,5,1,"6217,08",sombre,ap-s1,B,Faible adoption des sièges.,45,137646,0
CLI-000152,31/10/2023,mardi,Santé,France,TPE,Starter,15,6,2,33.3,17,"1,5",8,3,3,0,6,,2,0,66.35,bleu,us-e1,control,,52,1360,0
CLI-001498,2024-03-16,samedi,industrie,,tpe,starter,11,6,3,50.0,27,8.8,8,4,4,0,3,27.8,3,1,"68,81",clair,eu-w3,control,Suivi standard.,16,2539,1
CLI-000299,16/04/2023,dimanche,Santé,Espagne,ETI,Pro,22,50,26,"52,0",36,"30,6",16,7,9,1,7,14.9,3,0,1429.75,vert,eu-w1,A,,77,110205,0
CLI-004012,2023-06-02,vendredi,Santé,France,TPE, Starter ,20,10,9,90.0%,75,66.7,8,4,6,0,3,37.2,2,0,154.84,violet,eu-w3,B,"Client insatisfait, risque de départ.",74,15236,0
CLI-002064,2025-01-04,samedi,Public,Espagne,TPE,Starter,1,4,3,"75,0",36,27.4,8,2,0,3,4,26.6,4,3,50.12,sombre,eu-w3,A,RAS.,13,945,1
CLI-003616,04/12/2023,lundi,,Allemagne,PME,Pro,14,58,12,"20,7",1,0.3,16,3,5,5,0,7.3,4,0,1367.82 €,violet,us-e1,B,Faible adoption des sièges.,75,62810,0
CLI-001730,09 Jan 2025,jeudi,Finance,France,ETI,enterprise,1,206,102,49.5,22,6.6,40,11,0,0,7,"4,4",5,3,"14003,33",sombre,us-e1,B,,24,241137,1
CLI-002405,07 Jan 2025,mardi,Commerce,France,TPE,starter,1,7,0,0.0,0,"0,0",8,0,0,30,4,24.9 h,,2,87.74,sombre,ap-s1,B,Déploiement interne limité.,0,504,1
CLI-001231,2023-07-18,mardi,TECH,Belgique,GE,Business,19,439,360,82.0,62,"61,4",26,14,3,1,0,3.0 h,3,0,21512.33,sombre,us-e1,control,,81,352802,0
CLI-003876,25/12/2024,mercredi,Finance,Espagne,TPE,Starter,1,4,2,50.0,19,7.9,8,2,,1,5,32.7 h,,5,49.76,violet,eu-w3,control,Suivi standard.,5,571,1
CLI-002787,2024-10-03,jeudi,Commerce,Allemagne,TPE,PRO,4,9,2,,1,"0,3",16,3,0,2,4,12.0,2,3,188.77,vert,us-e1,control,Mécontentement exprimé au support.,0,2012,1
CLI-004634,2024-06-05,mercredi,Finance,Espagne,PME,ENTERPRISE,8,55,4,7.3,1,0.1,40,1,0,23,0,1.7,5,1,4045.71,sombre,us-e1,B,Faible adoption des sièges.,32,63032,1
CLI-002056,2024-03-28,jeudi, Public ,France,PME,business,10,41,0,0.0%,0,0.0,26,0,0,39,4,7.0,,1,1332.98,vert,us-e1,control,,0,12023,1
CLI-003375,09 Jan 2025,jeudi,Santé,Espagne,ge,BUSINESS,1,513,0,0.0,0,"0,0",26,0,0,30,4,,3,3,"18408,46",bleu,eu-w1,control,Déploiement interne limité.,0,75475,1
CLI-002290,2023-12-11,lundi,Finance,Allemagne,ETI, Business ,14,179,111,62.0%,29,"9,1",26,13,0,1,0,9.8,4,0,8902.98,vert,ap-s1,A,,68,153309,0
CLI-000293,13 Jul 2024,samedi,SANTÉ,Canada,PME,Business,7,32,12,37.5%,12,7.7,26,8,0,0,5,7.8,2,1,1162.07,vert,eu-w1,A,,41,21917,0
CLI-004222,03/01/2025,vendredi,Éducation,France,TPE,STARTER,1,1,1,100.0,33,21.5,8,2,0,1,0,15.0,3,0,11.37 €,sombre,eu-w3,B,Compte dans la moyenne.,49,300,0
CLI-004612,18 Oct 2023,mercredi, Santé ,France,ETI,PRO,16,169,52,30.8,7,"0,4",16,5,4,7,0,0.5,5,0,4315.13,violet,us-e1,control,,69,99075,0
CLI-003378,04/01/2024,jeudi,TECH,Belgique,pme,Business,13,30,0,0.0,0,0.0,26,0,0,136,12,14.4,1,0,1295.63 €,vert,eu-w1,control,,0,11687,1
CLI-002314,02/11/2023,jeudi,Commerce,France,TPE,STARTER,15,7,1,14.3%,1,0.4,8,0,2,2,4,"18,6",4,0,88.58,violet,eu-w1,A,Faible adoption des sièges.,46,1743,0
CLI-000624,26 Dec 2024,jeudi,Public,France,pme,Pro,1,43,13,"30,2",4,"0,6",16,7,0,0,0,9.9,3,3,874.12 €,sombre,eu-w1,A,,47,5017,0
CLI-000215,06/10/2023,vendredi,SANTÉ,Belgique,PME,Business,16,25,14,"56,0",45,31.2,26,12,3,0,2,"7,3",4,1,1202.73,sombre,eu-w3,A,,61,26628,0
CLI-002933,2024-12-29,dimanche, Santé ,France,PME,pro,1,10,5,50.0,14,4.4,16,6,0,1,3,8.7 h,5,0,229.48 €,bleu,ap-s1,B,Suivi standard.,46,3763,0
CLI-004996,09/01/2024,mardi,INDUSTRIE,France,PME,Pro,13,31,12,38.7,19,"2,4",16,6,4,1,2,9.1,5,0,697.8,sombre,eu-w3,A,"Compte engagé, ambassadeur potentiel.",63,10872,0
CLI-001290,27/05/2024,lundi,finance,France, PME , Business ,8,59,4,6.8%,1,0.2,26,1,0,6,0,5.5,5,1,2313.79,sombre,ap-s1,A,Faible adoption des sièges.,72,9487,0
CLI-004979,12/08/2024,lundi, Finance ,France,TPE,pro,6,8,6,75.0,27,"10,9",16,6,2,0,1,14.6,3,2,208.5,violet,eu-w1,B,Compte dans la moyenne.,57,4445,0
CLI-003437,11/11/2024,lundi,Public,France,PME,BUSINESS,3,37,27,73.0%,72,40.0,26,8,1,1,5,12.0 h,,3,"1709,11",bleu,us-e1,A,,13,47650,1
CLI-002960,05/11/2023,dimanche,Industrie,France,PME, Pro ,15,25,10,40.0,12,5.3,16,2,0,0,1,"12,2",3,,584.77,bleu,eu-w3,control,Suivi standard.,65,11029,0
CLI-002899,09/02/2024,vendredi,Commerce,Allemagne,tpe,pro,12,2,1,"50,0",30,"9,7",16,7,2,1,2,16.1 h,3,0,54.21,clair,eu-w1,B,Suivi standard.,65,845,0
CLI-000614,02 Jul 2024,mardi,ÉDUCATION,Canada,ETI,Pro,7,107,57,53.3,27,20.5,16,10,2,0,0,4.6,5,1,2391.73,bleu,eu-w3,A,,68,39224,0
CLI-004871,14/01/2024,dimanche,Industrie,Canada, PME ,Pro,13,6,2,,1,0.5,16,3,3,27,2,22.9,1,0,157.78 €,clair,us-e1,control,"Client insatisfait, risque de départ.",7,9315,1
CLI-004516,2024-12-31,mardi,commerce,France,TPE, Pro ,1,10,4,40.0,1,,16,4,0,6,0,4.9,5,1,"206,64",vert,ap-s1,control,Suivi standard.,18,1356,1
CLI-003173,29/12/2024,dimanche,Santé,France,pme,Business,1,48,36,75.0,62,39.9,26,14,0,1,0,"0,5",5,2,1755.9,clair,eu-w3,control,Suivi standard.,65,18718,0
CLI-001789,2024-12-29,dimanche,finance,France, TPE ,Pro,1,8,1,"12,5",1,"0,2",16,1,1,30,1,"9,1",2,3,164.26,sombre,eu-w1,control,Mécontentement exprimé au support.,0,1482,1
CLI-002201,2024-05-31,vendredi,Industrie,France,pme,Starter,8,42,0,"0,0",0,0.0,8,0,0,47,2,21.7,4,,"409,53",clair,eu-w3,B,Faible adoption des sièges.,0,6380,1
CLI-001669,2023-12-01,vendredi,finance,France, ETI ,Enterprise,14,108,38,"35,2",13,9.2,40,10,3,0,2,0.5,4,0,8180.68,violet,eu-w3,control,"Compte engagé, ambassadeur potentiel.",77,60373,0
CLI-003547,05/04/2023,mercredi,Commerce,Suisse,PME,Pro,22,52,28,53.8%,37,17.8,16,7,6,2,0,7.8,,0,1233.97,clair,eu-w1,B,Client très satisfait et actif.,91,19225,0
CLI-001089,10/01/2025,vendredi,Commerce,France,tpe,Starter,1,5,1,20.0,2,"0,1",8,3,1,0,3,,4,4,61.17,violet,eu-w1,A,,37,502,0
CLI-004482,10/11/2024,dimanche,Finance,,ETI,Business,3,77,39,50.6%,19,"7,4",26,13,0,2,0,11.7,3,1,3339.16,vert,us-e1,B,,51,21905,0
CLI-002717,31 Dec 2024,mardi,tech,France,TPE,Starter,1,8,3,37.5,6,3.6,8,3,1,7,1,20.8,3,1,108.27,sombre,ap-s1,A,Suivi standard.,21,1687,1
CLI-002550,2024-09-27,vendredi, Tech ,France, ETI ,Starter,4,208,99,47.6,19,9.3,8,4,0,0,5,29.7,3,1,"2512,03",bleu,ap-s1,A,,32,20599,0
CLI-003155,2023-04-05,mercredi, Éducation ,France,TPE,Pro,22,4,0,0.0,0,0.0,16,0,0,89,1,9.5,4,0,,vert,eu-w1,A,"Compte peu actif, relance nécessaire.",4,1415,1
CLI-003484,16/02/2023,jeudi,Commerce,France,ETI,BUSINESS,24,188,112,59.6,34,7.0,26,14,,4,1,6.0,3,0,11573.31,vert,eu-w1,A,Compte dans la moyenne.,82,1138814,0
CLI-000608,2024-06-01,samedi, Éducation ,Allemagne,TPE,Business,8,8,5,62.5%,25,9.4,26,10,3,1,4,3.8,4,0,307.82,clair,us-e1,B,"Compte engagé, ambassadeur potentiel.",72,2272,0
CLI-003325,28/06/2024,vendredi,Industrie,France,TPE,Starter,7,9,3,,19,1.0,8,3,3,5,3,"33,4",3,1,115.6,bleu,us-e1,B,,57,1896,0
CLI-001913,08/02/2024,jeudi,TECH,France,PME,Pro,12,32,18,"56,2",10,"5,9",16,6,0,10,5,"14,1",1,1,939.96,bleu,eu-w1,A,Mécontentement exprimé au support.,46,20811,0
CLI-002764,31/12/2024,mardi, Tech ,France,pme,Business,1,12,7,"58,3",5,3.1,26,7,0,4,3,"8,3",,2,559.71 €,bleu,eu-w3,A,,47,6425,0
CLI-001813,2023-11-05,dimanche,Tech,France,ETI,Pro,15,186,74,"39,8",1,,16,4,1,3,0,9.1,4,1,4683.99 €,sombre,eu-w3,B,,45,15363,0
CLI-000954,29/09/2024,dimanche,tech,France, TPE ,PRO,4,9,4,44.4%,18,11.2,16,5,0,2,3,14.1,4,1,225.85,sombre,eu-w1,control,,2,3519,1
CLI-002691,2024-12-28,samedi, Industrie ,France, TPE ,Starter,1,6,3,50.0%,12,4.6,8,4,0,9,4,29.4 h,3,,76.62,violet,ap-s1,A,,6,2450,1
CLI-003809,2025-01-05,dimanche,commerce,France,PME, Business ,1,50,22,44.0,15,"6,7",26,14,0,6,2,5.7,3,3,2597.99 €,vert,ap-s1,A,,14,157646,1
CLI-002468,03/07/2024,mercredi,santé,Allemagne,PME,Starter,7,30,11,36.7,1,0.1,8,2,2,30,0,19.6,4,1,344.53 €,violet,ap-s1,A,RAS.,5,13561,1
CLI-001616,2023-09-17,dimanche,Commerce,Belgique, TPE ,Starter,17,1,1,"100,0",21,5.3,8,3,5,2,0,21.4,,0,11.77,clair,eu-w3,control,RAS.,75,300,0
CLI-004688,07/01/2025,mardi,Santé,,TPE,Pro,1,3,1,"33,3",1,0.6,16,1,0,8,1,"9,4",5,1,73.6,bleu,eu-w3,A,,56,1147,0
CLI-004129,10/04/2024,mercredi,Industrie,Suisse,TPE,Pro,10,2,1,50.0,3,0.2,16,5,3,8,6,14.2,2,1,37.67,violet,eu-w1,B,,46,340,0
CLI-004826,05 May 2024,dimanche,Finance,Allemagne,pme,Business,9,28,15,53.6,20,"7,3",26,5,4,2,3,"9,3",,0,1319.3,violet,us-e1,control,,58,47600,0
CLI-002187,29/05/2024,mercredi,COMMERCE,France,TPE,Starter,8,1,1,100.0%,60,9.6,8,3,2,2,0,18.7,3,0,10.84 €,sombre,eu-w1,A,RAS.,63,300,0
CLI-002733,09 Dec 2022,vendredi,COMMERCE,Suisse,TPE,Starter,26,4,4,"100,0",55,38.1,8,5,7,4,0,20.6,5,0,"55,68",bleu,eu-w3,A,,87,1324,0
CLI-004683,07 Jul 2024,dimanche,Tech,France,pme,Pro,7,45,20,"44,4",6,,16,9,3,4,3,9.1,5,1,1136.91 €,violet,us-e1,control,"Compte engagé, ambassadeur potentiel.",59,19578,0
CLI-000223,28/06/2024,vendredi,Public,France,TPE,starter,7,4,1,25.0,1,"0,3",8,2,3,13,3,21.2,3,2,"46,55",sombre,ap-s1,A,Suivi standard.,28,534,1
CLI-001062,2023-04-20,jeudi,commerce,France,PME,Pro,22,27,21,"77,8",53,"39,6",16,9,2,1,0,15.2,4,0,"813,03",vert,us-e1,B,Compte dans la moyenne.,67,22001,0
CLI-003780,30/11/2024,samedi,TECH,Espagne,TPE,pro,2,1,1,,24,19.4,16,2,0,1,3,18.4,3,2,23.41,clair,ap-s1,B,,42,480,0
CLI-004779,2024-08-27,mardi,Commerce,France,TPE,Pro,5,10,8,80.0,45,24.3,16,7,2,1,3,15.5 h,3,0,248.0 €,clair,ap-s1,B,Suivi standard.,56,8134,0
CLI-000975,03 Jan 2025,vendredi,Industrie,Suisse,TPE,Starter,1,6,1,16.7,1,0.3,8,2,0,30,0,9.7 h,5,2,67.17,sombre,ap-s1,control,,7,300,1
CLI-001930,2024-04-01,lundi,Industrie,Canada,ETI,Pro,10,34,20,58.8,26,7.4,16,8,3,3,4,7.9,4,1,865.12,violet,eu-w3,A,,66,6385,0
CLI-003514,07/06/2024,vendredi, Tech ,France, PME ,Business,8,27,14,51.9%,23,7.0,26,8,0,1,5,6.2,5,3,1166.46,clair,us-e1,B,RAS.,48,43999,0
CLI-004378,16/05/2023,mardi,COMMERCE,Belgique,TPE,Pro,21,8,0,0.0%,0,"0,0",16,0,0,36,4,"10,1",3,0,206.14,clair,us-e1,A,Faible adoption des sièges.,57,2366,0
CLI-000938,2024-01-16,mardi,Industrie,Belgique,ETI,business,13,58,21,36.2,8,2.7,26,12,4,1,0,0.5,5,0,2695.96,sombre,ap-s1,control,,87,42003,0
CLI-004759,10 Feb 2023,vendredi,Tech,Espagne, TPE ,Pro,24,7,1,"14,3",1,"0,1",16,0,7,4,2,9.4,5,,173.44,clair,eu-w1,A,Déploiement interne limité.,76,3982,0
CLI-003095,25/08/2024,dimanche,Industrie,,PME, Pro ,5,42,23,54.8,16,5.4,16,6,0,2,4,16.3,4,2,948.56,sombre,ap-s1,B,,17,5445,1
CLI-000667,2024-07-10,mercredi, Tech ,France,ETI,ENTERPRISE,7,168,157,"93,5",72,41.8,40,34,1,2,0,"2,5",4,1,14732.63 €,vert,us-e1,A,,77,410746,0
CLI-003101,15/03/2023,mercredi,santé,France,TPE,Pro,23,9,8,88.9%,74,46.1,16,8,7,1,5,17.0,3,0,272.98 €,clair,eu-w3,B,,68,14326,0
CLI-004799,2024-10-03,jeudi,,France,TPE,Starter,4,8,5,62.5,50,30.2,8,4,1,1,1,27.4 h,2,2,91.08,bleu,eu-w3,B,,58,1195,0
CLI-003368,05/01/2025,dimanche,Tech,France,ETI,Enterprise,1,48,34,70.8%,57,38.2,40,18,0,0,4,,4,1,"4129,91",violet,eu-w3,A,Suivi standard.,47,81277,0
CLI-004389,15/07/2022,vendredi,Éducation,France,ETI, Pro ,31,123,0,0.0,0,0.0,16,0,0,46,8,"17,3",2,0,"3003,79",bleu,eu-w3,control,,44,46799,0
CLI-001077,2023-08-14,lundi,,Belgique,GE, Enterprise ,18,714,226,31.7%,3,1.9,40,7,2,1,5,4.3,,0,52007.86 €,bleu,ap-s1,B,"Client insatisfait, risque de départ.",64,554404,0
CLI-001938,07 Jan 2025,mardi,Éducation,Allemagne,TPE,STARTER,1,3,1,33.3,1,0.1,8,2,0,14,0,"17,0",5,1,26.95,sombre,eu-w1,A,,8,300,1
CLI-003991,2024-10-09,mercredi, Finance ,Espagne,ETI,Business,4,44,20,45.5%,15,4.2,26,10,1,1,2,4.0,3,0,1977.7,sombre,us-e1,A,Compte dans la moyenne.,57,17839,0
CLI-000729,2024-09-03,mardi,Santé,Suisse,ETI,STARTER,5,112,107,95.5,99,45.3,8,4,0,1,2,31.3,,0,1426.47,vert,eu-w1,control,,54,42109,0
CLI-002332,12/04/2024,vendredi,tech,France,tpe,starter,10,7,1,14.3,1,0.2,8,2,5,4,2,20.4 h,3,0,80.37,clair,us-e1,A,Déploiement interne limité.,58,1648,0
CLI-002922,16 Aug 2023,mercredi,Commerce,Belgique,PME,business,18,53,48,90.6,103,82.6,26,19,3,0,1,4.7,4,0,2597.77,clair,eu-w3,control,Client très satisfait et actif.,81,134201,0
CLI-001634,2024-08-03,samedi,tech,France,eti,ENTERPRISE,6,195,34,17.4,1,0.4,40,11,0,25,0,,3,2,12139.53,violet,us-e1,A,,32,199088,0
CLI-002134,31/12/2024,mardi,Finance,France,PME,BUSINESS,1,21,12,57.1%,31,"1,6",26,13,0,0,9,"12,6",2,5,822.16 €,clair,ap-s1,A,,0,24270,1
CLI-002860,07 Jan 2025,mardi,COMMERCE,Allemagne,TPE,starter,1,1,1,100.0,98,21.2,8,3,0,1,1,18.2,5,1,"11,33",sombre,eu-w1,control,,70,300,0
CLI-004897,2023-06-12,lundi,Industrie,France, GE ,ENTERPRISE,20,750,394,52.5,41,12.0,40,16,7,2,0,,5,0,71551.75,bleu,us-e1,control,"Compte engagé, ambassadeur potentiel.",88,762742,0
CLI-002364,2024-09-02,lundi,santé,Suisse, PME ,Pro,5,37,29,"78,4",58,,16,8,1,3,10,,3,4,977.34 €,violet,eu-w1,A,Support très sollicité récemment.,46,22440,0
CLI-001830,08/09/2023,vendredi,Industrie,France,TPE,Starter,17,5,4,80.0,56,"10,9",8,3,4,0,2,27.2,4,0,"71,3",violet,eu-w1,control,Client très satisfait et actif.,63,1812,0
CLI-004352,03 Oct 2023,mardi,,France,PME, Pro ,16,36,32,88.9,88,"49,0",16,12,2,0,2,"9,7",3,0,"1294,78",clair,us-e1,control,Suivi standard.,67,77506,0
CLI-000584,09 Sep 2024,lundi,Tech,France,GE,pro,5,414,162,"39,1",5,2.4,16,6,0,3,0,8.4,4,1,11330.72,clair,eu-w1,B,,59,167241,0
CLI-001871,03 Aug 2024,samedi,Tech,France,PME,Starter,6,42,22,52.4,20,9.8,8,2,3,0,2,"28,4",3,1,516.96,clair,eu-w1,A,,49,9326,0
CLI-001206,29 Apr 2024,lundi,Commerce,France,eti,Business,9,31,18,"58,1",28,14.3,26,6,3,1,6,5.2 h,3,1,1371.1,clair,eu-w3,A,Compte dans la moyenne.,53,66334,0
CLI-000997,07 Oct 2024,lundi,commerce,Suisse,ETI,Business,4,166,62,37.3%,1,"0,2",26,1,0,4,2,,3,3,6207.09,sombre,eu-w3,B,,20,193413,1
CLI-003016,2024-02-27,mardi,public,,TPE,Pro,11,9,1,11.1%,1,0.3,16,1,3,6,1,17.1,2,0,"257,14",bleu,eu-w3,control,"Client insatisfait, risque de départ.",29,8645,1
CLI-001703,02/11/2023,jeudi,Finance,Canada,PME,Starter,15,42,11,26.2,6,1.6,8,2,2,7,1,18.0,,0,489.49 €,sombre,ap-s1,control,,57,12041,0
CLI-003271,07 Feb 2024,mercredi,Commerce,Allemagne,PME,Starter,12,50,40,80.0,58,29.3,8,6,4,2,3,32.7,3,0,623.47 €,bleu,ap-s1,A,,57,21472,0
CLI-002542,08/02/2024,jeudi,Santé,Suisse,tpe,Starter,12,5,2,40.0,17,"10,5",8,1,1,1,2,"25,4",3,0,64.9,vert,ap-s1,A,,56,1650,0
CLI-004515,05 Jun 2023,lundi,Finance,Canada,ETI,pro,20,38,10,26.3,4,1.1,16,5,,2,4,10.7,4,0,897.63,vert,us-e1,B,,60,5888,0
CLI-003007,11/01/2024,jeudi,tech,France,pme,Business,13,14,6,"42,9",1,0.3,26,2,1,8,4,15.7 h,2,0,537.35,sombre,eu-w3,B,"Client insatisfait, risque de départ.",21,5288,1
CLI-001943,02/10/2024,mercredi,Tech,France,PME,Business,4,25,20,80.0,42,38.2,26,21,3,1,5,8.2,2,1,1097.24,vert,us-e1,A,,28,22493,1
CLI-004545,2024-06-12,mercredi,INDUSTRIE,Canada,PME,Business,8,37,18,"48,6",16,5.3,26,6,3,6,0,"2,6",5,0,"1423,45",bleu,us-e1,B,Client très satisfait et actif.,64,9338,0
CLI-000858,13 Nov 2023,lundi,PUBLIC,France, ETI ,pro,15,167,77,46.1%,13,5.6,16,2,2,4,8,18.3 h,3,0,4367.65 €,clair,ap-s1,control,"Multiples tickets ouverts, friction élevée.",67,53722,0
CLI-002219,14/07/2024,dimanche,TECH,Suisse,PME,BUSINESS,7,53,43,"81,1",62,22.7,26,15,,3,2,"3,4",3,3,,violet,ap-s1,control,,48,71571,0
CLI-001858,05 Sep 2024,jeudi,COMMERCE,France, TPE , Starter ,5,4,3,,69,44.6,8,5,1,2,1,,5,1,48.99 €,clair,ap-s1,control,,11,482,1
CLI-002881,03/06/2024,lundi,éducation,Allemagne,TPE,PRO,8,5,4,80.0%,58,"41,1",16,9,1,0,3,14.9,5,1,,sombre,us-e1,A,,58,2543,0
CLI-002340,2024-12-25,mercredi,,France,TPE,Starter,1,7,1,"14,3",1,"0,1",8,1,0,2,3,24.3 h,3,2,60.4 €,sombre,eu-w3,A,,17,1436,1
CLI-000943,2024-11-24,dimanche, Industrie ,France, TPE , Starter ,2,5,4,"80,0",39,18.7,8,6,0,0,4,20.5 h,3,0,60.43,sombre,us-e1,B,Compte dans la moyenne.,4,300,1
CLI-001629,04 Oct 2024,vendredi,Commerce,Espagne,TPE, Starter ,4,10,4,40.0,19,10.1,8,2,0,6,3,15.8,4,2,,bleu,eu-w1,control,,4,667,1
CLI-003311,05 Jul 2023,mercredi,Santé,Espagne,TPE,Business,19,3,2,66.7,19,6.3,26,12,6,5,4,7.5 h,4,0,140.12 €,violet,eu-w3,control,"Compte engagé, ambassadeur potentiel.",53,5515,0
CLI-000928,2024-12-24,mardi, Santé ,Belgique,GE,Pro,1,613,85,"13,9",1,0.5,16,0,0,30,0,11.0,4,3,12058.6 €,vert,eu-w1,A,Déploiement interne limité.,8,69216,1
CLI-002847,2023-12-13,mercredi,INDUSTRIE,Canada,tpe,business,14,1,1,100.0,41,17.1,26,15,3,0,4,11.0,2,0,45.99,vert,ap-s1,B,,55,3092,0
CLI-003501,14/05/2024,mardi,COMMERCE,France,ETI,BUSINESS,9,108,63,58.3,15,15.1,26,16,3,3,5,2.8,4,2,6091.21,bleu,eu-w1,control,"Compte engagé, ambassadeur potentiel.",58,139854,0
CLI-004178,15 Oct 2023,dimanche,Finance,France,PME,STARTER,16,56,48,85.7,74,"54,0",8,4,7,1,0,"0,5",5,0,,vert,ap-s1,control,Client très satisfait et actif.,74,8155,0
CLI-004406,01/01/2025,mercredi,Éducation,France,PME,Enterprise,1,39,25,64.1,31,10.7,40,19,0,0,7,3.3,3,3,2848.86 €,vert,ap-s1,A,,2,21025,1
CLI-001819,2024-07-26,vendredi,Finance,Suisse,TPE,Pro,6,9,7,77.8%,49,11.2,16,12,4,0,2,"12,1",4,1,240.85,clair,us-e1,A,Client très satisfait et actif.,48,5135,0
CLI-004854,29/12/2024,dimanche,Santé,Canada,ge, Enterprise ,1,336,0,"0,0",0,"0,0",40,0,0,30,0,2.4,2,3,22111.14 €,sombre,eu-w1,A,,0,145049,1
CLI-001663,2024-10-10,jeudi,SANTÉ,Espagne,TPE,STARTER,4,9,6,66.7,30,"16,4",8,3,2,1,4,27.0,3,0,,clair,eu-w3,control,RAS.,53,1290,0
CLI-004497,02 Jul 2024,mardi,Tech,Belgique,ETI,Starter,7,139,56,40.3%,1,"0,5",8,2,0,1,4,28.1,4,0,1772.56,sombre,eu-w3,control,,49,40698,0
CLI-003567,08 Jan 2025,mercredi,Industrie,Suisse,PME,Pro,1,16,9,56.2%,25,"10,9",16,5,1,2,4,,2,3,335.6,clair,us-e1,A,,0,1651,1
CLI-004581,09/03/2024,samedi,Commerce,Canada, PME ,Pro,11,28,8,28.6,13,6.8,16,5,2,1,8,21.4,2,0,602.68,vert,eu-w3,control,,47,2471,0
CLI-001223,09 Feb 2024,vendredi,Tech,France,PME,Enterprise,12,11,9,,48,"18,6",40,26,1,0,12,7.2,1,2,833.98,clair,eu-w3,B,"Client insatisfait, risque de départ.",55,6839,0
CLI-001291,2023-06-09,vendredi,industrie,Canada,PME,Enterprise,20,45,18,"40,0",5,0.2,40,17,4,3,0,3.7,,0,4332.7,bleu,us-e1,control,,62,113690,0
CLI-000410,10/12/2023,dimanche,Finance,Suisse,TPE,Pro,14,3,1,33.3,1,0.1,16,2,3,3,2,,1,0,61.73,bleu,eu-w3,B,,46,709,0
CLI-000256,2023-09-08,vendredi,Santé,France,TPE,Business,17,5,4,80.0%,31,2.3,26,12,5,1,2,9.8 h,4,0,237.74,vert,eu-w3,B,Client très satisfait et actif.,65,2729,0
CLI-004412,29 Dec 2024,dimanche,santé,France,tpe,pro,1,2,2,"100,0",36,"19,1",16,7,1,1,5,17.0,2,1,46.95,sombre,eu-w1,control,,7,731,1
CLI-002555,2023-11-04,samedi,ÉDUCATION,France,pme,BUSINESS,15,37,2,5.4,1,0.1,26,2,2,30,4,1.3,2,0,"1289,97",clair,eu-w1,A,Mécontentement exprimé au support.,7,6347,1
CLI-003159,05/04/2024,vendredi,tech,France,TPE,starter,10,1,1,100.0,51,"37,1",8,4,3,0,3,21.0 h,4,0,10.39,violet,eu-w3,B,"Compte engagé, ambassadeur potentiel.",74,300,0
CLI-003009,27/06/2024,jeudi,Santé,Belgique,PME,Starter,7,36,18,50.0,32,"12,4",8,5,2,2,3,"30,4",4,0,500.12,violet,us-e1,B,,47,8612,0
CLI-003858,10/09/2023,dimanche,Tech,Belgique,ETI,Business,17,215,137,,40,29.6,26,8,2,1,4,6.1,,0,10676.68,vert,ap-s1,control,,67,288911,0
CLI-001764,15/05/2023,lundi,,France,pme, Starter ,21,43,24,55.8%,20,6.9,8,5,2,0,0,,4,0,566.5,violet,us-e1,control,,66,16259,0
CLI-003766,02 Jan 2024,mardi,Industrie,France,TPE,PRO,13,3,1,"33,3",6,1.9,16,8,2,2,0,"10,4",3,0,80.56 €,bleu,ap-s1,control,,66,2378,0
CLI-003792,2024-01-28,dimanche,Finance,France,ETI,Business,12,175,87,49.7,11,4.0,26,8,3,3,2,"2,1",3,0,6736.6,vert,eu-w1,B,RAS.,63,66288,0
CLI-000103,2023-08-08,mardi,Commerce,France,TPE,Pro,18,6,4,66.7,21,4.5,16,3,4,8,2,9.2 h,4,0,127.07,violet,eu-w1,B,,68,3334,0
CLI-002639,2024-06-09,dimanche,Industrie,France,TPE,Starter,8,11,6,,17,,8,2,2,1,2,"22,7",3,0,109.8,sombre,eu-w1,control,,22,1080,1
CLI-004571,2023-08-03,jeudi,Santé,France,TPE,pro,18,1,1,100.0,58,"48,3",16,6,4,2,6,10.3,,0,33.13,violet,eu-w1,A,Compte dans la moyenne.,69,733,0
CLI-002896,05/12/2023,mardi,FINANCE,France,PME,pro,14,7,6,85.7%,53,25.5,16,5,,0,4,16.6,,0,"195,87",vert,ap-s1,A,,73,3533,0
CLI-004461,28/02/2024,mercredi,Finance,Suisse,TPE, Starter ,11,3,1,33.3,15,11.9,8,2,0,1,0,0.5,5,0,37.22,violet,eu-w1,A,Compte dans la moyenne.,78,1557,0
CLI-004501,2024-12-27,vendredi,Tech,France, PME ,Starter,1,30,13,"43,3",17,10.8,8,4,0,0,8,35.1,3,5,"301,52",violet,us-e1,A,Support très sollicité récemment.,0,2720,1
CLI-000721,2024-11-23,samedi,Finance,France,TPE,Pro,2,10,5,50.0,28,,16,7,1,0,2,"10,7",5,0,282.44,sombre,ap-s1,B,Compte dans la moyenne.,58,7411,0
CLI-001969,10 Oct 2023,mardi,industrie,France, PME ,PRO,16,41,23,56.1,28,15.9,16,7,2,0,0,,,0,1053.9,sombre,eu-w1,control,,71,16420,0
CLI-003385,05/09/2023,mardi,TECH,France,TPE, Starter ,17,5,5,100.0,98,76.6,8,5,3,2,5,34.5,3,0,73.76,bleu,ap-s1,control,,62,1996,0
CLI-000542,2024-04-02,mardi,Tech,Allemagne, PME ,pro,10,55,25,45.5,8,"3,4",16,7,3,7,0,"8,9",4,1,1200.21,bleu,eu-w3,control,"Compte engagé, ambassadeur potentiel.",56,15747,0
CLI-004255,16 Jan 2024,mardi,Industrie,France,ETI,pro,13,152,72,47.4,14,6.8,16,3,5,0,1,,3,0,3663.17 €,clair,ap-s1,B,Compte dans la moyenne.,68,39049,0
CLI-003226,17/09/2023,dimanche,FINANCE,France, TPE ,Business,17,10,2,20.0,1,0.1,26,1,0,16,7,6.0,3,0,425.4,vert,us-e1,control,,54,7674,0
CLI-003795,28/07/2024,dimanche,Tech,Canada,PME, Starter ,6,58,0,0.0,0,0.0,8,0,0,53,0,12.2,4,1,,clair,ap-s1,A,Déploiement interne limité.,14,11303,1
CLI-000307,2024-08-10,samedi, Industrie ,Belgique,TPE,Starter,6,6,2,33.3,18,17.0,8,6,0,7,0,13.0,4,0,68.9,clair,us-e1,A,,63,621,0
CLI-003579,02/12/2024,lundi,,,PME,Pro,2,47,27,57.4,37,17.0,16,10,0,0,0,9.1,5,1,1274.72,vert,eu-w3,A,,46,26132,0
CLI-000403,2023-07-20,jeudi,PUBLIC,Allemagne,TPE, Starter ,19,4,1,25.0,7,2.0,8,2,2,4,4,33.4,2,0,48.19 €,vert,ap-s1,control,,41,2213,0
CLI-000358,06 Nov 2023,lundi,COMMERCE,Allemagne,TPE,Starter,15,4,3,75.0%,22,8.7,8,4,2,0,8,38.6,2,0,46.42,bleu,eu-w3,B,,14,4530,1
CLI-003499,2024-07-30,mardi,Tech,France,PME,Business,6,41,23,56.1,14,2.7,26,6,0,0,1,3.6,,2,1580.42,sombre,eu-w1,control,,17,11663,1
CLI-001718,2023-07-20,jeudi,Finance,France,PME,Pro,19,12,7,58.3%,15,4.7,16,3,4,0,2,"13,4",4,0,357.3,violet,ap-s1,control,,69,10255,0
CLI-004126,24 Oct 2024,jeudi,Finance,France,TPE,PRO,3,11,10,90.9,77,35.8,16,5,1,1,3,16.5,2,1,298.58,clair,eu-w3,B,Mécontentement exprimé au support.,32,4652,1
CLI-002147,2024-03-29,vendredi,Industrie,France,pme,Pro,10,48,27,56.2,20,5.1,16,5,3,0,1,18.1 h,3,1,1118.97,vert,ap-s1,A,,47,24774,0
CLI-004000,12 Jul 2024,vendredi,Finance,Belgique,ge,BUSINESS,7,545,60,11.0,1,,26,6,1,1,2,5.4 h,4,0,18839.86,clair,ap-s1,A,Faible adoption des sièges.,51,154487,0
CLI-004201,24/10/2024,jeudi,INDUSTRIE,Suisse,PME,Pro,3,42,12,28.6,1,,16,4,1,30,6,,4,3,"983,02",sombre,eu-w1,A,,8,5643,1
CLI-004891,25 Aug 2024,dimanche,Commerce,Allemagne,TPE,starter,5,1,1,100.0,52,21.4,8,3,1,1,2,23.3 h,4,0,12.89,vert,eu-w3,B,,49,433,0
CLI-001373,09 Oct 2022,dimanche,Tech,France,PME,Business,28,32,28,,77,44.3,26,17,3,1,0,"4,9",4,0,1898.61 €,violet,ap-s1,A,"Compte engagé, ambassadeur potentiel.",77,59161,0
CLI-000384,06 May 2024,lundi,Finance,France,ETI,Business,9,142,27,,1,0.3,26,11,2,7,1,4.4,4,0,6793.03,bleu,ap-s1,A,,58,89125,0
CLI-001008,2023-09-18,lundi,Industrie,France,ETI,Enterprise,17,49,14,28.6,5,1.6,40,19,1,0,0,6.2 h,4,0,4131.99,bleu,us-e1,B,,72,250729,0
CLI-000539,2024-08-07,mercredi,Éducation,France,PME,Business,6,50,26,"52,0",19,13.2,26,9,0,9,0,4.7,5,,2392.01,vert,ap-s1,control,Suivi standard.,33,23537,1
CLI-002362,05 Sep 2024,jeudi,santé,France,pme,STARTER,5,27,0,0.0%,0,"0,0",8,0,0,70,2,19.9,3,1,377.6,clair,us-e1,B,,0,13933,1
CLI-000031,14/07/2024,dimanche, Santé ,Suisse,eti,Business,7,98,10,10.2,1,"0,3",26,2,0,17,0,"4,8",,3,3037.11 €,bleu,eu-w1,control,,23,17433,1
CLI-000510,31/12/2024,mardi,Finance,Espagne,PME,Pro,1,55,27,49.1%,10,1.8,16,4,0,4,3,11.9,4,2,1018.03,sombre,us-e1,A,,4,6678,1
CLI-000140,2023-11-07,mardi,Éducation,Allemagne,PME,PRO,15,29,23,79.3,62,32.1,16,10,2,0,3,13.6 h,3,,766.2,sombre,ap-s1,control,RAS.,57,6911,0
CLI-004331,14/02/2024,mercredi,Commerce,France,pme,business,12,51,25,49.0,10,0.6,26,10,6,4,0,6.4,3,0,1778.72,violet,eu-w1,control,Compte dans la moyenne.,77,14586,0
CLI-002539,28/12/2024,samedi,Commerce,Allemagne,PME,Business,1,49,28,"57,1",20,,26,9,0,1,2,5.7,4,1,1685.97,sombre,ap-s1,control,Compte dans la moyenne.,59,15207,0
CLI-004556,11 Jul 2023,mardi,Public,France,TPE,Pro,19,1,1,"100,0",15,"2,9",16,3,8,1,5,,4,0,26.98 €,clair,us-e1,A,,67,376,0
CLI-004626,02 Jan 2025,jeudi,industrie,Suisse,TPE, Starter ,1,9,7,77.8,44,,8,4,0,1,5,28.8,4,0,"114,61",bleu,ap-s1,B,Suivi standard.,11,2068,1
CLI-004621,09 Feb 2024,vendredi,Finance,France,ETI,Pro,12,166,121,72.9,3,"1,2",16,6,2,6,3,22.7,2,0,"3555,11",vert,ap-s1,control,,54,32067,0
CLI-000780,03/11/2023,vendredi,Commerce,France,TPE,Starter,15,9,6,"66,7",35,16.5,8,3,3,1,1,"17,2",5,0,111.91,sombre,ap-s1,B,,64,2478,0
CLI-000937,2024-05-14,mardi,éducation,Espagne,ETI,Starter,9,51,24,47.1,9,5.2,8,2,2,5,5,30.2,2,0,622.91,bleu,eu-w3,A,,42,8173,0
CLI-000521,07 Jan 2025,mardi,Commerce,France,tpe, Starter ,1,3,2,66.7%,18,4.7,8,4,0,1,6,,2,1,34.92,clair,us-e1,control,,0,630,1
CLI-001010,2023-10-04,mercredi,Éducation,France,ETI,PRO,16,106,62,58.5,23,,16,5,3,1,0,"4,2",5,0,2800.7,bleu,eu-w3,B,Client très satisfait et actif.,72,68897,0
CLI-003239,04/11/2024,lundi,Commerce,France,PME,Pro,3,36,8,"22,2",4,2.1,16,5,0,3,0,10.4,4,2,,vert,eu-w3,control,Déploiement interne limité.,53,13517,0
CLI-001135,01 May 2024,mercredi,Éducation,France,TPE,Starter,9,6,3,50.0,20,7.2,8,3,1,2,0,20.8,,3,54.34,violet,us-e1,B,,25,579,1
CLI-000710,04/08/2023,vendredi, Industrie ,,ETI,Pro,18,133,80,"60,2",26,,16,5,,0,1,16.1,,0,3556.34,clair,eu-w1,control,,70,34994,0
CLI-004937,07/01/2024,dimanche,ÉDUCATION,France,PME,business,13,55,0,"0,0",0,0.0,26,0,0,101,0,4.3,4,0,2152.36,sombre,us-e1,control,Usage en forte baisse ce trimestre.,5,30004,1
CLI-000185,29 Sep 2024,dimanche,COMMERCE,Espagne, ETI ,PRO,4,86,58,67.4%,47,25.4,16,8,0,1,5,19.8,2,1,2207.85 €,violet,eu-w1,A,"Client insatisfait, risque de départ.",20,28967,1
CLI-002873,30 Oct 2024,mercredi,Finance,France, TPE ,Starter,3,1,1,"100,0",24,"8,9",8,2,2,2,2,26.7,2,1,11.94,violet,eu-w1,control,Mécontentement exprimé au support.,38,300,0
CLI-003410,08/12/2024,dimanche,Éducation,France,ETI,Pro,2,201,105,"52,2",35,2.6,16,10,0,4,0,"4,1",5,1,4529.97,violet,us-e1,B,Suivi standard.,17,55719,1
CLI-004832,06 Jan 2024,samedi,Public,France,TPE,pro,13,6,0,0.0,0,"0,0",16,0,0,85,5,18.5,2,0,131.88,bleu,us-e1,B,,0,2163,1
CLI-001138,30/04/2024,mardi, Tech ,France,PME,Starter,9,35,13,37.1%,19,10.8,8,4,4,0,4,20.1,4,1,"402,5",vert,ap-s1,control,,61,2640,0
CLI-000448,04 Sep 2023,lundi,Tech,France, TPE ,starter,17,7,6,85.7,74,76.3,8,5,0,1,0,"7,7",5,0,104.6,clair,us-e1,B,Compte dans la moyenne.,81,2144,0
CLI-002827,01/04/2024,lundi,TECH,France,TPE,Starter,10,3,2,66.7,29,11.4,8,3,2,2,0,25.9 h,4,0,38.78 €,bleu,ap-s1,B,Compte dans la moyenne.,18,1876,1
CLI-001627,17/05/2022,mardi,Éducation,France,TPE,Business,33,2,1,"50,0",25,21.7,26,14,4,2,4,"8,4",2,0,92.15,vert,eu-w1,B,"Client insatisfait, risque de départ.",75,2418,0
CLI-001761,09/06/2024,dimanche,santé,, ETI ,Pro,8,215,0,0.0,0,"0,0",16,0,0,79,0,"9,7",,1,5202.3,violet,eu-w1,B,,4,81052,1
CLI-002223,16/11/2022,mercredi,Tech,France,PME,Pro,27,13,0,0.0%,0,0.0,16,0,0,42,1,12.7,2,0,"333,7",bleu,us-e1,control,,24,18607,1
CLI-003656,2023-11-16,jeudi,finance,Espagne,PME,Business,15,52,12,23.1%,2,0.3,26,12,3,2,8,,2,0,2153.88,clair,eu-w1,control,,45,52985,0
CLI-001623,03 Dec 2023,dimanche, Commerce ,France,TPE,Pro,14,5,1,20.0%,1,0.2,16,3,1,13,4,11.6,3,0,120.54,clair,eu-w1,control,Faible adoption des sièges.,16,1779,1
CLI-003964,2024-10-24,jeudi,Tech,Suisse,TPE,pro,3,6,3,50.0,17,8.9,16,2,2,2,0,6.7,5,,188.77 €,sombre,eu-w1,control,,59,8204,0
CLI-002337,2024-10-27,dimanche,public,Canada,eti,Pro,3,175,67,38.3%,22,"1,6",16,6,,1,0,"4,2",,3,,sombre,eu-w1,B,,16,69841,1
CLI-003494,2023-10-02,lundi,Santé,France,tpe,PRO,16,6,2,33.3,13,6.4,16,3,2,4,5,14.6,2,1,132.28 €,bleu,eu-w1,B,"Client insatisfait, risque de départ.",45,3905,0
CLI-003726,08 Nov 2024,vendredi,,Suisse, PME , Business ,3,46,8,17.4,2,,26,3,0,8,0,3.1,4,1,1290.17 €,violet,us-e1,control,,49,9521,0
CLI-004557,28/03/2024,jeudi,Commerce,Espagne,TPE,Starter,10,3,2,66.7,29,14.2,8,3,2,0,2,40.8,1,1,33.11,sombre,eu-w1,B,"Client insatisfait, risque de départ.",7,1358,1
CLI-001906,06 Jan 2025,lundi, Santé ,Belgique, PME ,BUSINESS,1,57,36,"63,2",34,17.3,26,14,0,1,1,5.6,5,1,,bleu,us-e1,control,,62,177630,0
CLI-000698,05/01/2025,dimanche,Finance,France,PME,Pro,1,35,15,42.9,1,0.2,16,7,0,12,7,"15,1",4,4,894.25,vert,eu-w3,control,"Multiples tickets ouverts, friction élevée.",0,5866,1
CLI-003594,08 Jan 2025,mercredi,Industrie,Canada,PME,Pro,1,13,8,61.5%,36,14.9,16,4,0,0,2,14.0 h,4,2,364.13,sombre,us-e1,A,,53,2986,0
CLI-004595,08 Jan 2024,lundi,finance,Espagne,PME, Enterprise ,13,43,34,,48,"16,7",40,17,3,0,3,"2,2",4,1,"3785,13",vert,us-e1,B,,76,161398,0
CLI-003287,20 Jul 2023,jeudi,Industrie,France,TPE,Starter,19,6,4,66.7,27,8.6,8,4,3,1,4,34.4,2,0,88.12,bleu,eu-w3,B,Mécontentement exprimé au support.,61,2601,0
CLI-002597,2024-12-25,mercredi,Finance,France,pme,pro,1,33,25,"75,8",54,35.7,16,9,0,1,3,15.7,,3,839.45,bleu,eu-w1,control,Compte dans la moyenne.,26,9637,1
CLI-000191,2024-11-26,mardi,Finance,France,ETI,Business,2,92,36,39.1,4,2.2,26,4,,9,1,6.4,5,2,"4712,51",clair,eu-w3,B,Suivi standard.,34,54100,0
CLI-002652,2024-07-30,mardi, Tech ,Espagne, PME ,PRO,6,29,18,,33,"9,1",16,7,2,0,0,,3,3,"716,08",clair,ap-s1,A,,10,2349,1
CLI-000574,2024-06-29,samedi,ÉDUCATION,France, PME ,Pro,7,53,38,71.7%,36,"23,3",16,7,0,0,2,"19,5",3,2,,sombre,us-e1,B,,0,72543,1
CLI-000178,04 Mar 2024,lundi,commerce,Canada,TPE, Pro ,11,5,0,"0,0",0,0.0,16,0,0,64,3,12.7 h,2,0,"78,31",vert,ap-s1,B,"Compte peu actif, relance nécessaire.",0,449,1
CLI-001169,11 Nov 2024,lundi,Tech,Belgique,ETI,Enterprise,3,89,33,37.1,10,"4,4",40,5,1,4,5,4.1,4,0,8262.26,violet,eu-w3,B,,53,74526,0
CLI-004314,04/03/2024,lundi, Tech ,France,TPE,Starter,11,8,0,0.0%,0,0.0,8,0,0,53,2,19.8 h,4,1,,bleu,ap-s1,control,Faible adoption des sièges.,0,3943,1
CLI-003946,30/12/2024,lundi,Tech,Suisse,PME,Pro,1,54,15,27.8,1,"0,5",16,6,0,1,2,,3,4,1347.8 €,sombre,eu-w1,control,,10,36471,1
CLI-001990,2024-07-02,mardi,Commerce,Allemagne,ETI,enterprise,7,193,164,"85,0",85,43.2,40,26,1,0,5,7.8,2,1,15269.61,clair,us-e1,control,,60,275464,0
CLI-000540,23 Dec 2024,lundi,Commerce,France,PME,pro,1,14,8,"57,1",36,"26,8",16,9,0,0,4,15.6,3,1,320.73,violet,us-e1,B,Compte dans la moyenne.,15,7890,1
CLI-002050,08/09/2023,vendredi, Santé ,France,GE,Enterprise,17,619,120,19.4,3,"0,4",40,10,5,2,8,2.6,2,,55274.4,bleu,us-e1,control,,62,725200,0
CLI-003234,07/02/2024,mercredi,Public,Suisse,TPE,STARTER,12,9,6,"66,7",1,"0,1",8,2,2,12,0,6.8,3,0,102.95,violet,us-e1,B,,25,1773,1
CLI-001311,2024-12-29,dimanche,PUBLIC,Belgique,PME,Pro,1,33,16,48.5,4,2.3,16,2,0,19,1,3.5 h,3,3,857.44,sombre,ap-s1,control,,23,30936,1
CLI-003531,07/10/2022,vendredi,COMMERCE,France,PME, Starter ,28,50,40,"80,0",48,14.1,8,5,10,0,5,35.2,3,0,612.92,violet,eu-w3,A,Suivi standard.,83,13067,0
CLI-002943,17/07/2023,lundi,Tech,France,eti,BUSINESS,19,44,28,63.6%,30,"14,4",26,10,3,0,0,2.3 h,4,0,2264.69,sombre,eu-w1,A,Client très satisfait et actif.,69,79853,0
CLI-002890,2025-01-06,lundi,Tech,France,ETI,pro,1,179,108,"60,3",36,9.5,16,7,0,1,4,17.2,,2,3963.02,violet,ap-s1,control,,33,68243,0
CLI-002299,31/01/2024,mercredi, Éducation ,France,TPE,starter,12,2,2,100.0,59,35.6,8,5,0,0,2,"30,5",2,0,"21,33",bleu,eu-w3,A,"Client insatisfait, risque de départ.",62,300,0
CLI-004957,2024-08-28,mercredi,Tech,Canada,PME,Pro,5,40,0,0.0,0,0.0,16,0,0,95,0,,5,0,996.66,vert,us-e1,control,"Compte peu actif, relance nécessaire.",14,23701,1
CLI-000493,30/10/2023,lundi,Tech,France,PME,starter,15,52,21,40.4,5,1.4,8,1,3,1,2,25.4,3,0,"599,23",violet,ap-s1,control,,60,46189,0
CLI-001137,2024-09-26,jeudi,Commerce,Belgique,PME,Business,4,20,9,45.0%,10,,26,7,1,6,0,6.0,,2,726.32,violet,eu-w3,B,Suivi standard.,39,5956,0
CLI-001656,01/12/2024,dimanche,Tech,Espagne,PME,Pro,2,24,13,"54,2",5,1.3,16,5,0,1,3,"11,3",4,5,569.33,sombre,ap-s1,B,,0,6069,1
CLI-002123,12 Oct 2024,samedi,Commerce,Espagne,ge,Enterprise,4,540,329,,22,5.4,40,13,0,0,3,2.0,4,1,36083.22 €,sombre,ap-s1,B,Suivi standard.,57,384647,0
CLI-004830,13/12/2023,mercredi, Tech ,France,GE,Pro,14,834,290,34.8,5,0.8,16,5,6,2,0,5.0,3,0,19494.35,vert,eu-w3,B,,76,287737,0
CLI-002927,01/08/2023,mardi,Éducation,Allemagne,TPE,Pro,18,6,2,"33,3",13,0.6,16,5,1,3,3,16.2,3,0,143.72,bleu,eu-w1,B,Compte dans la moyenne.,52,1768,0
CLI-000887,28/05/2024,mardi,Commerce,,GE,Pro,8,573,133,"23,2",1,0.3,16,3,2,1,5,18.9 h,2,0,15422.73,sombre,eu-w3,control,Mécontentement exprimé au support.,19,354106,1
CLI-000732,02 Jun 2023,vendredi,santé,France,TPE, Starter ,20,10,5,"50,0",16,8.3,8,3,1,1,6,27.7,3,0,112.46,bleu,us-e1,A,,19,738,1
CLI-001179,11/02/2024,dimanche,finance,Canada,tpe,Starter,12,8,5,62.5,31,24.7,8,2,2,1,1,24.2 h,3,0,101.23,vert,eu-w1,B,Suivi standard.,56,3154,0
CLI-003719,2023-07-18,mardi, Industrie ,France,ETI,Pro,19,172,123,71.5,68,36.3,16,10,5,4,3,12.2,4,1,4308.32,clair,eu-w3,B,,64,98919,0
CLI-001867,02 Jan 2025,jeudi,Santé,Allemagne,PME,Starter,1,29,23,79.3,61,26.1,8,6,0,0,6,,3,,327.36,clair,eu-w1,B,,0,2416,1
CLI-002781,19 Aug 2023,samedi,Tech,France,tpe, Starter ,18,1,0,0.0%,0,0.0,8,0,0,46,0,25.0,4,0,12.41,sombre,eu-w1,control,,2,723,1
CLI-002938,05/11/2024,mardi,Finance,Belgique,TPE,STARTER,3,8,1,12.5,1,"0,5",8,0,0,23,4,35.9,,3,87.0 €,violet,eu-w3,B,"Client insatisfait, risque de départ.",0,999,1
CLI-002480,31/12/2024,mardi, Santé ,France,PME,Business,1,38,18,47.4,11,1.3,26,13,,7,1,,,2,"1489,79",vert,ap-s1,A,,49,7330,0
CLI-004492,2023-05-05,vendredi,Commerce,Belgique,pme,Pro,21,10,3,30.0,5,0.2,16,5,7,6,4,"12,0",3,0,196.06,sombre,eu-w3,control,,62,1447,0
CLI-002401,23/11/2024,samedi, Tech ,, PME , Pro ,2,39,7,17.9,3,"1,4",16,1,0,7,0,"5,8",3,1,1070.19,violet,eu-w1,control,Déploiement interne limité.,4,11408,1
CLI-000295,2023-05-08,lundi, Tech ,France,TPE,Pro,21,9,5,55.6,24,16.1,16,6,5,2,3,15.2,3,0,"233,96",sombre,eu-w1,B,Suivi standard.,72,4221,0
CLI-001520,12/09/2023,mardi,commerce,France,ETI, Business ,17,186,30,16.1,3,0.7,26,8,1,25,7,11.5 h,2,0,"8046,42",violet,us-e1,A,Mécontentement exprimé au support.,1,125363,1
CLI-002974,28 Jan 2024,dimanche,Finance,Canada,TPE,STARTER,12,8,5,"62,5",39,20.0,8,5,5,0,0,"27,0",4,0,99.28,bleu,eu-w1,B,"Compte engagé, ambassadeur potentiel.",72,2768,0
CLI-000135,29/08/2024,jeudi, Santé ,France,tpe,business,5,5,4,80.0%,36,"16,2",26,12,0,1,1,6.9,4,1,254.4,violet,us-e1,control,,63,2921,0
CLI-001319,2024-05-06,lundi,Tech,Canada,ETI,pro,9,192,93,48.4,1,0.5,16,7,0,17,0,6.8,,0,5957.41,sombre,eu-w3,control,RAS.,17,341955,1
CLI-004857,2024-05-28,mardi,Santé,France,PME,Business,8,57,19,"33,3",11,5.7,26,8,4,1,2,3.8,3,0,"2781,58",clair,eu-w1,A,,76,70708,0
CLI-000726,12 Sep 2023,mardi,FINANCE,France,PME, Pro ,17,52,0,0.0%,0,0.0,16,0,0,43,8,"11,3",4,0,1344.9,vert,eu-w3,A,"Multiples tickets ouverts, friction élevée.",21,29776,1
CLI-000566,2024-01-15,lundi,Finance,France,TPE,STARTER,13,1,1,100.0,57,30.6,8,4,5,0,1,33.6,2,0,12.04 €,sombre,us-e1,control,,66,300,0
CLI-000147,13 Mar 2023,lundi, Santé ,Espagne,ETI,ENTERPRISE,23,194,74,38.1,1,"0,2",40,18,9,4,0,"3,8",4,0,18865.05,vert,eu-w3,B,Client très satisfait et actif.,84,448611,0
CLI-004869,16 Nov 2023,jeudi,Finance,France,TPE, Starter ,15,2,2,100.0%,83,47.8,8,3,5,2,3,37.9,2,0,"24,46",vert,eu-w1,A,,69,300,0
CLI-002616,31/12/2024,mardi,COMMERCE,Allemagne,eti, Enterprise ,1,191,156,,48,,40,21,1,0,4,"5,2",2,1,16557.89,sombre,eu-w1,A,,53,475211,0
CLI-004471,2023-11-06,lundi,Éducation,Espagne,TPE, Starter ,15,10,3,30.0,9,"5,5",8,4,3,1,5,29.4,2,0,109.55 €,bleu,ap-s1,A,,18,2785,1
CLI-001030,2024-07-27,samedi,Finance,France,pme,Pro,6,56,35,62.5%,14,0.7,16,1,1,9,3,11.9 h,4,0,977.86,bleu,eu-w1,control,Suivi standard.,61,8820,0
CLI-003870,14/05/2024,mardi,COMMERCE,France,TPE,starter,9,4,2,"50,0",25,14.1,8,3,,1,3,28.2,4,0,52.18,bleu,eu-w1,control,Compte dans la moyenne.,26,1284,1
CLI-003607,01 Dec 2023,vendredi,Éducation,Canada,PME,STARTER,14,6,0,0.0%,0,0.0,8,0,0,64,1,26.5,3,,73.51,vert,us-e1,B,,0,1688,1
CLI-002844,2024-04-11,jeudi,,Suisse,pme,business,10,43,9,20.9%,3,"0,9",26,5,,3,6,7.6,3,1,1924.07,bleu,ap-s1,B,Déploiement interne limité.,19,22088,1
CLI-001476,10/03/2024,dimanche,Tech,Allemagne,PME,Pro,11,50,34,68.0%,58,,16,5,2,1,4,14.5,3,0,1289.84,bleu,ap-s1,A,,65,74037,0
CLI-003578,2023-10-05,jeudi,Commerce,Suisse,pme,Starter,16,22,11,50.0,11,6.6,8,4,3,2,4,24.3,4,0,"289,22",bleu,ap-s1,A,"Compte engagé, ambassadeur potentiel.",61,5455,0
CLI-000623,11/02/2024,dimanche, Tech ,Allemagne,ETI,Pro,12,112,13,,1,,16,2,5,5,7,18.6,2,0,3245.93,bleu,ap-s1,control,,50,85173,0
CLI-004055,11 Oct 2023,mercredi,Finance,France,TPE,PRO,16,8,7,87.5,54,"48,2",16,9,1,1,0,8.7,4,0,205.76,violet,ap-s1,A,,76,3374,0
CLI-000535,01/09/2024,dimanche,industrie,France, TPE ,Pro,5,5,2,40.0%,28,3.0,16,9,1,1,0,,,1,,clair,eu-w3,A,RAS.,47,3151,0
CLI-004146,11/07/2023,mardi,Finance,France,TPE,Starter,19,7,3,42.9,29,"9,5",8,2,4,0,0,"12,4",5,0,95.29,sombre,us-e1,B,,73,4141,0
CLI-003241,2024-04-01,lundi, Commerce ,Belgique,PME,pro,10,51,30,,25,18.8,16,6,1,0,6,14.6,2,1,1250.91 €,bleu,ap-s1,control,Mécontentement exprimé au support.,31,18463,0
CLI-000234,08 Jul 2024,lundi, Commerce ,France,TPE,Business,7,1,1,100.0,53,37.4,26,14,1,2,1,,4,0,41.26,bleu,eu-w1,B,,83,3011,0
CLI-003585,03/01/2025,vendredi,Tech,Belgique,PME,pro,1,23,8,34.8,1,0.1,16,1,0,30,3,16.4,2,2,"409,12",clair,eu-w3,A,"Client insatisfait, risque de départ.",0,1342,1
CLI-001235,15/01/2023,dimanche,Éducation,France,pme,pro,25,53,40,75.5,44,16.9,16,6,4,2,11,"21,3",1,0,"1283,69",vert,ap-s1,A,Mécontentement exprimé au support.,57,49473,0
CLI-003282,2024-12-01,dimanche,ÉDUCATION,France,PME,Business,2,51,34,66.7%,46,"26,2",26,10,0,1,0,,4,0,"2110,83",clair,eu-w3,control,,67,12116,0
CLI-002979,02/08/2023,mercredi,,France, PME , Pro ,18,51,15,"29,4",8,0.4,16,3,6,2,1,8.0,3,1,1263.93,vert,us-e1,A,,67,26947,0
CLI-001697,13 Aug 2023,dimanche, Industrie ,Belgique,GE,PRO,18,826,480,"58,1",21,"8,4",16,6,2,1,2,10.6,4,0,19573.55,vert,ap-s1,control,,65,898817,0
CLI-001278,30 Jan 2024,mardi,Commerce,Espagne,PME, Pro ,12,9,1,11.1%,1,0.2,16,0,5,4,6,9.8,3,1,"189,99",bleu,eu-w3,control,,24,2025,1
CLI-000244,2024-06-29,samedi, Tech ,Belgique,ETI,Enterprise,7,135,63,46.7,5,"1,4",40,8,2,9,0,3.5,5,2,9970.85,clair,ap-s1,B,RAS.,60,98113,0
CLI-004438,2022-10-13,jeudi, Éducation ,France,tpe,PRO,28,1,1,"100,0",103,55.7,16,7,4,2,0,0.5,5,0,"33,27",vert,ap-s1,B,Client très satisfait et actif.,99,1064,0
CLI-004943,31/12/2024,mardi,TECH,,TPE, Starter ,1,4,1,25.0,5,"1,5",8,2,0,5,10,43.5,1,3,"44,01",bleu,eu-w1,A,Mécontentement exprimé au support.,0,300,1
CLI-001555,11 Jun 2023,dimanche,,France,PME,Pro,20,49,10,20.4,1,0.1,16,6,,13,0,9.3,5,0,1403.28,bleu,eu-w1,control,,71,40274,0
CLI-002891,28/06/2024,vendredi,TECH,France,GE,Enterprise,7,646,0,0.0,0,0.0,40,0,0,40,4,3.3,2,1,58331.06 €,violet,eu-w1,B,,0,2000000,1
CLI-004863,22/10/2022,samedi,Public,France,ETI,Starter,28,201,109,54.2,46,27.3,8,2,,1,0,,4,0,"3159,2",sombre,us-e1,control,"Compte engagé, ambassadeur potentiel.",99,165795,0
CLI-003364,2024-12-23,lundi,Commerce,Espagne,PME,PRO,1,35,18,51.4,30,"2,0",16,6,0,0,2,,,0,969.02,violet,us-e1,B,RAS.,52,7151,0
CLI-003610,09 Jan 2025,jeudi,,France,PME,Pro,1,50,5,,1,0.2,16,1,0,14,1,13.8,3,2,"1396,91",violet,ap-s1,control,,11,21764,1
CLI-004451,15 May 2023,lundi,tech,Suisse,tpe,Starter,21,7,3,42.9,18,9.9,8,4,3,2,4,"32,5",5,0,83.93 €,violet,ap-s1,control,,54,2134,0
CLI-002180,04 Jan 2025,samedi,COMMERCE,Canada,ETI,Pro,1,136,73,53.7,15,2.1,16,5,1,2,3,20.3,2,4,3070.34,sombre,eu-w1,A,,30,20141,0
CLI-001063,05 Jan 2023,jeudi,Tech,France,ETI, Business ,25,57,17,29.8,1,,26,2,5,22,13,11.2,2,0,2229.54,vert,eu-w3,B,,62,29252,0
CLI-001653,29 Nov 2023,mercredi,santé,Canada, GE ,BUSINESS,14,722,396,54.8,16,3.3,26,8,2,4,3,11.9,,1,29728.4,violet,eu-w3,A,,60,292527,0
CLI-001100,06/03/2024,mercredi,Public,Belgique,TPE,pro,11,4,2,50.0,24,"7,4",16,5,4,1,3,12.4,,0,90.39,vert,eu-w3,B,,55,2668,0
CLI-004643,06/06/2024,jeudi,Éducation,France,PME,Starter,8,49,9,18.4,1,,8,1,1,5,0,20.1,2,0,604.33,clair,ap-s1,control,,23,4956,1
CLI-002126,11 Dec 2024,mercredi, Industrie ,France,TPE,Pro,2,3,1,33.3,1,0.1,16,0,1,11,2,10.7,3,0,78.64,violet,eu-w3,B,Compte dans la moyenne.,23,1870,1
CLI-001035,12/10/2024,samedi,Public,Espagne,PME,PRO,4,16,7,"43,8",22,12.3,16,5,0,1,1,12.3,3,0,406.06,violet,us-e1,B,Compte dans la moyenne.,58,12986,0
CLI-003522,07 Dec 2023,jeudi,éducation,Espagne,PME, Starter ,14,30,21,70.0,41,24.2,8,4,5,1,3,24.0,,1,421.0,violet,eu-w3,control,,72,7595,0
CLI-000587,08 Apr 2024,lundi,Finance,France,PME,Starter,10,21,14,"66,7",37,"24,6",8,3,4,1,2,30.2,3,0,283.28 €,vert,eu-w3,control,,31,3717,1
CLI-001253,26 Dec 2024,jeudi,commerce,Belgique, PME ,STARTER,1,28,0,"0,0",0,0.0,8,0,0,30,0,14.2,,4,249.56,violet,ap-s1,B,Faible adoption des sièges.,0,1228,1
CLI-001147,02 Jun 2024,dimanche,Santé,France,TPE,ENTERPRISE,8,7,4,57.1,19,5.5,40,13,1,0,5,4.9 h,2,2,567.71,sombre,ap-s1,B,"Client insatisfait, risque de départ.",45,7448,0
CLI-000714,02/04/2024,mardi,Éducation,France,PME,Pro,10,40,36,90.0,50,"27,7",16,6,5,1,10,17.6,2,1,1012.86,bleu,eu-w1,B,"Client insatisfait, risque de départ.",17,8305,1
CLI-004566,04 Mar 2024,lundi, Éducation ,Suisse,PME,pro,11,36,13,36.1,1,0.1,16,3,1,7,9,18.5,2,2,921.5,bleu,us-e1,A,Mécontentement exprimé au support.,0,24180,1
CLI-002242,31 May 2024,vendredi,Finance,France,ETI,Business,8,92,67,72.8%,48,"38,7",26,16,0,1,3,3.7,4,1,4476.05,sombre,eu-w3,control,,63,135803,0
CLI-003930,08 Feb 2024,jeudi,TECH,France,TPE,STARTER,12,1,1,,99,"58,0",8,4,2,1,7,27.0 h,2,0,10.61,clair,eu-w1,A,"Client insatisfait, risque de départ.",39,300,0
CLI-002033,2023-10-18,mercredi,public,France,PME,Starter,16,24,22,91.7%,105,"30,0",8,5,2,2,0,16.8,5,0,"265,85",vert,eu-w1,A,,65,10900,0
CLI-000008,29/11/2024,vendredi,Commerce,France, ETI ,Business,2,49,34,69.4,60,31.2,26,13,0,3,6,10.7,2,2,1916.2,clair,eu-w3,A,,25,12570,1
CLI-004827,11 Oct 2024,vendredi,Commerce,Allemagne,PME,Pro,4,31,29,93.5,70,59.6,16,11,0,1,3,15.5,4,0,803.71,sombre,eu-w1,A,,23,12522,1
CLI-003223,07 Feb 2023,mardi,FINANCE,Canada,ETI,BUSINESS,24,55,5,"9,1",1,"0,3",26,5,6,4,6,"9,5",2,0,2254.03,bleu,us-e1,control,"Client insatisfait, risque de départ.",69,49904,0
CLI-001250,2022-12-04,dimanche,Éducation,France,ETI,pro,26,40,0,0.0%,0,0.0,16,0,0,71,0,9.4,3,0,1014.38,bleu,eu-w3,B,Usage en forte baisse ce trimestre.,18,8318,1
CLI-002506,06 Aug 2024,mardi, Industrie ,Belgique,TPE,Pro,6,7,5,71.4,47,21.8,16,9,0,1,2,9.2,4,2,"145,03",sombre,eu-w1,A,Suivi standard.,56,1784,0
CLI-002361,06 Feb 2024,mardi, Finance ,France,pme,Pro,12,26,17,,27,13.0,16,10,1,0,2,14.4,3,1,702.77,sombre,eu-w3,B,Suivi standard.,55,4610,0
CLI-002909,09/07/2024,mardi,Santé,Canada,ge,enterprise,7,636,186,29.2,3,0.8,40,5,0,29,0,4.6,3,2,42099.55,violet,ap-s1,B,RAS.,47,276173,0
CLI-000268,2024-06-30,dimanche,Commerce,Suisse,GE,BUSINESS,7,261,30,"11,5",1,0.3,26,1,2,9,0,7.9,4,0,9826.75,sombre,us-e1,control,,54,64463,0
CLI-004112,09 Mar 2024,samedi,,France, TPE ,Starter,11,4,3,75.0,58,13.0,8,3,,1,4,29.9,3,0,46.25,sombre,ap-s1,A,,50,645,0
CLI-004956,13/09/2023,mercredi,Finance,Suisse,ETI,Pro,17,203,104,"51,2",7,1.7,16,3,4,2,3,19.7,3,0,"5510,42",vert,eu-w1,control,,69,189779,0
CLI-003050,2023-08-11,vendredi,Éducation,France,TPE,Pro,18,6,2,33.3,9,7.4,16,5,2,1,5,,4,0,137.27 €,violet,eu-w3,B,,62,3377,0
CLI-000752,28 Mar 2024,jeudi,Santé,Espagne,TPE,Pro,10,6,4,66.7%,15,5.9,16,3,4,0,2,10.2,3,0,141.72 €,violet,us-e1,control,,52,1395,0
CLI-004747,01 Aug 2024,jeudi,Industrie,Belgique,TPE,Pro,6,5,2,40.0,19,6.2,16,7,1,2,0,11.8,4,1,"111,4",violet,eu-w3,control,,30,822,1
CLI-001409,03/06/2023,samedi, Tech ,,TPE,Starter,20,7,5,71.4%,40,12.0,8,1,8,2,2,,5,0,,clair,eu-w3,B,Client très satisfait et actif.,81,2212,0
CLI-003308,2024-03-15,vendredi,Santé,,PME, Starter ,11,18,5,,17,7.6,8,4,3,1,2,34.5 h,3,2,236.4,clair,eu-w1,B,RAS.,46,6979,0
CLI-004202,2023-06-20,mardi,Santé,France,PME,enterprise,20,57,43,,53,42.1,40,22,2,1,0,0.5,4,0,5498.16,vert,ap-s1,B,,73,90170,0
CLI-003274,01/08/2024,jeudi,Commerce,France, ETI , Enterprise ,6,44,37,84.1,65,30.7,40,22,0,0,1,1.0,,1,4202.33,violet,eu-w1,control,,60,120607,0
CLI-000738,2024-04-02,mardi,Industrie,France, ETI ,Pro,10,107,75,70.1%,43,,16,9,1,1,4,15.8,4,,2845.35 €,violet,eu-w3,A,,50,37331,0
CLI-001116,2024-09-05,jeudi,FINANCE,Suisse,tpe,Pro,5,11,3,27.3,2,,16,5,0,14,6,11.4 h,4,1,288.95,vert,eu-w3,A,RAS.,57,2606,0
CLI-003944,2023-10-13,vendredi,COMMERCE,France,tpe,PRO,16,11,7,63.6%,27,,16,7,5,0,2,"12,5",5,,301.29,bleu,eu-w3,B,Client très satisfait et actif.,66,11118,0
CLI-004432,15 Jan 2024,lundi,COMMERCE,Belgique,PME, Pro ,13,34,25,73.5,51,27.5,16,10,3,0,1,13.0,4,0,950.88,violet,ap-s1,A,"Compte engagé, ambassadeur potentiel.",69,52241,0
CLI-000603,2024-06-08,samedi,Public,France,eti,Enterprise,8,67,43,64.2%,27,"9,4",40,19,2,1,0,2.5 h,5,0,"4872,48",violet,ap-s1,A,,78,47945,0
CLI-002670,08 Sep 2023,vendredi, Tech ,Suisse,TPE,STARTER,17,4,2,50.0,17,5.1,8,1,1,2,1,28.9,3,0,51.13 €,vert,eu-w1,A,,23,1258,1
CLI-000766,03/08/2024,samedi,tech,France,PME, Pro ,6,45,18,40.0,6,"4,0",16,5,1,6,5,,2,2,1193.03,vert,eu-w1,control,"Client insatisfait, risque de départ.",42,47936,0
CLI-003220,2024-07-28,dimanche,INDUSTRIE,France,PME,Business,6,31,21,67.7%,28,14.4,26,10,1,0,5,"8,3",5,2,1527.99,bleu,eu-w3,A,,62,13782,0
CLI-003868,03/10/2023,mardi,Industrie,France,PME, Starter ,16,19,9,47.4%,13,"7,2",8,3,3,0,1,22.4,4,0,255.2,sombre,ap-s1,control,Client très satisfait et actif.,66,20926,0
CLI-003070,2023-02-09,jeudi,commerce,Allemagne, TPE ,Pro,24,11,9,"81,8",66,31.6,16,11,1,1,0,6.3,5,0,311.02,bleu,eu-w3,B,Suivi standard.,77,15557,0
CLI-001777,2024-02-07,mercredi,TECH,France,PME,Pro,12,24,9,"37,5",15,3.7,16,5,2,4,0,9.4,5,0,636.62 €,violet,eu-w1,B,Compte dans la moyenne.,64,17749,0
CLI-002341,01 Jun 2024,samedi,Tech,France,PME, Pro ,8,14,13,92.9,56,49.5,16,11,1,0,1,9.0,4,1,366.48 €,sombre,us-e1,A,Compte dans la moyenne.,30,9616,1
CLI-004669,2023-08-02,mercredi,Finance,France,ETI,Pro,18,181,49,27.1,1,,16,4,2,30,5,13.9,4,0,3140.16 €,violet,eu-w1,control,,13,38624,1
CLI-003444,23/12/2024,lundi, Finance ,,TPE,Pro,1,9,0,0.0%,0,0.0,16,0,0,30,2,9.4 h,5,2,170.43,bleu,eu-w3,A,Faible adoption des sièges.,3,1118,1
CLI-004657,28/10/2024,lundi,Tech,Canada,TPE,STARTER,3,8,5,62.5,22,12.4,8,2,0,0,0,"9,9",4,1,98.54,violet,eu-w1,control,,51,1374,0
CLI-003340,13/05/2024,lundi,santé,France,ETI,Business,9,177,60,33.9,7,0.4,26,5,,7,4,3.8,3,1,7166.21,sombre,us-e1,control,,51,123402,0
CLI-003033,31 Jan 2024,mercredi,,France,TPE,Pro,12,8,5,62.5,28,7.7,16,4,4,0,5,9.6 h,3,0,"222,68",bleu,us-e1,control,RAS.,53,2922,0
CLI-003594,08 Jan 2025,mercredi,Industrie,Canada,PME,Pro,1,13,8,61.5%,36,14.9,16,4,0,0,2,14.0 h,4,2,364.13,sombre,us-e1,A,,53,2986,0
CLI-004154,12/05/2023,vendredi,Finance,Espagne,PME,Business,21,25,8,"32,0",1,0.4,26,6,3,7,3,5.4,4,,"930,17",violet,eu-w3,B,,58,10678,0
CLI-002823,07/09/2024,samedi,commerce,France, TPE ,Starter,5,9,5,55.6,54,42.0,8,4,0,1,1,22.2,5,3,101.8,bleu,ap-s1,A,,24,1336,1
CLI-003490,16 Mar 2024,samedi,Tech,,PME,PRO,11,9,3,33.3,12,3.6,16,8,3,4,0,"6,3",5,1,223.16,bleu,eu-w1,B,Client très satisfait et actif.,64,3843,0
CLI-004860,2024-05-29,mercredi, Commerce ,France,ETI,Starter,8,52,25,48.1,22,15.9,8,4,2,0,0,7.4,5,0,493.37 €,clair,us-e1,control,RAS.,72,14969,0
CLI-000251,2024-06-28,vendredi, Commerce ,France,PME,BUSINESS,7,10,5,50.0,31,"8,1",26,14,5,0,6,"7,4",2,1,373.4 €,clair,eu-w1,A,,47,2450,0
CLI-004201,24/10/2024,jeudi,INDUSTRIE,Suisse,PME,Pro,3,42,12,28.6,1,,16,4,1,30,6,,4,3,"983,02",sombre,eu-w1,A,,8,5643,1
CLI-000367,2023-06-05,lundi,Tech,France, PME ,Pro,20,12,4,33.3,1,0.4,16,6,5,4,2,8.0,4,0,307.52,sombre,us-e1,B,,70,6556,0
CLI-000143,10 Jul 2023,lundi,Éducation,France,TPE,Starter,19,3,2,66.7,44,26.4,8,4,6,0,1,"15,8",4,0,33.08,bleu,eu-w3,B,,54,814,0
CLI-004680,03/12/2023,dimanche,Industrie,France,TPE,Starter,14,6,2,33.3,8,"5,1",8,4,2,3,4,20.4,5,0,69.14 €,clair,ap-s1,control,,56,1134,0
CLI-002205,14/10/2023,samedi,Industrie,France,tpe,Pro,16,7,2,"28,6",12,"7,1",16,3,2,7,2,12.0,3,0,159.59,violet,eu-w1,B,RAS.,68,1832,0
CLI-001334,04 Apr 2024,jeudi,tech,Espagne, PME ,BUSINESS,10,42,13,31.0,15,"12,1",26,12,1,9,2,7.9,3,2,1812.89,clair,us-e1,A,Suivi standard.,46,46084,0
CLI-003997,14/06/2023,mercredi,Tech,Suisse,PME, Pro ,20,56,32,57.1,21,13.1,16,7,4,5,4,"11,5",4,0,1510.03,vert,eu-w1,A,"Compte engagé, ambassadeur potentiel.",65,23526,0
CLI-000145,13/07/2024,samedi,INDUSTRIE,France, TPE ,Pro,7,1,1,,85,20.4,16,6,0,1,4,18.4 h,3,2,"21,35",clair,eu-w1,control,,53,300,0
CLI-000554,01 Dec 2023,vendredi,éducation,France,PME,Pro,14,43,27,62.8%,20,"7,7",16,7,0,0,1,8.1,,,984.22,clair,eu-w3,B,,53,25826,0
CLI-000854,06/03/2023,lundi, Santé ,Allemagne,TPE,Starter,23,4,1,25.0,1,0.1,8,0,11,4,4,"26,7",,0,"40,34",bleu,ap-s1,control,,59,300,0
CLI-003843,2024-03-14,jeudi, Public ,France,PME,Business,11,40,12,30.0,12,"2,8",26,16,3,1,2,8.5,3,0,2249.52,clair,eu-w3,control,,56,83007,0
CLI-000871,2023-08-08,mardi,commerce,France,PME,starter,18,10,8,80.0%,42,43.1,8,4,7,0,1,"21,3",3,0,128.64 €,vert,ap-s1,A,,66,1266,0
CLI-000040,14/03/2024,jeudi,Commerce,Espagne,ETI,business,11,95,53,55.8%,36,"13,7",26,5,3,1,3,4.7,2,0,"5442,41",vert,ap-s1,A,,55,116032,0
CLI-004560,28/05/2024,mardi,ÉDUCATION,Espagne,TPE,Starter,8,4,3,75.0,51,32.7,8,4,1,0,0,13.6,5,1,54.05,clair,eu-w3,B,,66,399,0
CLI-002614,09 Jun 2022,jeudi,Industrie,France,TPE,Starter,32,7,5,71.4,30,20.1,8,3,10,0,0,23.0,3,0,95.92,violet,eu-w3,B,Suivi standard.,70,4326,0
CLI-002455,2023-09-06,mercredi,FINANCE,Espagne,PME,Pro,17,24,14,"58,3",14,3.9,16,0,,2,0,7.6,3,0,643.66,bleu,eu-w1,A,RAS.,71,7389,0
CLI-004873,2024-07-14,dimanche, Industrie ,France,TPE,Pro,7,11,0,0.0,0,0.0,16,0,0,138,0,12.5,3,1,229.96,clair,us-e1,B,,0,1320,1
CLI-002594,15/11/2023,mercredi,Tech,,PME,Pro,15,15,0,0.0,0,0.0,16,0,0,46,5,14.9,1,0,336.74,violet,eu-w3,B,"Client insatisfait, risque de départ.",0,10769,1
CLI-001873,11 Sep 2023,lundi,INDUSTRIE,France,eti,starter,17,48,11,22.9,5,1.0,8,2,4,1,0,"13,8",4,0,"502,97",clair,ap-s1,control,Faible adoption des sièges.,77,5362,0
CLI-000148,2025-01-04,samedi,Industrie,Suisse,PME,Starter,1,55,44,"80,0",73,"35,3",8,5,0,1,3,25.2,,4,678.82,bleu,eu-w1,control,Compte dans la moyenne.,6,30058,1
CLI-001043,21 Jan 2023,samedi,Commerce,France, TPE ,Starter,25,5,2,40.0,13,6.5,8,3,7,5,7,,3,0,57.48,violet,eu-w1,B,Support très sollicité récemment.,60,3205,0
CLI-001346,07/06/2023,mercredi,Santé,France,PME,STARTER,20,9,0,"0,0",0,0.0,8,0,0,84,0,25.0,1,0,"136,81",bleu,eu-w3,B,Usage en forte baisse ce trimestre.,2,2468,1
CLI-004840,14 Apr 2022,jeudi,éducation,France, TPE ,pro,34,9,2,22.2,1,"0,1",16,4,7,5,0,"6,9",4,0,279.42,bleu,eu-w3,B,Faible adoption des sièges.,78,13289,0
CLI-002081,2023-04-05,mercredi,finance,Belgique, PME ,starter,22,35,0,0.0,0,"0,0",8,0,0,44,4,27.9,2,0,385.75,clair,eu-w3,control,,36,3163,0
CLI-000576,2024-02-03,samedi, Finance ,Allemagne,TPE,pro,12,5,2,40.0,9,"3,1",16,3,2,1,2,"9,2",3,1,129.31,sombre,eu-w3,control,,54,1272,0
CLI-000343,2024-06-02,dimanche,,,TPE,PRO,8,9,1,"11,1",1,0.4,16,3,5,3,1,13.8,2,0,197.09 €,clair,eu-w1,control,"Client insatisfait, risque de départ.",57,2101,0
CLI-000514,30 Dec 2024,lundi,Tech,France,GE,Enterprise,1,418,141,33.7%,2,0.9,40,15,0,17,2,0.5,5,2,31649.35,bleu,ap-s1,B,,51,804526,0
CLI-002133,16 Sep 2023,samedi,Industrie,France,tpe,Business,17,1,1,100.0%,73,28.2,26,15,3,2,5,5.8,2,0,55.62,clair,eu-w3,B,,62,1824,0
CLI-001517,2024-04-06,samedi,commerce,Canada,ETI,Pro,10,112,28,25.0%,1,"0,1",16,1,2,1,2,9.0,4,0,2619.07,bleu,us-e1,B,RAS.,18,75167,1
CLI-000392,2024-02-03,samedi,INDUSTRIE,Suisse,TPE,Business,12,2,2,,88,60.8,26,10,,1,5,9.7,1,0,78.99,vert,ap-s1,A,,20,518,1
CLI-000380,03/08/2023,jeudi,Santé,Allemagne,TPE,starter,18,11,2,"18,2",3,1.1,8,1,2,3,3,"25,3",4,0,134.9,violet,eu-w1,A,,50,1438,0
CLI-001577,06 Oct 2023,vendredi,Commerce,Espagne, PME ,Enterprise,16,41,13,,11,7.9,40,13,2,6,0,2.5,5,0,3457.99,violet,eu-w3,B,Suivi standard.,70,34027,0
CLI-004660,30/10/2024,mercredi,éducation,Allemagne,TPE,Starter,3,10,2,,1,"0,3",8,2,0,12,1,27.3,2,1,115.28,sombre,eu-w1,A,"Client insatisfait, risque de départ.",36,756,0
CLI-004276,04 Jul 2024,jeudi,Éducation,France,GE,ENTERPRISE,7,512,268,52.3%,11,5.0,40,10,2,0,2,5.1,2,0,39268.26 €,vert,eu-w1,A,,48,579600,0
CLI-000257,06/10/2024,dimanche,Commerce,France,PME, Pro ,4,57,3,5.3%,1,"0,1",16,4,1,30,3,"10,2",3,1,1010.12 €,clair,us-e1,B,Déploiement interne limité.,18,4970,1
CLI-003553,29/12/2024,dimanche,PUBLIC,France, PME ,Pro,1,53,41,77.4%,34,14.3,16,7,0,1,2,11.4,4,2,1262.79,sombre,eu-w3,A,,46,13461,0
CLI-000060,28/11/2024,jeudi, Tech ,Allemagne,GE,ENTERPRISE,2,849,244,"28,7",12,"5,0",40,19,0,1,5,4.7,2,5,"58810,66",vert,ap-s1,B,,1,819821,1
CLI-002461,27/02/2024,mardi,Commerce,Suisse,TPE, Pro ,11,10,8,,67,41.0,16,9,4,0,0,7.3 h,5,0,"219,21",violet,us-e1,control,Client très satisfait et actif.,69,4134,0
CLI-004370,10/07/2023,lundi,industrie,Allemagne,TPE,Starter,19,3,2,66.7,36,14.0,8,2,2,0,3,25.2,4,0,39.84,sombre,us-e1,A,RAS.,25,784,1
CLI-001565,2023-12-17,dimanche,Industrie,Belgique,PME, Starter ,14,47,11,23.4,1,"0,2",8,0,1,6,0,"20,1",4,0,609.26,clair,eu-w1,A,Déploiement interne limité.,30,4496,1
CLI-004259,2024-02-02,vendredi,Éducation,France,TPE,STARTER,12,7,0,0.0,0,0.0,8,0,0,64,0,15.4,5,0,,sombre,ap-s1,B,,0,1635,1
CLI-003352,04 Feb 2023,samedi,Commerce,Canada,pme,Business,24,13,8,61.5%,10,3.7,26,6,9,7,8,13.1,1,0,553.29 €,vert,eu-w3,A,,73,22685,0
CLI-002931,2024-03-07,jeudi,tech,Canada,TPE,Starter,11,8,4,50.0,1,0.2,8,1,2,30,6,35.5,3,2,103.77 €,clair,ap-s1,A,,0,3999,1
CLI-004995,02 Aug 2024,vendredi, Tech ,Belgique,pme,Pro,6,14,8,"57,1",41,,16,11,0,3,1,10.5,3,3,"392,02",violet,eu-w1,B,Compte dans la moyenne.,51,13501,0
CLI-001101,2024-11-04,lundi,Industrie,France,TPE,Pro,3,8,5,62.5%,21,"13,2",16,2,0,3,0,0.9,5,1,,violet,eu-w1,control,,70,1491,0
CLI-003041,2023-11-03,vendredi,Tech,France,tpe, Business ,15,6,2,33.3,8,4.1,26,6,6,0,0,"3,2",3,0,286.15,violet,us-e1,B,,61,5631,0
CLI-001058,2023-08-18,vendredi,éducation,Canada,eti,BUSINESS,18,110,93,84.5,68,"44,1",26,9,4,2,1,6.3,4,0,4899.58 €,bleu,eu-w3,B,"Compte engagé, ambassadeur potentiel.",65,136600,0
CLI-003645,09 Sep 2023,samedi,,France,pme,STARTER,17,32,10,"31,2",1,0.1,8,0,6,10,0,,,0,336.92,clair,eu-w3,B,Mécontentement exprimé au support.,58,7183,0
CLI-002554,2024-07-26,vendredi,TECH,France,TPE,STARTER,6,7,5,71.4,28,22.0,8,3,1,0,3,"28,1",4,0,79.16,violet,eu-w3,control,RAS.,16,4544,1
CLI-002509,25/08/2024,dimanche, Industrie ,Belgique,PME,PRO,5,22,0,0.0,0,"0,0",16,0,0,56,0,8.3,5,1,638.3,bleu,eu-w1,control,Déploiement interne limité.,32,8898,0
CLI-003315,2024-07-12,vendredi,,Espagne,TPE,PRO,7,9,3,"33,3",10,5.3,16,1,2,2,0,9.7,5,0,"201,25",violet,ap-s1,control,Suivi standard.,59,3796,0
CLI-004880,2023-08-05,samedi,Industrie,Allemagne, ETI ,Business,18,184,69,"37,5",6,"1,6",26,6,3,11,4,"9,7",2,,8622.35,clair,eu-w1,control,"Client insatisfait, risque de départ.",66,148477,0
CLI-000173,13 Nov 2023,lundi,Public,France,TPE, Business ,15,3,1,,17,4.3,26,10,3,3,4,"12,5",4,0,123.62,vert,eu-w1,B,Client très satisfait et actif.,45,4257,0
CLI-004878,29 Feb 2024,jeudi,INDUSTRIE,Suisse, PME ,Pro,11,16,3,"18,8",2,0.8,16,6,1,6,3,11.9,3,0,457.71,bleu,ap-s1,A,Faible adoption des sièges.,22,12010,1
CLI-004353,2024-02-29,jeudi,Public,Canada,TPE,Enterprise,11,1,1,"100,0",42,2.1,40,8,3,1,6,3.6,3,0,"80,3",sombre,eu-w3,control,,60,3095,0
CLI-002389,13/11/2023,lundi,Finance,France, GE , Business ,15,466,172,"36,9",19,8.7,26,9,5,4,1,7.6,3,0,21031.25,sombre,eu-w1,B,Suivi standard.,68,965755,0
CLI-003258,27 Nov 2024,mercredi,finance,Canada,ETI,business,2,210,134,"63,8",38,17.3,26,14,,0,4,"9,7",,3,"11030,21",clair,eu-w3,A,,32,63313,0
CLI-000685,14/06/2023,mercredi,Industrie,Belgique,PME,Pro,20,43,12,27.9,13,6.5,16,4,3,1,4,,3,0,1132.57,vert,eu-w1,B,,57,39934,0
CLI-001156,15 Jan 2024,lundi, Finance ,Suisse,GE,Business,13,248,165,66.5%,57,"13,9",26,9,0,0,0,5.4 h,5,0,11613.14,sombre,eu-w1,B,Compte dans la moyenne.,56,352343,0
CLI-000330,04/03/2023,samedi,INDUSTRIE,France,ETI,Enterprise,23,181,144,79.6,65,43.4,40,15,,2,1,"1,2",5,0,15607.62,clair,us-e1,B,"Compte engagé, ambassadeur potentiel.",81,204772,0
CLI-000471,02 Aug 2024,vendredi,Santé,France,TPE,Starter,6,11,3,"27,3",1,"0,1",8,2,2,25,4,26.7,3,0,"107,68",violet,eu-w1,A,,35,1324,0
CLI-004788,17/08/2023,jeudi,Industrie,,PME,Starter,18,13,9,"69,2",47,37.6,8,3,6,2,0,13.0,5,0,"176,45",sombre,eu-w3,A,,71,4196,0
CLI-001529,2023-10-12,jeudi, Finance ,Suisse,ETI,enterprise,16,211,59,"28,0",1,"0,1",40,13,1,22,1,0.5,5,0,17264.78 €,bleu,eu-w1,control,Suivi standard.,59,679542,0
CLI-002411,2024-11-23,samedi,Tech,Belgique,PME,Business,2,46,20,,14,"1,7",26,10,0,0,6,,2,1,"2059,02",violet,eu-w1,control,"Client insatisfait, risque de départ.",48,15196,0
CLI-000286,06 Dec 2023,mercredi,Public,Espagne,PME,Starter,14,21,17,81.0,71,35.9,8,4,4,2,0,12.4,4,1,262.21,sombre,eu-w1,A,"Compte engagé, ambassadeur potentiel.",66,7525,0
CLI-000821,27/09/2024,vendredi,tech,France, TPE , Starter ,4,4,1,25.0,1,"0,3",8,0,1,16,0,12.5,5,2,31.58,vert,ap-s1,control,Suivi standard.,53,1114,0
CLI-003049,05 Jan 2025,dimanche,Santé,Canada,ETI,business,1,34,11,32.4,2,0.7,26,1,0,2,2,"5,7",,2,"1022,59",bleu,ap-s1,control,,0,8385,1
CLI-003710,2024-04-07,dimanche,Éducation,France,tpe,Starter,10,4,3,75.0,68,58.1,8,4,5,0,0,4.2,5,0,54.0,clair,eu-w3,A,"Compte engagé, ambassadeur potentiel.",77,531,0
CLI-000167,2024-09-07,samedi,finance,Suisse,TPE,Starter,5,7,1,14.3,3,0.2,8,3,1,12,2,29.1,3,1,76.75,violet,ap-s1,A,,0,1951,1
CLI-000450,15 May 2024,mercredi,Finance,Espagne,PME, Business ,9,43,30,"69,8",50,29.9,26,10,1,0,6,12.1,1,0,1806.28,sombre,eu-w1,A,Mécontentement exprimé au support.,54,56284,0
CLI-001664,2024-05-02,jeudi, Public ,France,ETI,Enterprise,9,188,0,0.0,0,"0,0",40,0,0,99,5,2.4,,2,13716.31,violet,eu-w3,A,Usage en forte baisse ce trimestre.,0,258690,1
CLI-000897,24/11/2024,dimanche,,Allemagne,TPE,Pro,2,11,6,54.5,25,18.2,16,8,2,1,2,"14,4",3,3,"279,56",bleu,eu-w1,control,,19,2063,1
CLI-004046,2024-06-10,lundi,,Suisse,TPE,Pro,8,6,3,50.0%,26,7.6,16,7,1,1,2,12.3,3,2,122.55,bleu,eu-w3,B,Compte dans la moyenne.,56,1809,0
CLI-003188,15/02/2024,jeudi,Public,France,PME,Business,12,43,26,,18,7.7,26,17,1,4,0,3.0,3,0,1944.39,sombre,eu-w1,A,,60,31888,0
CLI-003238,04 Dec 2024,mercredi,Tech,France,pme, Pro ,2,43,19,,25,"16,6",16,4,0,1,2,9.1,4,3,"901,74",violet,eu-w3,control,,35,6655,0
CLI-000086,29 Jan 2024,lundi,COMMERCE,France,tpe,Starter,12,9,1,11.1,1,0.1,8,0,4,6,0,18.0 h,4,0,78.05,clair,eu-w1,control,Faible adoption des sièges.,64,576,0
CLI-004208,04/09/2023,lundi,Tech,Canada,ETI, Enterprise ,17,208,0,0.0,0,0.0,40,0,0,63,4,,4,0,17566.33,clair,us-e1,control,,0,1253182,1
CLI-004004,09 Apr 2024,mardi,Éducation,France,PME,PRO,10,21,14,66.7,20,11.7,16,6,4,1,5,18.0,2,1,"634,05",violet,us-e1,B,,38,23396,0
CLI-000763,07 Jul 2024,dimanche,SANTÉ,France,PME,Pro,7,32,15,46.9,1,0.3,16,5,3,14,3,7.5,,2,770.88,bleu,us-e1,B,,35,6321,0
CLI-002358,2025-01-05,dimanche,ÉDUCATION,Suisse,tpe,Pro,1,11,6,54.5,1,0.4,16,5,0,1,5,20.6,2,7,"320,92",sombre,eu-w3,A,Mécontentement exprimé au support.,0,3684,1
CLI-001363,07 Aug 2023,lundi,finance,France,pme,Enterprise,18,17,3,17.6,2,0.5,40,20,3,6,4,6.5,1,0,1357.54 €,violet,us-e1,B,Mécontentement exprimé au support.,64,23377,0
CLI-001625,09/02/2024,vendredi,Finance,France,GE,Pro,12,575,309,53.7,20,11.3,16,5,5,1,1,"13,8",2,,12584.54,clair,ap-s1,A,Mécontentement exprimé au support.,60,185748,0
CLI-003761,30 Dec 2024,lundi,Éducation,Belgique,TPE,Pro,1,11,3,27.3,6,"2,5",16,3,0,14,3,,2,3,305.64,bleu,us-e1,control,"Client insatisfait, risque de départ.",0,5263,1
CLI-001710,05 Feb 2024,lundi,commerce,France,TPE,PRO,12,3,2,,50,"39,1",16,6,0,2,1,12.5,3,0,80.89,violet,eu-w1,control,,57,1061,0
CLI-000551,2024-04-14,dimanche,Tech,France,PME,Starter,10,40,31,77.5,80,54.9,8,4,0,0,0,17.8,,0,539.91,sombre,ap-s1,A,,61,14167,0
CLI-002243,12 May 2024,dimanche,,Belgique,TPE,pro,9,10,1,"10,0",1,0.6,16,0,4,30,1,6.4 h,4,0,265.32 €,bleu,us-e1,B,Déploiement interne limité.,59,4569,0
CLI-001503,2025-01-05,dimanche,tech,Canada,PME,Pro,1,47,40,85.1%,84,"65,3",16,11,0,0,3,"15,0",4,4,1074.74,violet,ap-s1,A,,53,20270,0
CLI-004170,2024-09-10,mardi,INDUSTRIE,France,TPE,Starter,5,2,1,"50,0",2,"0,6",8,4,0,6,1,"18,9",3,0,"24,57",vert,eu-w1,A,,9,363,1
CLI-001174,30/07/2024,mardi, Santé ,Canada,pme,Pro,6,44,34,77.3%,89,72.2,16,11,1,0,0,13.9 h,3,0,"1222,86",sombre,us-e1,A,,61,22060,0
CLI-003747,07 Jan 2024,dimanche,finance,Allemagne,ETI,Pro,13,35,31,"88,6",101,59.2,16,9,2,1,2,13.2,5,1,1071.23,clair,us-e1,control,Compte dans la moyenne.,61,54461,0
CLI-001440,29 Sep 2024,dimanche,COMMERCE,Suisse,GE,Enterprise,4,428,256,59.8,6,"1,0",40,16,0,25,6,6.8,4,2,38243.55 €,clair,us-e1,control,,9,689914,1
CLI-001508,28 Oct 2024,lundi,finance,Allemagne,ETI,Pro,3,149,36,24.2%,3,1.3,16,2,0,2,2,10.6,5,0,3424.16,violet,ap-s1,B,Faible adoption des sièges.,65,73003,0
CLI-000985,2024-03-10,dimanche, Santé ,Allemagne,TPE,Starter,11,1,1,100.0%,1,0.1,8,1,1,3,2,32.7 h,3,0,10.0,vert,eu-w1,control,,15,300,1
CLI-003054,05 Feb 2024,lundi,Public,France,PME,Pro,12,59,12,20.3,3,0.2,16,5,6,16,1,11.5,4,2,1662.46 €,vert,eu-w1,B,Faible adoption des sièges.,21,40897,1
CLI-002146,2024-03-09,samedi,ÉDUCATION,Canada,PME,Pro,11,37,8,"21,6",2,0.8,16,6,3,20,7,13.8,3,0,783.41,violet,eu-w1,B,"Multiples tickets ouverts, friction élevée.",40,38544,0
CLI-002669,2024-03-10,dimanche,Industrie,France,TPE,Enterprise,11,8,7,87.5,68,61.3,40,17,0,1,0,3.7 h,4,1,542.87 €,clair,eu-w3,A,,47,3116,0
CLI-003496,30 Apr 2024,mardi,COMMERCE,Suisse,TPE,Starter,9,4,2,50.0,17,,8,2,0,2,0,19.5 h,3,,45.07,sombre,eu-w3,control,,66,407,0
CLI-004303,2024-06-14,vendredi,Éducation,France,ETI,Business,8,183,83,45.4,16,"11,8",26,9,2,5,3,3.1,3,1,7816.91 €,clair,eu-w3,A,Compte dans la moyenne.,22,269214,1
CLI-004579,25 Aug 2024,dimanche,Public,France,tpe,Pro,5,1,1,,3,0.2,16,4,2,2,1,11.5 h,2,1,20.06 €,bleu,eu-w1,B,Mécontentement exprimé au support.,61,300,0
CLI-001396,2023-06-03,samedi,Tech,Belgique,ETI,pro,20,128,67,52.3%,30,"20,4",16,9,6,0,3,"12,6",4,0,3458.3,vert,us-e1,control,Client très satisfait et actif.,70,56716,0
CLI-004127,2024-09-05,jeudi,Tech,France,TPE,starter,5,10,6,60.0,16,7.6,8,1,0,2,12,43.0,1,0,134.75,violet,us-e1,B,,0,4862,1
CLI-004590,06 Oct 2023,vendredi,finance,France,GE,business,16,731,492,67.3,37,"21,5",26,6,0,0,4,"6,8",3,0,27892.22 €,violet,eu-w3,A,RAS.,60,274459,0
CLI-003418,13/01/2024,samedi,TECH,France,TPE,enterprise,13,9,2,22.2%,1,0.1,40,8,2,25,0,4.6 h,5,0,691.76,clair,us-e1,control,,72,12479,0
CLI-003176,27 May 2024,lundi,tech,France,tpe,pro,8,8,2,25.0,1,"0,1",16,3,5,16,6,12.6,,1,173.27,bleu,eu-w1,B,,44,852,0
CLI-003300,2025-01-05,dimanche,FINANCE,France,PME,Pro,1,53,44,83.0%,49,"18,7",16,3,1,0,0,,5,2,1232.87,vert,eu-w3,B,Suivi standard.,66,29318,0
CLI-002651,06 Jan 2025,lundi,Commerce,Belgique,PME,Pro,1,15,10,66.7,45,18.4,16,9,0,1,2,12.5,4,1,345.68 €,violet,us-e1,A,Compte dans la moyenne.,48,7370,0
CLI-001959,2024-05-06,lundi,Éducation,France,PME,Pro,9,36,13,36.1%,1,0.2,16,4,2,29,0,10.6,4,0,962.98,sombre,eu-w3,B,,40,22900,0
CLI-001569,2023-07-17,lundi,Finance,France,ETI,business,19,131,123,"93,9",87,81.0,26,20,3,2,0,3.3,4,0,7122.88,sombre,us-e1,B,Client très satisfait et actif.,71,239471,0
CLI-003671,09 Jun 2023,vendredi,Tech,France,PME,Starter,20,32,14,43.8,3,0.3,8,3,3,13,0,20.4,4,0,393.68,sombre,ap-s1,control,,61,7102,0
CLI-001727,06 Apr 2024,samedi,INDUSTRIE,France,pme,Pro,10,52,33,63.5,28,4.1,16,5,2,7,2,19.3,,0,1203.39 €,bleu,eu-w3,B,,61,72035,0
CLI-003786,2024-01-01,lundi,Finance,Suisse, TPE , Business ,13,8,5,62.5%,4,1.9,26,11,3,1,1,9.1 h,3,1,337.09,clair,ap-s1,B,,58,2488,0
CLI-003017,2024-12-25,mercredi,Santé,France,PME,Business,1,17,10,58.8%,34,5.1,26,7,0,0,5,12.4,2,0,"645,04",sombre,eu-w3,B,"Client insatisfait, risque de départ.",55,5818,0
CLI-002193,2024-09-30,lundi, Tech ,France,PME,Pro,4,10,2,20.0,1,"0,1",16,3,1,1,3,14.6,3,1,"273,73",bleu,eu-w3,control,,23,5387,1
CLI-000099,16/12/2023,samedi,santé,France,TPE,Starter,14,7,5,"71,4",45,"28,3",8,4,3,0,1,22.1,3,1,62.76,clair,eu-w1,B,,48,300,0
CLI-003954,2024-12-31,mardi,Public,France,PME,Pro,1,15,6,40.0,16,"6,3",16,6,0,0,0,,,3,"362,39",sombre,ap-s1,control,,43,2080,0
CLI-002660,05 Jun 2023,lundi,Public,Canada,PME,BUSINESS,20,27,17,63.0,61,34.5,26,16,7,1,4,9.0,4,0,1327.81,vert,ap-s1,A,,76,15243,0
CLI-001176,10/11/2024,dimanche,Public,Canada,TPE,Starter,3,6,1,16.7%,1,0.3,8,3,1,9,1,15.4,3,1,70.39,sombre,ap-s1,A,,19,808,1
CLI-002382,07 Oct 2022,vendredi,finance,Belgique,ETI,Pro,28,75,52,69.3,28,23.0,16,4,4,2,1,13.3,4,0,2770.88 €,clair,eu-w3,control,,77,95429,0
CLI-000888,12 Aug 2023,samedi,Commerce,Espagne,tpe,Pro,18,1,0,0.0%,0,0.0,16,0,0,133,0,9.1,5,0,29.62 €,vert,ap-s1,B,Usage en forte baisse ce trimestre.,0,1870,1
CLI-000227,02 Jan 2024,mardi,santé,Belgique,TPE,starter,13,10,6,60.0,1,0.5,8,4,1,17,3,22.7,3,1,120.94,bleu,eu-w1,control,,11,3273,1
CLI-003943,02/08/2024,vendredi,Industrie,Belgique,ETI, Business ,6,141,0,,0,0.0,26,0,0,77,3,8.3,4,0,"5358,6",vert,eu-w3,B,,0,87881,1
CLI-003324,03 Jun 2023,samedi,ÉDUCATION,France,TPE,starter,20,6,3,50.0,30,22.6,8,4,6,2,1,25.2,3,0,75.18,bleu,ap-s1,control,RAS.,57,4377,0
CLI-003431,01 Sep 2024,dimanche, Industrie ,Suisse,TPE,PRO,5,9,1,11.1,1,0.3,16,0,0,6,2,10.0 h,4,0,"234,58",violet,eu-w3,A,Déploiement interne limité.,59,3270,0
CLI-001636,29 Sep 2024,dimanche,Santé,Canada,PME,PRO,4,48,39,"81,2",68,51.7,16,12,0,4,0,5.2,5,3,1013.07,violet,us-e1,control,,54,14122,0
CLI-001194,16 Apr 2023,dimanche,Finance,France,pme,Business,22,40,21,52.5,22,9.5,26,9,4,3,3,"9,1",4,0,"1995,56",clair,us-e1,B,"Compte engagé, ambassadeur potentiel.",85,58909,0
CLI-001428,2023-07-11,mardi,TECH,Belgique,TPE,Starter,19,11,3,"27,3",5,3.0,8,2,5,1,0,11.9,4,0,159.81,bleu,eu-w1,B,,68,8780,0
CLI-000805,23 Dec 2024,lundi,Santé,Canada,TPE,Enterprise,1,6,4,66.7,22,1.7,40,15,0,1,4,"3,7",3,4,417.45,bleu,eu-w1,control,,18,30123,1
CLI-003406,28/03/2024,jeudi,,Canada,pme,Business,10,58,11,19.0,1,0.2,26,2,3,30,3,7.7,4,3,"2548,01",clair,eu-w1,control,Déploiement interne limité.,19,43877,1
CLI-003440,12 Sep 2023,mardi,Commerce,France, ETI ,PRO,17,201,174,86.6,86,19.4,16,10,2,1,1,8.9,4,0,5773.9,clair,eu-w1,B,,77,37877,0
CLI-000164,19/07/2023,mercredi,Éducation,Belgique,PME,business,19,14,11,78.6%,61,"50,5",26,8,2,1,8,6.9 h,1,0,652.35,vert,eu-w1,control,"Client insatisfait, risque de départ.",64,26211,0
CLI-001132,07/07/2024,dimanche,Commerce,France,ETI,Pro,7,167,118,70.7,50,20.1,16,10,4,1,1,"14,4",5,0,4674.21,sombre,ap-s1,A,"Compte engagé, ambassadeur potentiel.",64,279798,0
CLI-000504,07/12/2023,jeudi,Industrie,France,TPE,Starter,14,3,2,"66,7",51,31.3,8,4,4,0,0,9.3 h,5,0,38.75,sombre,eu-w3,control,,90,2034,0
CLI-002568,04 Jul 2024,jeudi,finance,Suisse, PME , Business ,7,56,34,60.7,40,"22,9",26,2,3,0,6,5.7,3,,2665.2 €,bleu,eu-w3,B,,14,67749,1
CLI-004328,27 Sep 2024,vendredi,Industrie,Canada,GE,ENTERPRISE,4,785,304,38.7,7,0.7,40,3,0,2,0,,4,0,43438.47,vert,eu-w3,control,,46,320576,0
CLI-004835,2023-07-17,lundi,Finance,France,tpe,PRO,19,6,2,33.3,7,3.0,16,6,2,1,0,"9,5",5,0,155.99,sombre,us-e1,A,RAS.,28,4093,1
CLI-004804,2023-02-15,mercredi,Éducation,France,TPE,STARTER,24,4,3,75.0,84,"69,4",8,4,3,1,2,25.9,4,0,59.8,bleu,eu-w1,control,,64,932,0
CLI-003502,04/05/2024,samedi,public,France, PME ,ENTERPRISE,9,28,15,53.6,2,0.5,40,15,3,6,8,3.4 h,,0,2197.96,sombre,eu-w1,B,,51,55872,0
CLI-000427,02/08/2024,vendredi,INDUSTRIE,Allemagne,ETI,Business,6,120,83,"69,2",41,36.5,26,8,1,1,1,6.6,5,1,"6073,66",vert,ap-s1,control,RAS.,55,89647,0
CLI-003196,02/02/2024,vendredi, Tech ,France,PME,starter,12,21,8,38.1,23,9.1,8,4,5,0,1,21.8,4,0,309.78,violet,ap-s1,A,Client très satisfait et actif.,53,10415,0
CLI-003863,2024-07-13,samedi,SANTÉ,,PME, Business ,7,56,16,28.6%,1,0.3,26,4,2,18,7,,3,0,2544.34 €,violet,us-e1,B,Support très sollicité récemment.,11,35468,1
CLI-001831,2024-12-04,mercredi,Éducation,,PME,Business,2,11,3,27.3,6,3.3,26,9,0,0,5,7.7,2,1,483.27,sombre,eu-w3,control,,9,3963,1
CLI-004291,03 Nov 2024,dimanche,commerce,Allemagne,PME,Business,3,46,29,63.0,14,"6,7",26,2,1,1,3,4.3,3,1,"1366,27",clair,eu-w1,control,,39,4481,0
CLI-000983,02 Jul 2023,dimanche,,Espagne,ETI,Business,19,113,100,88.5%,54,"60,5",26,20,5,1,1,6.5,4,0,5756.46,bleu,ap-s1,B,,86,169931,0
CLI-002098,2024-04-08,lundi,TECH,France,PME,Pro,10,30,20,66.7,42,"11,1",16,5,3,0,1,9.5,4,1,910.97,clair,eu-w3,B,Client très satisfait et actif.,64,26892,0
CLI-002694,05/01/2025,dimanche,,Belgique,pme,Pro,1,44,27,61.4,1,0.1,16,5,0,20,5,13.7 h,2,2,1045.79,sombre,ap-s1,control,,0,10291,1
CLI-003730,2024-07-06,samedi,industrie,Allemagne,PME,BUSINESS,7,44,31,70.5,34,"15,0",26,11,0,0,0,1.9,5,1,1784.8,vert,us-e1,control,,59,10245,0
CLI-004654,2023-12-31,dimanche,FINANCE,Canada,GE,Business,13,621,546,87.9,78,36.5,26,11,4,1,0,"4,8",4,0,"30810,72",bleu,eu-w1,control,Client très satisfait et actif.,76,1136916,0
CLI-003847,12/10/2023,jeudi,Industrie,France, TPE ,BUSINESS,16,5,3,"60,0",17,2.0,26,9,6,1,0,2.9,5,0,198.27,sombre,eu-w1,B,,83,2276,0
CLI-003170,09 Jan 2025,jeudi,Finance,France,eti,Business,1,72,51,"70,8",62,34.8,26,12,0,1,6,10.7,3,1,2853.19,bleu,eu-w3,A,Compte dans la moyenne.,14,30415,1
CLI-003540,2023-09-01,vendredi,Commerce,Belgique,ETI,Business,17,32,17,53.1,8,"2,9",26,5,2,6,0,0.5,5,,1564.33,clair,eu-w3,B,,67,19241,0
CLI-004035,03 Feb 2024,samedi,Éducation,Allemagne,tpe,Starter,12,1,1,,76,73.5,8,4,6,0,0,,4,2,12.74,sombre,ap-s1,A,,63,439,0
CLI-004919,2024-05-07,mardi,public,France,PME,BUSINESS,9,42,18,42.9,15,11.1,26,6,2,0,3,7.2,4,0,2083.0,bleu,eu-w1,B,,64,54658,0
CLI-000170,2024-11-05,mardi,Tech,Allemagne,PME, Starter ,3,25,22,88.0,71,45.5,8,3,0,0,3,27.2,3,3,241.98,vert,us-e1,control,,6,992,1
CLI-001355,09 Feb 2024,vendredi,santé,France,TPE,Starter,12,7,3,42.9,1,0.2,8,3,3,1,0,12.9 h,3,0,96.6,vert,eu-w3,A,,73,3327,0
CLI-000434,2024-05-29,mercredi,Industrie,France,PME,Pro,8,32,9,28.1%,6,,16,6,2,2,0,5.8,4,1,"1025,05",clair,ap-s1,A,Suivi standard.,50,71446,0
CLI-000541,2024-07-10,mercredi,FINANCE,France,TPE, Pro ,7,9,4,44.4,9,4.0,16,4,0,2,0,8.9 h,3,1,186.58,violet,eu-w1,B,Suivi standard.,49,2448,0
CLI-000592,04/05/2024,samedi,Tech,France,tpe,Pro,9,9,3,33.3,1,0.1,16,0,2,30,2,10.4,3,0,139.07,clair,ap-s1,control,Compte dans la moyenne.,12,2623,1
CLI-003131,28 Dec 2024,samedi,Éducation,Suisse,TPE, Starter ,1,2,1,50.0,16,10.3,8,2,0,0,2,"27,7",3,4,"20,78",clair,eu-w1,A,RAS.,7,699,1
CLI-004742,04 Jan 2025,samedi,Finance,France,TPE,Starter,1,9,2,22.2%,1,0.3,8,1,0,8,0,"23,5",2,1,"93,44",clair,us-e1,B,,4,690,1
CLI-004851,01/12/2023,vendredi,Commerce,Allemagne,pme,Pro,14,22,15,68.2%,36,,16,8,4,1,5,10.8,3,0,581.76 €,sombre,ap-s1,A,,20,38163,1
CLI-004244,31 Aug 2024,samedi,Santé,France, ETI ,Business,5,153,109,"71,2",22,7.2,26,11,,2,4,,4,0,6633.72 €,sombre,eu-w1,A,,51,59836,0
CLI-004441,25/12/2024,mercredi,industrie,Canada,TPE,Starter,1,8,5,62.5%,45,20.3,8,2,0,1,1,20.8,4,4,80.26,clair,ap-s1,control,,22,3356,1
CLI-000485,11/04/2024,jeudi, Commerce ,France,PME,Business,10,30,21,"70,0",75,"39,1",26,10,2,0,0,6.0,,0,"1503,32",violet,us-e1,A,Compte dans la moyenne.,72,16025,0
CLI-001607,2023-12-17,dimanche,éducation,France,PME,Pro,14,29,10,34.5,5,"2,2",16,11,3,3,1,9.2,4,0,812.24,violet,eu-w3,B,,61,50619,0
CLI-004017,2023-10-12,jeudi,Industrie,Suisse,TPE,Pro,16,7,1,14.3%,1,0.2,16,5,2,22,5,15.6,3,0,199.9,bleu,ap-s1,B,,22,14425,1
CLI-000370,27/07/2024,samedi,Commerce,France,pme,Pro,6,23,17,73.9,46,34.1,16,9,1,1,2,19.0,2,0,566.38,sombre,us-e1,A,"Client insatisfait, risque de départ.",37,24150,0
CLI-001389,03 Jun 2024,lundi,finance,France,TPE,Starter,8,5,3,60.0%,40,15.0,8,4,1,2,6,,2,1,"71,87",bleu,eu-w1,A,,1,2593,1
CLI-000096,09/01/2025,jeudi,Commerce,Allemagne,TPE,Starter,1,1,1,100.0,34,20.6,8,1,2,2,7,"26,0",3,1,11.03,vert,us-e1,control,"Multiples tickets ouverts, friction élevée.",11,300,1
CLI-000154,05/06/2024,mercredi,Tech,France,TPE,Pro,8,5,3,60.0%,1,,16,5,5,20,2,"12,0",3,0,"122,09",bleu,us-e1,B,,55,1702,0
CLI-001717,17/05/2023,mercredi,Industrie,Suisse,ge,business,21,546,181,33.2,7,0.4,26,9,3,1,5,5.1,3,0,30569.07,violet,eu-w1,A,Suivi standard.,67,902399,0
CLI-004455,2025-01-06,lundi,Santé,Allemagne,TPE,Starter,1,9,7,77.8,31,13.9,8,3,0,0,2,,,3,84.79 €,vert,eu-w1,B,,8,1112,1
CLI-001578,12 Jun 2024,mercredi, Finance ,France,PME,PRO,8,56,26,46.4%,22,10.5,16,9,3,3,2,11.5,3,0,1307.7,bleu,eu-w3,control,,72,6434,0
CLI-004220,2024-10-02,mercredi,public,France,pme,STARTER,4,27,12,"44,4",32,22.0,8,3,3,4,1,28.1,3,2,276.92,clair,ap-s1,control,Compte dans la moyenne.,22,12489,1
CLI-002218,25/09/2024,mercredi,finance,Belgique,PME, Pro ,4,50,0,0.0,0,0.0,16,0,0,84,2,15.8,3,0,"970,76",violet,us-e1,A,,0,8756,1
CLI-004615,03/11/2024,dimanche, Santé ,France, TPE ,Starter,3,9,7,77.8,33,24.3,8,3,,1,3,"31,8",4,1,97.12,bleu,eu-w1,A,,43,1991,0
CLI-001698,2023-07-04,mardi,Santé,Canada,TPE,STARTER,19,8,0,0.0%,0,0.0,8,0,0,115,0,21.5 h,5,0,90.5,clair,us-e1,B,"Compte peu actif, relance nécessaire.",0,1781,1
CLI-001358,11 Apr 2024,jeudi,,France,ETI,Business,10,92,53,57.6,44,29.5,26,8,5,1,0,,,2,"4427,64",vert,eu-w1,B,,79,83505,0
CLI-000573,09/04/2024,mardi,Industrie,Espagne,ETI,Business,10,214,154,72.0,36,29.8,26,14,5,1,5,8.7,3,0,9734.89,clair,ap-s1,B,RAS.,65,207548,0
CLI-004800,14/03/2024,jeudi,Éducation,France, PME ,Pro,11,59,15,25.4,1,"0,1",16,4,3,30,6,"12,7",2,,1481.82,vert,eu-w1,B,,39,10936,0
CLI-001245,13/02/2024,mardi,Finance,France,TPE,Starter,12,11,2,18.2,1,0.4,8,2,6,11,3,22.2,4,0,158.82,violet,eu-w1,control,,57,3386,0
CLI-002191,2024-04-10,mercredi,COMMERCE,Suisse,pme,pro,10,16,7,43.8,9,2.7,16,3,1,4,3,"15,6",3,1,398.76 €,bleu,eu-w3,control,Suivi standard.,52,5886,0
CLI-003335,2024-05-07,mardi,,Belgique,TPE,Business,9,2,1,"50,0",1,"0,1",26,10,5,1,4,7.5,2,1,90.04,violet,us-e1,B,,57,2658,0
CLI-002285,09/12/2023,samedi,ÉDUCATION,France,GE,Enterprise,14,285,188,66.0,1,0.3,40,11,5,8,3,2.4 h,2,0,23801.13,clair,ap-s1,control,,59,468406,0
CLI-000804,09/04/2023,dimanche,Public,Belgique,PME, Starter ,22,45,10,22.2,5,,8,2,2,8,0,7.7,5,0,561.54,bleu,us-e1,control,,69,9209,0
CLI-000232,2023-11-07,mardi,Tech,France,pme,Starter,15,45,34,75.6,25,4.8,8,4,3,2,4,30.6,3,0,567.93,vert,eu-w3,A,,49,7451,0
CLI-003397,13/01/2024,samedi,Industrie,France,PME,Business,13,38,23,60.5,8,3.1,26,7,3,4,0,1.9,5,0,1790.74,clair,eu-w1,control,,69,42584,0
CLI-000180,2024-01-01,lundi,éducation,France,TPE,STARTER,13,7,1,,5,1.7,8,2,3,2,9,50.5,1,0,87.53,bleu,eu-w1,control,,0,2225,1
CLI-000155,04/09/2024,mercredi,Éducation,France,eti,Enterprise,5,75,0,0.0,0,"0,0",40,0,0,67,2,4.0,3,0,5592.26 €,clair,ap-s1,control,Usage en forte baisse ce trimestre.,6,55028,1
CLI-001746,27/08/2024,mardi,TECH,France,GE,BUSINESS,5,689,379,55.0,1,0.1,26,8,2,13,9,10.4,1,0,24681.42,vert,eu-w3,B,,14,202388,1
CLI-001859,2023-08-10,jeudi,Santé,Suisse,TPE,starter,18,11,4,"36,4",14,6.7,8,3,6,0,0,19.9,5,0,171.25,bleu,ap-s1,B,,79,9689,0
CLI-000769,01/08/2024,jeudi,éducation,Allemagne,GE,Pro,6,535,171,"32,0",1,0.2,16,1,0,10,0,7.7,3,2,"9831,11",clair,eu-w1,A,,19,40308,1
CLI-004160,10 Jul 2024,mercredi,,Suisse,tpe, Pro ,7,10,7,70.0,33,14.4,16,5,0,0,0,5.6,5,0,,bleu,us-e1,B,,68,3063,0
CLI-003709,2024-04-07,dimanche,Commerce,France,PME,Pro,10,12,10,"83,3",63,26.4,16,11,1,0,0,2.3,5,0,336.22,clair,eu-w1,B,,71,6617,0
CLI-000250,30/04/2024,mardi,Tech,, ETI ,Enterprise,9,145,54,"37,2",8,3.1,40,18,,3,10,6.1,1,2,11041.86,violet,ap-s1,control,,18,90543,1
CLI-003662,31/01/2024,mercredi,tech,France, PME ,Business,12,7,4,"57,1",23,3.4,26,6,3,5,5,"11,1",2,1,245.72 €,bleu,eu-w3,B,,71,2015,0
CLI-002759,2024-12-30,lundi,industrie,Suisse,PME,Starter,1,43,15,34.9,16,9.3,8,3,0,1,5,"38,0",1,3,527.84,vert,eu-w1,A,"Client insatisfait, risque de départ.",0,10821,1
CLI-003029,13/12/2023,mercredi,Finance,Espagne,eti,Business,14,82,53,64.6,22,"6,5",26,9,3,1,5,9.6,3,0,3470.05 €,violet,eu-w3,B,,56,28454,0
CLI-003963,05 Jun 2023,lundi,Finance,France,PME,Business,20,46,20,43.5,19,,26,11,2,1,0,,5,0,"2253,99",sombre,ap-s1,B,,72,35117,0
CLI-004721,05/08/2023,samedi,Industrie,France,ETI,Pro,18,37,29,78.4,47,"32,8",16,9,5,1,5,"8,9",4,0,1039.84,clair,eu-w1,B,Client très satisfait et actif.,77,39223,0
CLI-004119,16 Sep 2023,samedi,santé,Suisse,GE,Enterprise,17,338,183,54.1,18,7.2,40,16,5,1,3,1.8,4,0,29358.0,violet,ap-s1,control,Client très satisfait et actif.,77,1203678,0
CLI-003107,2023-07-17,lundi,Industrie,Canada,PME,Starter,19,53,0,0.0,0,,8,0,0,49,4,28.2,2,0,676.86 €,violet,us-e1,A,,7,13321,1
CLI-004187,07/05/2024,mardi, Santé ,France,PME, Starter ,9,28,2,7.1,1,0.1,8,0,0,4,5,35.8,2,0,211.47,sombre,us-e1,control,,13,1214,1
CLI-000019,2024-04-27,samedi,INDUSTRIE,France,PME,Business,9,21,8,38.1,17,9.0,26,9,2,0,2,6.7,,1,856.39,bleu,us-e1,B,,49,17556,0
CLI-002745,01 Feb 2024,jeudi,Santé,Espagne,TPE,Starter,12,11,8,72.7%,32,"9,9",8,2,3,0,0,19.1,4,1,128.53,sombre,eu-w1,A,"Compte engagé, ambassadeur potentiel.",58,1370,0
CLI-003862,2024-02-13,mardi,Tech,France,PME,Starter,12,59,0,,0,,8,0,0,41,3,26.0,3,1,750.08 €,clair,ap-s1,control,Déploiement interne limité.,5,8611,1
CLI-002351,2024-07-06,samedi,INDUSTRIE,Suisse,TPE,Starter,7,3,1,33.3,16,"5,0",8,3,1,0,2,20.7 h,4,0,36.54 €,violet,us-e1,B,Suivi standard.,22,539,1
CLI-000054,11/11/2023,samedi,Éducation,France,GE, Enterprise ,15,364,143,39.3%,26,"5,7",40,15,3,3,5,"3,5",3,,29127.94 €,vert,eu-w3,A,,71,501583,0
CLI-003055,08 Dec 2023,vendredi,Santé,France,ETI, Pro ,14,199,123,"61,8",25,"8,3",16,8,1,1,1,,3,0,"5044,38",violet,eu-w1,B,RAS.,68,99273,0
CLI-004584,02 Jan 2025,jeudi,TECH,France,TPE,starter,1,8,5,"62,5",35,20.7,8,3,0,1,1,,4,2,99.86,vert,ap-s1,A,,0,737,1
CLI-000758,2024-03-04,lundi,Commerce,Suisse,eti,Pro,11,196,33,,1,0.1,16,1,1,7,0,8.3,4,0,4519.64,bleu,us-e1,control,Faible adoption des sièges.,29,48179,1
CLI-004629,2024-07-02,mardi,Finance,Belgique,PME,Business,7,42,24,57.1,25,13.8,26,8,2,1,1,8.0,4,0,1479.64,vert,ap-s1,control,RAS.,11,16986,1
CLI-002620,03/05/2023,mercredi,,Canada,TPE,Starter,21,5,5,100.0,77,49.9,8,5,6,0,2,"30,5",3,0,58.36,violet,eu-w3,A,,76,335,0
CLI-003976,2024-07-01,lundi,Commerce,,PME,Starter,7,18,11,61.1,15,9.2,8,3,,2,2,"21,7",3,0,211.44,violet,eu-w1,A,Compte dans la moyenne.,54,5201,0
CLI-004397,02/06/2024,dimanche,Santé,France,TPE,starter,8,2,1,50.0%,6,1.3,8,1,1,0,5,21.1 h,5,0,27.62,clair,eu-w1,B,,15,544,1
CLI-003637,2024-03-06,mercredi, Commerce ,France,tpe,Starter,11,9,8,88.9,80,46.5,8,6,2,1,2,26.6,3,1,"96,42",sombre,ap-s1,A,,53,870,0
CLI-001518,2023-02-18,samedi, Industrie ,France,TPE, Starter ,24,8,7,,71,,8,3,,2,8,31.8 h,1,0,109.34,bleu,us-e1,control,Mécontentement exprimé au support.,47,4842,0
CLI-003395,10/12/2023,dimanche, Tech ,France,PME,Pro,14,23,14,60.9,17,4.3,16,8,1,3,8,21.7,1,0,491.03,vert,ap-s1,B,Mécontentement exprimé au support.,40,6040,0
CLI-001532,07/06/2024,vendredi,,France,TPE,starter,8,9,4,44.4,9,,8,5,3,2,0,"4,9",5,1,107.75,sombre,ap-s1,control,,58,1237,0
CLI-003403,2024-01-30,mardi,Public,France,ETI, Business ,12,109,82,75.2%,20,18.8,26,8,2,3,0,4.4,,2,5068.95,clair,eu-w3,control,RAS.,69,170418,0
CLI-003317,24 Dec 2024,mardi,Santé,France,PME,Business,1,11,9,81.8%,78,54.0,26,17,1,1,1,3.2 h,5,0,436.26,bleu,eu-w3,control,Compte dans la moyenne.,62,5366,0
CLI-000994,23 Dec 2024,lundi, Tech ,France,TPE, Starter ,1,7,2,28.6,2,0.3,8,1,0,0,7,38.2 h,2,2,71.43 €,violet,eu-w3,B,,0,300,1
CLI-004098,26/10/2024,samedi,Finance,France,TPE,Pro,3,11,9,"81,8",64,,16,7,,0,0,8.5,4,1,342.87,bleu,eu-w1,A,Suivi standard.,66,7310,0
CLI-002122,31/07/2024,mercredi,FINANCE,France,tpe, Starter ,6,5,1,"20,0",2,0.1,8,1,1,16,5,40.1,1,0,46.86,sombre,eu-w1,B,"Client insatisfait, risque de départ.",39,538,0
CLI-001045,2025-01-06,lundi,santé,France, PME ,Starter,1,24,4,16.7%,1,0.1,8,2,0,4,4,24.3 h,4,1,220.95,violet,eu-w1,B,Déploiement interne limité.,12,725,1
CLI-000159,29 Jul 2024,lundi,Commerce,France,PME,PRO,6,23,19,82.6,87,55.5,16,11,0,0,2,,4,0,599.24,clair,eu-w3,A,,72,17198,0
CLI-002418,07 Jul 2024,dimanche,Éducation,Espagne,PME,PRO,7,55,27,49.1%,27,19.8,16,8,0,0,4,17.9,2,0,1269.72,vert,eu-w3,B,,7,9371,1
CLI-002618,30 May 2024,jeudi,Industrie,France, PME ,STARTER,8,37,24,64.9,43,3.8,8,4,3,1,1,,4,3,517.41,vert,eu-w1,B,"Compte engagé, ambassadeur potentiel.",23,12728,1
CLI-003515,2025-01-06,lundi,Tech,Canada,PME,pro,1,55,38,69.1,36,33.6,16,7,0,1,2,,4,4,1608.28,violet,eu-w3,control,,0,44839,1
CLI-004360,10 Dec 2024,mardi,Tech,France,PME,BUSINESS,2,10,6,60.0,34,"4,6",26,15,1,1,0,,4,0,368.5,bleu,eu-w1,control,RAS.,67,4230,0
CLI-002334,12/02/2023,dimanche, Santé ,Canada,TPE,Pro,24,3,2,66.7,10,4.2,16,7,6,1,2,12.1,4,0,87.93,vert,eu-w1,control,"Compte engagé, ambassadeur potentiel.",77,2379,0
CLI-002609,2025-01-06,lundi, Commerce ,France,PME,Pro,1,22,10,45.5,22,14.5,16,6,0,1,2,,4,0,"516,12",vert,us-e1,A,Compte dans la moyenne.,10,8888,1
CLI-001275,18/04/2023,mardi,TECH,France, TPE ,Starter,22,3,2,66.7,66,"60,5",8,6,4,1,1,,5,0,,sombre,us-e1,control,Client très satisfait et actif.,85,1781,0
CLI-003390,2023-04-08,samedi,Éducation,Espagne,PME, Pro ,22,11,1,9.1%,1,"0,3",16,2,4,5,5,10.2 h,3,0,223.03,vert,ap-s1,control,,58,2743,0
CLI-003024,2023-06-16,vendredi,tech,France, PME ,BUSINESS,20,16,7,43.8,7,1.9,26,14,2,5,1,8.5,3,0,797.13,vert,us-e1,A,,58,9805,0
CLI-001912,06 Mar 2024,mercredi,Finance,France,TPE,Starter,11,8,0,0.0,0,,8,0,0,31,0,15.0,5,1,"108,44",bleu,ap-s1,B,,36,1601,0
CLI-003829,04 Nov 2024,lundi,Finance,Canada,ETI, Business ,3,30,22,73.3%,81,48.4,26,16,0,5,4,8.0,2,1,1544.26,clair,eu-w3,control,,6,35456,1
CLI-002421,03 May 2024,vendredi,Industrie,Espagne,PME,Business,9,13,8,61.5,29,,26,9,2,1,5,7.1,5,0,600.43 €,clair,ap-s1,control,,58,11816,0
CLI-000925,15/11/2022,mardi,ÉDUCATION,Belgique,TPE,Starter,27,1,1,100.0,57,"42,0",8,5,11,1,8,40.1,2,0,"13,27",sombre,ap-s1,A,,65,1306,0
CLI-000373,02/12/2023,samedi,Finance,France,PME,BUSINESS,14,11,6,54.5,23,"9,6",26,12,1,1,0,"2,2",4,0,570.92,violet,us-e1,A,Compte dans la moyenne.,68,26217,0
CLI-002073,08/11/2023,mercredi,SANTÉ,France,ETI,pro,15,85,68,80.0%,48,28.2,16,8,,1,8,19.6,1,0,1919.79,clair,ap-s1,B,Mécontentement exprimé au support.,29,6297,1
CLI-000294,13/03/2023,lundi, Éducation ,Suisse,TPE,PRO,23,3,2,,59,31.8,16,6,4,0,0,,3,0,"88,25",vert,eu-w3,B,,67,6730,0
CLI-000112,04/12/2023,lundi,Éducation,,PME,Business,14,13,11,84.6,65,29.6,26,14,3,0,0,1.1,5,0,"751,95",vert,us-e1,A,,70,20348,0
CLI-001371,10/04/2024,mercredi,Industrie,France,PME,BUSINESS,10,39,17,"43,6",7,1.3,26,10,5,2,1,"4,5",2,0,1904.54,sombre,us-e1,control,,69,12494,0
CLI-002476,2024-10-29,mardi,Santé,Belgique,TPE,Pro,3,10,1,10.0,1,0.3,16,0,1,10,0,10.3,4,0,213.61,violet,us-e1,control,,17,11385,1
CLI-001453,08/08/2022,lundi,Public,France,eti,BUSINESS,30,197,137,69.5%,32,4.4,26,13,0,0,0,"2,4",5,0,"9261,99",vert,eu-w1,control,,84,911380,0
CLI-000468,04 Jan 2025,samedi,Industrie,France,TPE,Business,1,7,3,42.9,36,39.2,26,11,0,1,0,3.9,5,3,299.42,violet,eu-w3,control,,55,4174,0
CLI-003689,27 Apr 2024,samedi,Industrie,France,pme,pro,9,18,16,"88,9",64,,16,9,4,0,7,18.9,3,,"564,95",clair,eu-w1,A,,64,7412,0
CLI-004051,31/01/2024,mercredi,industrie,France, PME ,STARTER,12,6,2,,3,1.0,8,0,2,3,1,33.4,2,1,63.65,vert,ap-s1,control,,16,887,1
CLI-004206,20/07/2023,jeudi,Commerce,Allemagne,ETI,BUSINESS,19,218,87,39.9%,30,11.8,26,10,5,1,0,7.0 h,4,0,,bleu,eu-w3,control,Client très satisfait et actif.,77,81315,0
CLI-003518,2024-11-02,samedi, Finance ,Canada,TPE,pro,3,1,1,100.0,84,102.0,16,11,0,0,6,10.1 h,3,0,"27,02",bleu,us-e1,A,,54,620,0
CLI-000913,10 Sep 2024,mardi,,Canada,PME,pro,5,24,22,"91,7",90,"57,5",16,8,1,1,3,"16,0",2,0,623.11,violet,eu-w3,B,,53,13285,0
CLI-004945,05/02/2024,lundi,Tech,Espagne,PME, Pro ,12,13,0,,0,"0,0",16,0,0,50,0,7.7,5,0,334.5 €,sombre,us-e1,A,Faible adoption des sièges.,43,4937,0
CLI-000241,2023-05-11,jeudi, Industrie ,France,ge, Business ,21,264,126,47.7,26,"2,3",26,13,3,4,3,8.5,,0,,clair,eu-w1,control,,62,319965,0
CLI-004195,2023-12-07,jeudi, Santé ,France,GE,Enterprise,14,258,201,77.9,71,38.4,40,32,2,3,0,1.9,3,0,22929.24 €,bleu,eu-w3,A,,80,582861,0
CLI-000873,2023-05-03,mercredi,tech,France,ETI,Business,21,70,40,57.1,17,"6,4",26,10,2,4,4,"5,6",3,0,3254.13,bleu,ap-s1,A,,52,58705,0
CLI-001686,14/02/2024,mercredi,Commerce,Canada,PME,Business,12,32,18,56.2,27,11.4,26,7,0,0,0,4.5,5,1,1308.99,violet,eu-w1,B,,62,19321,0
CLI-003108,2023-09-18,lundi,Tech,France,eti,BUSINESS,17,40,34,85.0,76,"38,8",26,16,2,4,1,4.8,4,0,2021.07,sombre,eu-w3,A,,80,14915,0
CLI-001348,31 Jan 2024,mercredi, Éducation ,France,ETI,Business,12,104,84,80.8,67,52.8,26,12,3,2,0,4.8,5,0,4694.46,clair,ap-s1,control,"Compte engagé, ambassadeur potentiel.",76,65441,0
CLI-001597,08/10/2023,dimanche,Commerce,France,TPE,Starter,16,7,4,"57,1",26,15.2,8,4,2,2,2,30.8,2,0,84.02,sombre,ap-s1,A,Mécontentement exprimé au support.,16,1447,1
CLI-004576,12/05/2023,vendredi,Santé,Canada,eti,Business,21,101,15,14.9%,1,0.3,26,3,1,4,0,5.5 h,4,0,"4863,32",violet,eu-w3,control,,65,267191,0
CLI-001114,03/07/2024,mercredi,Finance,Belgique,TPE,Starter,7,8,2,25.0%,4,0.2,8,3,1,17,1,22.9,3,0,83.11 €,violet,eu-w3,B,,12,613,1
CLI-004317,16/10/2023,lundi,SANTÉ,France,ETI,Pro,16,45,14,31.1%,16,,16,6,6,2,0,9.7,4,0,1055.9,bleu,ap-s1,control,"Compte engagé, ambassadeur potentiel.",84,11256,0
CLI-004123,2024-08-27,mardi,FINANCE,France,TPE,Starter,5,7,2,,1,0.3,8,2,1,24,3,29.8,3,0,70.22 €,clair,eu-w1,A,,4,300,1
CLI-000942,2024-05-02,jeudi,,France,ETI,Pro,9,97,77,79.4,57,,16,8,3,1,4,11.0,,1,2417.45,vert,eu-w1,A,,58,51540,0
CLI-000933,10/09/2024,mardi,Santé,France,TPE,ENTERPRISE,5,7,0,0.0,0,0.0,40,0,0,56,3,5.1,3,2,458.12,sombre,eu-w3,B,,0,10143,1
CLI-003303,09/12/2023,samedi,Finance,France, ETI ,Business,14,69,36,,6,"0,6",26,8,6,1,1,3.8,4,0,2829.17 €,bleu,ap-s1,control,,72,20879,0
CLI-002573,02/09/2023,samedi,Éducation,,PME,Business,17,44,7,15.9,1,0.2,26,4,0,4,3,3.2,3,0,1968.24 €,violet,eu-w3,B,Faible adoption des sièges.,18,48419,1
CLI-000850,12/03/2024,mardi,,France,TPE,Business,11,5,2,40.0,1,0.3,26,6,3,9,3,0.8,3,1,201.38,sombre,ap-s1,B,RAS.,47,3138,0
CLI-002685,2024-10-27,dimanche,Public,France,PME,PRO,3,51,25,49.0%,21,2.7,16,3,0,0,3,"12,8",4,0,1414.48,sombre,eu-w1,control,,33,49875,1
CLI-000430,2024-01-04,jeudi,TECH,Suisse,PME,Starter,13,54,48,88.9,74,"37,0",8,3,2,1,5,23.4,4,0,806.84 €,vert,ap-s1,A,Compte dans la moyenne.,51,18525,0
CLI-000652,30 Mar 2024,samedi, Santé ,France,eti, Enterprise ,10,125,69,55.2%,16,"9,0",40,20,2,3,0,0.5,5,0,9433.05,bleu,eu-w3,A,RAS.,69,92821,0
CLI-002112,30/11/2023,jeudi,tech,Espagne,PME,Pro,14,34,23,"67,6",21,,16,7,2,3,1,13.0,4,0,855.76,clair,ap-s1,A,,68,32981,0
CLI-003370,13/02/2024,mardi,Finance,Suisse, TPE ,Starter,12,3,1,33.3,1,0.3,8,4,3,6,1,17.9 h,3,1,40.6,violet,us-e1,B,,61,1032,0
CLI-003389,20 Mar 2023,lundi,SANTÉ,France, TPE ,Starter,23,2,1,50.0,27,"8,9",8,3,2,1,0,"20,0",5,0,,sombre,eu-w1,control,RAS.,68,1396,0
CLI-000041,30 Sep 2024,lundi,Public,Suisse,TPE,PRO,4,1,1,100.0,1,0.3,16,3,1,28,3,10.1,2,0,17.95,violet,us-e1,control,,19,300,1
CLI-004309,2024-03-06,mercredi,Finance,France,TPE,STARTER,11,11,6,54.5,13,"5,6",8,3,2,2,0,"11,6",5,0,116.43 €,bleu,ap-s1,control,RAS.,53,2291,0
CLI-003936,28/08/2024,mercredi,Tech,France,TPE, Starter ,5,4,1,25.0,8,"3,7",8,2,0,2,6,,2,1,42.45,violet,eu-w1,B,,0,313,1
CLI-004990,04/12/2024,mercredi,Santé,France,ETI,Enterprise,2,188,125,"66,5",56,9.0,40,17,0,0,9,"4,4",3,0,18391.96,violet,ap-s1,A,,20,180977,1
CLI-001007,2024-10-01,mardi,tech,Suisse,pme,PRO,4,33,22,66.7,58,"31,6",16,8,1,0,1,12.2 h,3,0,907.1 €,bleu,us-e1,control,RAS.,55,11157,0
CLI-004183,13/07/2024,samedi,Tech,, ETI ,Enterprise,7,71,37,52.1,44,,40,13,0,2,0,,3,1,6134.2,vert,us-e1,control,,49,100601,0
CLI-002802,08 Mar 2024,vendredi,Commerce,France,ETI,business,11,155,52,33.5,8,1.0,26,7,1,2,4,"6,2",2,0,6856.45,violet,eu-w1,control,Mécontentement exprimé au support.,43,78712,0
CLI-000894,2024-03-28,jeudi,Public,Suisse, TPE , Pro ,10,4,3,75.0,73,"57,9",16,6,3,0,0,,4,1,"118,06",sombre,ap-s1,control,,26,1355,1
CLI-004611,03 Sep 2023,dimanche,commerce,Allemagne,TPE,starter,17,3,2,66.7%,62,"30,3",8,5,4,0,1,16.6,4,0,33.6,sombre,us-e1,A,,82,579,0
CLI-000636,2023-05-19,vendredi,Finance,Canada,PME,Business,21,33,25,75.8%,67,"70,9",26,10,3,1,0,5.5,5,0,1956.77 €,sombre,eu-w3,control,Client très satisfait et actif.,81,97878,0
CLI-001148,2024-11-06,mercredi,Finance,,eti,Business,3,40,10,25.0,2,,26,10,0,3,0,0.7,5,1,1960.42,violet,eu-w1,control,Suivi standard.,51,14468,0
CLI-004472,13 Aug 2023,dimanche,Public,Canada,ETI,Pro,18,86,35,40.7,13,0.6,16,7,2,0,1,"8,9",3,0,2521.35,sombre,eu-w3,control,,61,248101,0
CLI-002963,2024-05-11,samedi,tech,France,TPE,pro,9,5,2,40.0,11,4.7,16,2,1,1,8,"16,2",3,1,"139,77",bleu,eu-w1,A,Support très sollicité récemment.,44,2865,0
CLI-000804,09/04/2023,dimanche,Public,Belgique,PME, Starter ,22,45,10,22.2,5,,8,2,2,8,0,7.7,5,0,561.54,bleu,us-e1,control,,69,9209,0
CLI-003841,30/03/2024,samedi,INDUSTRIE,Espagne,pme,Business,10,13,12,92.3,107,"72,6",26,18,4,0,6,,4,0,512.14,clair,eu-w1,A,Client très satisfait et actif.,70,8399,0
CLI-001991,20/11/2022,dimanche, Public ,France,PME, Business ,27,49,18,36.7%,10,6.5,26,9,8,5,2,4.1,3,0,"2614,17",sombre,us-e1,control,Compte dans la moyenne.,62,117899,0
CLI-004266,2024-07-10,mercredi,,France, TPE ,Starter,7,3,2,66.7,36,17.1,8,5,1,0,7,33.9,4,1,"38,81",violet,eu-w1,B,Support très sollicité récemment.,11,446,1
CLI-002929,09 Sep 2022,vendredi,industrie,France,PME,PRO,29,56,45,80.4,61,"25,0",16,7,6,1,1,14.1,3,0,1571.81,violet,eu-w3,B,,82,69600,0
CLI-000922,2024-09-06,vendredi, Industrie ,Suisse,PME, Starter ,5,29,19,"65,5",18,"4,8",8,4,0,1,1,15.7,5,2,296.95,vert,us-e1,control,RAS.,59,4870,0
CLI-002469,31/08/2024,samedi,Industrie,France,PME, Business ,5,48,17,35.4%,1,"0,2",26,6,1,0,1,2.4 h,3,0,2222.23,clair,eu-w1,control,,53,76534,0
CLI-002420,05/04/2023,mercredi,COMMERCE,France,PME,pro,22,13,4,30.8,3,"1,1",16,2,4,1,3,13.9,4,0,299.59,clair,ap-s1,A,,63,5650,0
CLI-002755,06/01/2024,samedi,Public,Suisse,PME,PRO,13,50,19,38.0,15,2.2,16,10,2,3,0,5.6 h,5,0,1304.64 €,violet,eu-w3,B,Compte dans la moyenne.,51,11768,0
CLI-003233,11/07/2024,jeudi, Tech ,France,pme,Pro,7,55,42,"76,4",49,"31,4",16,6,3,0,0,"11,2",,0,1490.2,bleu,eu-w3,B,,58,40325,0
CLI-002926,29/12/2024,dimanche, Éducation ,Belgique,TPE,Starter,1,3,1,33.3,24,5.0,8,3,0,0,1,21.2,3,2,34.35,vert,ap-s1,A,,40,535,0
CLI-003635,05 Aug 2024,lundi,commerce,Canada,PME,Starter,6,56,33,58.9,33,15.6,8,2,3,0,2,20.2,,1,"553,25",vert,us-e1,A,,52,7259,0
CLI-000303,03/04/2024,mercredi, Éducation ,France,PME, Pro ,10,55,0,0.0,0,0.0,16,0,0,104,0,7.3,,1,1252.76,vert,eu-w3,control,,7,10273,1
CLI-003263,31/08/2023,jeudi,Commerce,France, PME ,Starter,17,15,5,,13,,8,3,4,1,7,"34,7",1,0,185.74,sombre,ap-s1,control,"Client insatisfait, risque de départ.",46,1980,0
CLI-001268,08 May 2024,mercredi,santé,Espagne,TPE,STARTER,9,1,1,"100,0",4,2.9,8,2,4,5,2,"19,8",4,1,9.11 €,violet,us-e1,B,,54,300,0
CLI-000129,25/09/2024,mercredi,Éducation,France,PME,enterprise,4,28,21,"75,0",82,"55,2",40,25,0,2,0,3.0 h,5,1,2367.1,violet,ap-s1,control,,67,54349,0
CLI-002762,01 Jun 2024,samedi,Finance,Suisse,ETI,Enterprise,8,130,96,73.8,54,30.5,40,15,1,1,1,0.9,5,3,11294.73 €,clair,eu-w3,control,,59,203757,0
CLI-003896,05 Nov 2023,dimanche,Tech,France,ETI,Enterprise,15,50,32,64.0%,33,6.7,40,22,3,0,0,0.5,5,0,4636.02,sombre,eu-w3,A,,78,110245,0
CLI-001192,12/02/2024,lundi,COMMERCE,Allemagne, PME ,Pro,12,12,8,66.7%,40,"30,5",16,11,1,1,3,15.7,,0,,bleu,eu-w3,control,,51,7363,0
CLI-002502,02/01/2025,jeudi,Tech,France, PME ,Pro,1,35,7,20.0,1,0.1,16,3,0,8,0,10.1,5,3,"676,36",violet,ap-s1,control,Faible adoption des sièges.,48,2218,0
CLI-002950,11 Apr 2024,jeudi,commerce,France,TPE,Pro,10,2,1,50.0,13,"4,0",16,1,3,2,0,3.7,4,0,48.41,sombre,eu-w3,A,"Compte engagé, ambassadeur potentiel.",67,397,0
CLI-001110,05 Jan 2025,dimanche,Public,Belgique,pme, Pro ,1,40,18,45.0%,12,11.6,16,6,0,5,0,10.5,4,3,888.26 €,sombre,us-e1,B,RAS.,49,10926,0
CLI-000962,10/06/2024,lundi,,France,ETI, Business ,8,179,117,"65,4",43,"8,1",26,11,2,3,2,4.8,4,0,8050.34,bleu,eu-w3,B,,58,59412,0
CLI-004197,30/10/2023,lundi,Commerce,Suisse,TPE, Starter ,15,11,3,27.3%,11,"4,6",8,2,5,1,0,11.0,,0,149.93,bleu,eu-w1,B,,74,9467,0
CLI-000831,2022-08-06,samedi,INDUSTRIE,,TPE,Enterprise,30,11,6,,1,0.3,40,3,8,1,5,4.9,3,0,847.56,clair,eu-w1,B,,76,20155,0
CLI-001844,07 Jan 2025,mardi,SANTÉ,France, TPE ,STARTER,1,10,2,20.0%,2,0.1,8,2,0,10,3,27.3,2,2,100.81,sombre,ap-s1,control,,4,827,1
CLI-004124,2023-09-18,lundi, Commerce ,France,eti,pro,17,97,31,32.0,4,"0,2",16,9,1,2,1,17.6,3,0,1856.64,sombre,eu-w1,B,,58,6090,0
CLI-002360,05/11/2024,mardi,Commerce,Allemagne,TPE,PRO,3,8,2,25.0,4,1.6,16,8,0,0,0,13.5,4,0,"188,49",bleu,us-e1,B,,51,1700,0
CLI-003046,2024-03-04,lundi,Commerce,Suisse,TPE,Pro,11,10,6,"60,0",24,"15,4",16,6,3,5,1,10.0,5,2,259.57,bleu,us-e1,control,"Compte engagé, ambassadeur potentiel.",64,3618,0
CLI-001916,13 Aug 2024,mardi,Éducation,,ETI,Business,6,170,104,,4,0.8,26,17,0,1,4,,4,1,7702.8,bleu,eu-w1,control,,13,31581,1
CLI-002359,01 Dec 2023,vendredi,Commerce,France,PME,business,14,10,4,40.0%,10,1.6,26,5,3,2,1,8.3 h,3,0,547.32,clair,eu-w1,A,,64,9425,0
CLI-003975,02 Jun 2024,dimanche,Tech,Belgique,TPE,PRO,8,1,1,"100,0",53,15.7,16,5,2,0,1,9.6,3,0,25.86,bleu,us-e1,A,Suivi standard.,56,509,0
CLI-002679,14/02/2024,mercredi,Tech,France,TPE,Starter,12,6,4,66.7,28,8.8,8,3,1,1,3,32.8,2,0,67.36,vert,eu-w3,B,Mécontentement exprimé au support.,6,552,1
CLI-001444,05 Dec 2023,mardi,santé,Suisse,PME,PRO,14,13,7,53.8%,26,18.4,16,5,5,0,0,"1,1",5,0,331.18,violet,us-e1,A,,81,13578,0
CLI-003144,2023-10-13,vendredi, Commerce ,France,TPE,STARTER,16,6,4,66.7,29,9.0,8,4,1,0,1,17.5,4,0,80.29,vert,us-e1,control,,37,658,1
CLI-002162,12 Oct 2024,samedi, Industrie ,France,TPE,Pro,4,11,10,90.9,56,47.5,16,7,0,1,3,15.5,4,1,287.56 €,vert,eu-w3,control,RAS.,58,7781,0
CLI-004635,09/12/2022,vendredi,Finance,Espagne,GE,business,26,215,138,64.2,63,11.7,26,15,6,3,0,5.3,5,0,11834.14,violet,us-e1,B,,75,591944,0
CLI-004999,2024-06-10,lundi,SANTÉ,Canada,pme,Business,8,41,18,"43,9",28,14.8,26,6,3,7,0,2.9 h,3,1,1865.51,vert,eu-w1,control,,58,7649,0
CLI-004726,11/12/2024,mercredi,Industrie,Allemagne,ge, Enterprise ,2,604,202,33.4,3,0.2,40,1,0,3,5,7.3,2,1,47473.24 €,violet,us-e1,A,,0,973201,1
CLI-000793,01/12/2023,vendredi,finance,France,PME,Starter,14,28,14,50.0,11,3.3,8,1,2,6,5,17.9,3,0,355.71,sombre,eu-w3,B,,17,6417,1
CLI-001237,04/06/2024,mardi,,France,PME,Business,8,27,8,29.6,12,4.7,26,6,1,0,2,6.7,4,1,1170.16,sombre,eu-w1,B,,63,19191,0
CLI-003012,30/10/2023,lundi,Finance,Espagne,PME,Pro,15,56,19,33.9,7,1.8,16,3,4,1,0,"4,9",3,0,1235.64,violet,us-e1,B,Suivi standard.,66,16212,0
CLI-004452,08/01/2025,mercredi,SANTÉ,Belgique,PME,Pro,1,16,11,68.8%,45,38.4,16,6,0,0,0,13.0,5,3,392.98,sombre,us-e1,B,,49,11601,0
CLI-002720,29 Dec 2023,vendredi,Industrie,France,PME,Business,13,30,25,83.3,60,"48,0",26,15,2,3,1,,4,0,"1650,19",bleu,eu-w1,control,,60,37888,0
CLI-004872,2024-03-03,dimanche,Finance,France,ETI, Pro ,11,54,16,29.6,1,0.1,16,3,3,5,2,7.7,5,0,1407.37 €,clair,ap-s1,A,,61,25389,0
CLI-002331,11/03/2024,lundi,Industrie,France,PME,Starter,11,8,3,37.5%,3,0.5,8,0,1,3,5,32.9,3,1,"109,74",bleu,us-e1,A,Suivi standard.,36,2610,0
CLI-001164,2024-12-07,samedi,Tech,France,eti,enterprise,2,211,156,73.9,61,"11,8",40,19,0,1,0,1.4,5,1,"19291,93",sombre,ap-s1,control,,66,284749,0
CLI-002729,12/08/2022,vendredi,TECH,France,TPE,Starter,30,11,4,36.4%,6,"4,0",8,3,7,0,6,21.2,3,0,136.78,clair,eu-w1,control,,30,8748,1
CLI-001567,13 Jul 2024,samedi,Finance,Belgique,PME, Business ,7,20,0,0.0,0,0.0,26,0,0,34,2,"4,8",3,1,"716,17",clair,us-e1,A,Déploiement interne limité.,32,22903,0
CLI-000907,2023-07-07,vendredi,tech,Belgique,TPE,starter,19,1,1,100.0%,4,"0,2",8,3,6,6,4,"34,4",2,0,11.92,violet,ap-s1,B,"Client insatisfait, risque de départ.",63,450,0
CLI-000020,2024-04-08,lundi,Santé,France,GE,Business,10,816,113,13.8,1,"0,2",26,3,0,16,1,7.4,2,3,35724.92,bleu,us-e1,A,,12,937422,1
CLI-004430,01 Mar 2024,vendredi, Public ,France,tpe,Pro,11,7,5,71.4,58,40.8,16,13,4,1,0,10.1,5,0,193.42,bleu,us-e1,A,Client très satisfait et actif.,81,7137,0
CLI-004971,26 Oct 2024,samedi, Commerce ,France, GE ,Business,3,407,86,21.1,1,"0,1",26,1,0,30,3,6.6,4,1,18013.75,clair,eu-w1,control,,2,177255,1
CLI-000352,2024-06-09,dimanche,Industrie,France,ETI,Pro,8,128,116,"90,6",83,31.3,16,9,0,0,1,12.8,3,0,3098.68,bleu,eu-w1,control,Compte dans la moyenne.,69,55900,0
CLI-003949,2024-12-25,mercredi,Industrie,Canada,ETI,pro,1,80,33,41.2,15,"7,0",16,4,0,4,0,12.4,2,2,1767.39,sombre,eu-w1,A,,43,23188,0
CLI-004517,26 Jun 2024,mercredi,Commerce,Canada,TPE, Starter ,7,6,2,"33,3",1,0.1,8,2,2,2,2,23.8,4,0,"60,78",vert,ap-s1,B,Suivi standard.,48,399,0
CLI-000032,2024-12-26,jeudi,Finance,Suisse,ETI,pro,1,102,14,,1,"0,1",16,2,0,18,2,8.8,3,1,2242.92,sombre,ap-s1,control,Faible adoption des sièges.,8,31266,1
CLI-002951,03 Dec 2024,mardi, Tech ,Belgique,PME, Pro ,2,45,27,60.0%,12,9.7,16,5,1,7,1,10.8,4,3,956.38,violet,eu-w3,B,,40,20390,0
CLI-004677,01/01/2025,mercredi,finance,France, TPE ,Pro,1,6,4,66.7,31,"18,8",16,9,0,0,1,14.6,,1,147.33,bleu,eu-w1,B,,57,2537,0
CLI-001127,13/11/2023,lundi, Commerce ,France, TPE ,Starter,15,6,2,33.3,1,"0,7",8,0,1,11,5,27.6,,1,"73,37",bleu,eu-w1,B,Compte dans la moyenne.,37,1564,0
CLI-002770,2023-07-15,samedi,Commerce,Allemagne,TPE, Starter ,19,4,3,"75,0",70,36.4,8,4,2,0,0,20.2,3,0,57.11,clair,ap-s1,control,Compte dans la moyenne.,64,2997,0
CLI-002022,01 Feb 2024,jeudi,Éducation,France, PME ,Pro,12,17,7,41.2,2,"1,3",16,3,6,13,5,15.4,,0,446.9,vert,ap-s1,B,"Client insatisfait, risque de départ.",42,8062,0
CLI-002607,06 Sep 2024,vendredi, Tech ,France,pme,starter,5,25,13,"52,0",23,,8,3,0,1,6,35.6 h,3,4,318.77,vert,eu-w1,B,,0,6535,1
CLI-000564,2025-01-09,jeudi,Tech,France,ETI,Enterprise,1,116,0,0.0,0,0.0,40,0,0,30,4,3.7,3,2,8284.23,vert,us-e1,B,Déploiement interne limité.,0,33965,1
CLI-000600,2024-05-10,vendredi,COMMERCE,Belgique,PME,Pro,9,9,4,"44,4",7,"0,4",16,6,0,1,0,,5,0,240.37,bleu,eu-w1,control,Compte dans la moyenne.,72,3351,0
CLI-002257,2024-12-26,jeudi,Commerce,France,PME,Business,1,46,10,"21,7",1,0.1,26,7,0,30,2,,3,2,1800.79 €,bleu,eu-w1,B,,0,31010,1
CLI-001161,2024-06-30,dimanche, Commerce ,Allemagne,TPE,starter,7,4,2,"50,0",15,7.5,8,2,2,2,0,15.2,5,2,43.99,sombre,eu-w1,A,Compte dans la moyenne.,57,469,0
CLI-003319,30 Aug 2024,vendredi,Finance,France, TPE ,starter,5,6,5,83.3,28,5.0,8,3,1,0,3,"27,5",2,1,,bleu,ap-s1,A,,14,1381,1
CLI-000791,24 Oct 2024,jeudi,TECH,France,ge, Business ,3,679,81,11.9%,1,0.1,26,4,0,1,5,11.0,2,2,26445.87,clair,us-e1,control,,4,260227,1
CLI-000594,15/12/2023,vendredi,Tech,France,tpe,Pro,14,3,3,100.0,106,"81,1",16,13,2,0,6,"17,5",3,0,87.2,bleu,us-e1,control,,59,1287,0
CLI-004290,11/08/2024,dimanche,santé,France,TPE,Starter,6,4,1,"25,0",3,0.9,8,2,4,4,0,15.9,3,1,55.24,sombre,eu-w1,control,,50,1767,0
CLI-004450,09/01/2024,mardi,Santé,France,PME,business,13,57,25,"43,9",4,2.3,26,10,4,12,0,3.8 h,4,0,2620.38,violet,eu-w1,A,RAS.,78,27933,0
CLI-004207,23/12/2024,lundi,Finance,Espagne,PME,business,1,22,10,45.5%,15,"8,8",26,10,,0,0,4.2 h,,1,794.72,sombre,eu-w3,A,,62,10427,0
CLI-001385,2024-03-14,jeudi,Commerce,France,ETI,business,11,76,22,"28,9",7,0.9,26,11,0,2,1,4.7,3,1,"3314,74",bleu,us-e1,A,Suivi standard.,45,46207,0
CLI-000939,07 Dec 2024,samedi,Industrie,France,PME,Pro,2,56,43,76.8%,52,18.8,16,6,0,1,1,7.5,5,2,1317.65,violet,ap-s1,A,Compte dans la moyenne.,54,8644,0
CLI-003887,04 Apr 2024,jeudi,Santé,Suisse,PME, Pro ,10,11,8,72.7%,40,12.4,16,7,0,1,6,19.9,3,0,322.01 €,bleu,eu-w3,A,,27,5281,1
CLI-000689,28/12/2024,samedi,Tech,Espagne,PME,PRO,1,41,27,65.9,29,"11,6",16,7,0,2,1,"8,9",,1,1099.09,bleu,eu-w3,control,RAS.,55,57680,0
CLI-002511,27 Dec 2024,vendredi,industrie,Suisse, TPE ,Pro,1,1,1,100.0%,66,"19,7",16,7,0,1,1,"5,7",4,0,"20,4",violet,us-e1,B,RAS.,66,535,0
CLI-004638,04 Feb 2024,dimanche,SANTÉ,Canada, PME , Pro ,12,56,44,78.6,70,,16,11,3,0,0,10.1,,0,1484.57,bleu,eu-w1,B,Client très satisfait et actif.,78,65737,0
CLI-000407,07/03/2023,mardi,Industrie,Canada, TPE , Pro ,23,6,2,33.3,1,"0,1",16,0,7,3,4,"15,3",3,0,"134,62",sombre,eu-w1,control,,61,11812,0
CLI-002179,2024-11-11,lundi,SANTÉ,Canada,ETI,Enterprise,3,70,7,10.0%,1,"0,1",40,4,0,28,0,0.5,4,0,3558.53,clair,ap-s1,B,Faible adoption des sièges.,47,20426,0
CLI-004787,08 Apr 2024,lundi, Industrie ,France,ge,Business,10,231,159,68.8,56,"19,5",26,15,1,1,0,4.0,5,1,9905.13,vert,eu-w1,A,,75,219300,0
CLI-004618,04/01/2025,samedi,Public,Belgique,ETI,business,1,88,29,33.0,17,"3,6",26,9,0,2,5,6.0,3,1,4306.18 €,clair,us-e1,control,,44,91808,0
CLI-001096,02/04/2024,mardi,santé,,PME,Pro,10,48,14,29.2%,5,0.9,16,3,2,2,2,11.5 h,3,0,1242.47,clair,us-e1,A,RAS.,43,27508,0
CLI-001487,04 Nov 2023,samedi,Commerce,Canada,TPE,starter,15,3,1,33.3,1,"0,1",8,1,5,8,7,29.5,2,0,34.14,clair,eu-w1,A,,13,840,1
CLI-000777,09/01/2024,mardi,Public,France,tpe, Business ,13,5,2,40.0%,16,0.8,26,4,1,0,5,"10,1",3,0,241.57 €,vert,us-e1,A,,49,23770,0
CLI-002603,2024-12-27,vendredi,Finance,Belgique,TPE,Pro,1,7,3,42.9,16,"1,1",16,9,0,1,5,12.7,3,2,"156,74",bleu,eu-w1,control,,6,1542,1
CLI-001028,01/06/2024,samedi,santé,France,TPE,Starter,8,4,0,0.0,0,0.0,8,0,0,109,0,"5,8",5,2,44.02,vert,us-e1,A,,0,614,1
CLI-004070,14/09/2023,jeudi,SANTÉ,Canada,TPE,Starter,17,8,7,87.5,80,34.4,8,3,7,0,1,"26,1",,0,115.41,sombre,ap-s1,control,,76,4259,0
CLI-000743,2024-10-07,lundi,Commerce,France,PME,Business,4,37,25,67.6%,43,"17,5",26,14,1,0,5,9.0,2,1,1987.29,clair,eu-w1,control,,43,146662,0
CLI-002344,2024-06-06,jeudi,,Belgique,TPE,PRO,8,7,1,14.3,4,0.7,16,2,1,10,2,"11,8",4,1,187.89 €,sombre,eu-w1,B,Faible adoption des sièges.,17,5392,1
CLI-003640,01/08/2024,jeudi,Finance,France,TPE,Business,6,5,3,,34,10.9,26,10,4,1,7,,2,0,261.31,vert,us-e1,B,,57,2357,0
CLI-002987,01 Jan 2025,mercredi,commerce,France,ETI,Business,1,49,37,75.5,70,53.9,26,12,0,0,2,8.5,3,0,"2458,83",sombre,eu-w1,A,Suivi standard.,53,76617,0
CLI-004409,2024-11-26,mardi,COMMERCE,France, PME ,Starter,2,22,12,"54,5",18,9.0,8,4,1,1,0,14.0,4,1,288.35,clair,us-e1,A,,55,8749,0
CLI-003113,09 Nov 2023,jeudi,Commerce,Suisse,ETI,Pro,15,43,17,39.5,6,2.1,16,5,7,6,3,11.4 h,3,0,1203.14,violet,eu-w3,B,,70,17758,0
CLI-002151,2022-12-17,samedi,ÉDUCATION,Belgique,PME, Pro ,26,27,10,37.0,13,0.9,16,8,4,1,3,13.0,2,0,"735,83",clair,ap-s1,B,,59,51891,0
CLI-002178,2025-01-07,mardi, Commerce ,,TPE,Pro,1,3,1,33.3,12,3.0,16,4,0,3,0,12.7,5,2,,bleu,ap-s1,control,,47,371,0
CLI-001277,06 Jan 2025,lundi,SANTÉ,Espagne,GE,Enterprise,1,176,138,78.4,60,15.3,40,26,1,1,0,,4,5,13769.98,violet,us-e1,A,Suivi standard.,24,248410,1
CLI-001978,13 Dec 2023,mercredi, Public ,France,PME,business,14,32,9,28.1,1,0.1,26,9,5,10,5,5.0 h,2,1,1209.05,bleu,eu-w1,control,,15,19828,1
CLI-002765,09/11/2023,jeudi,Finance,Belgique,tpe,Starter,15,6,5,83.3%,17,9.0,8,4,2,0,5,,3,0,76.59 €,bleu,eu-w1,B,,61,1947,0
CLI-001232,2025-01-06,lundi,Tech,France,GE,Enterprise,1,677,329,48.6,11,"5,8",40,12,0,1,1,0.5,4,5,"59465,08",clair,us-e1,control,,20,1316557,1
CLI-003438,2025-01-06,lundi,Commerce,France,PME, Pro ,1,44,27,61.4,33,"24,7",16,12,0,2,4,,2,2,1213.78,clair,ap-s1,B,,0,25878,1
CLI-000138,23/12/2024,lundi,finance,France,PME,Pro,1,53,42,79.2,41,"34,2",16,8,0,4,2,"17,6",3,0,1418.92,violet,ap-s1,A,,43,13962,0
CLI-004025,2023-11-29,mercredi,Finance,France,ETI,Pro,14,72,66,91.7%,111,109.2,16,8,3,1,1,11.5 h,5,0,2104.31,sombre,eu-w3,B,Client très satisfait et actif.,65,81100,0
CLI-002985,2023-08-09,mercredi,TECH,France,eti, Pro ,18,136,66,48.5%,23,8.1,16,6,3,1,0,5.5,3,,3203.53,clair,eu-w1,B,Compte dans la moyenne.,84,52538,0
CLI-000546,28/05/2024,mardi,INDUSTRIE,France,GE,Business,8,274,229,83.6,82,"46,7",26,12,2,1,2,"9,8",3,1,10928.3,clair,us-e1,control,,61,376371,0
CLI-004794,31 Dec 2024,mardi, Commerce ,France,PME,Enterprise,1,36,24,66.7,53,42.0,40,16,0,0,0,2.3 h,5,2,"2964,09",sombre,ap-s1,B,RAS.,59,65625,0
CLI-001195,2024-07-30,mardi,santé,Belgique,ETI,pro,6,129,87,67.4,35,22.5,16,9,1,2,3,14.3 h,3,1,3292.76,clair,ap-s1,A,,57,35101,0
CLI-001414,27 Dec 2024,vendredi,Finance,Espagne,TPE,Business,1,1,1,100.0%,14,2.4,26,5,0,2,0,"2,9",5,2,35.87,clair,eu-w1,B,RAS.,67,300,0
CLI-000999,2024-03-02,samedi,Industrie,Canada, PME ,PRO,11,37,14,"37,8",9,"2,4",16,9,,4,4,9.2 h,,0,952.33,bleu,ap-s1,B,Mécontentement exprimé au support.,44,17180,0
CLI-000833,2023-08-05,samedi,Commerce,Suisse,ETI,Enterprise,18,116,53,45.7%,23,11.7,40,16,2,1,0,2.5,5,0,8482.77 €,vert,ap-s1,A,Compte dans la moyenne.,72,104338,0
CLI-003696,16 Apr 2023,dimanche,Commerce,France, ETI ,Pro,22,105,15,14.3,1,,16,4,2,2,0,8.1,5,0,2198.24,violet,ap-s1,control,,62,14420,0
CLI-001343,2023-12-03,dimanche,Santé,France,PME,ENTERPRISE,14,26,14,53.8%,19,9.0,40,10,2,1,1,1.5,4,0,1695.1 €,bleu,eu-w1,A,,67,43089,0
CLI-001184,02 Feb 2024,vendredi,Finance,France,tpe,STARTER,12,9,3,33.3,1,0.5,8,1,2,12,4,19.6 h,3,1,110.56,vert,us-e1,control,Suivi standard.,2,2266,1
CLI-003947,08/06/2023,jeudi,Industrie,France,pme,Pro,20,42,25,59.5,27,"5,6",16,5,4,0,2,,4,0,1076.69,clair,eu-w3,A,,68,13243,0
CLI-003341,07 Jan 2025,mardi,,France,eti,Enterprise,1,189,78,41.3,1,0.3,40,10,1,11,0,0.8 h,4,1,13425.54 €,bleu,us-e1,control,RAS.,48,110089,0
CLI-004915,14/08/2023,lundi,commerce,Canada,ETI,Enterprise,18,32,16,50.0,9,2.0,40,12,4,2,0,0.5,4,0,2229.54,sombre,ap-s1,A,,71,67644,0
CLI-003383,04 Mar 2023,samedi,Santé,Allemagne,PME, Pro ,23,28,21,75.0%,50,40.6,16,8,6,2,1,7.8,4,0,905.78,bleu,eu-w1,B,,80,89129,0
CLI-004964,09/05/2022,lundi,Public,France,PME,business,33,11,3,27.3,17,"8,4",26,9,4,0,5,7.0,4,0,626.64,clair,ap-s1,A,,80,11305,0
CLI-004335,2023-02-20,lundi,PUBLIC,France,TPE,Starter,24,7,3,42.9%,16,3.5,8,0,7,0,0,35.6,3,0,69.49,bleu,ap-s1,B,Suivi standard.,42,1083,1
CLI-003682,15/04/2024,lundi,Commerce,Belgique,TPE, Starter ,10,7,2,28.6,1,0.3,8,2,4,3,3,22.3,3,0,85.76,bleu,us-e1,control,Compte dans la moyenne.,51,3657,0
CLI-001067,2022-10-22,samedi,tech,France, PME , Pro ,28,48,11,22.9,11,"7,6",16,5,7,9,6,"16,8",2,0,1338.46 €,violet,eu-w1,control,Mécontentement exprimé au support.,71,38414,0
CLI-004662,08/05/2023,lundi,FINANCE,,PME,Pro,21,52,36,69.2%,50,"36,1",16,6,2,1,0,8.1,4,0,1527.07,bleu,ap-s1,B,,79,41323,0
CLI-004817,16/11/2022,mercredi,Tech,Canada,PME,Pro,27,29,17,"58,6",15,2.1,16,6,6,2,0,"7,1",4,0,"692,92",violet,eu-w3,control,"Compte engagé, ambassadeur potentiel.",74,9091,0
CLI-004374,2024-07-06,samedi,Finance,France,pme,PRO,7,15,11,73.3,38,15.0,16,8,0,1,1,19.1,2,0,437.85,vert,eu-w1,control,"Client insatisfait, risque de départ.",20,10771,1
CLI-003615,2024-03-16,samedi,Finance,Allemagne,TPE, Business ,11,5,4,80.0,65,"41,7",26,4,1,1,3,7.5 h,4,0,235.83 €,violet,eu-w1,A,,67,5221,0
CLI-002611,2024-12-27,vendredi,tech,Espagne,ETI,business,1,192,138,,27,"10,9",26,6,0,2,2,10.3,3,2,9117.22,sombre,eu-w1,control,,45,89713,0
CLI-000653,04 Jan 2025,samedi,Finance,Canada,PME,pro,1,13,11,,62,"51,7",16,6,0,0,2,15.2,4,3,253.99,violet,eu-w1,control,,39,2916,0
CLI-003468,10 May 2024,vendredi,Tech,Canada,PME,Enterprise,9,58,53,"91,4",90,"68,8",40,25,0,2,11,2.7,3,0,5701.5,clair,eu-w1,B,,56,561028,0
CLI-001986,02/06/2024,dimanche,Tech,France,PME,PRO,8,18,14,77.8,57,41.9,16,9,0,0,4,12.6,5,,478.04,vert,eu-w1,B,Suivi standard.,59,13328,0
CLI-002992,2024-06-26,mercredi,INDUSTRIE,France,PME,business,7,7,2,28.6,1,0.3,26,3,2,5,4,6.7,4,1,226.05 €,clair,eu-w3,B,,25,2966,1
CLI-000881,13 Aug 2024,mardi,Éducation,Suisse,GE,business,6,615,588,95.6%,87,52.4,26,17,1,1,1,8.7,4,1,"34003,36",sombre,eu-w3,A,,74,1310489,0
CLI-004708,08/02/2024,jeudi,Tech,Canada,TPE,STARTER,12,2,2,100.0,79,42.0,8,6,3,0,0,14.1 h,5,0,"25,43",violet,ap-s1,control,"Compte engagé, ambassadeur potentiel.",77,438,0
CLI-003347,05 Jun 2023,lundi, Éducation ,Espagne,TPE,STARTER,20,1,1,100.0,1,0.1,8,0,3,2,4,17.9 h,3,0,9.22,bleu,eu-w3,control,Suivi standard.,63,300,0
CLI-000356,2024-08-13,mardi,Industrie,France, ETI , Pro ,6,132,98,"74,2",48,30.8,16,6,1,0,5,,3,,3171.24,violet,eu-w3,control,,45,62410,0
CLI-002519,2023-10-11,mercredi,FINANCE,Belgique,TPE,Enterprise,16,2,1,50.0,15,"4,4",40,7,3,1,7,2.7,1,,169.34,bleu,us-e1,A,Mécontentement exprimé au support.,53,694,0
CLI-004134,19 Jul 2023,mercredi,PUBLIC,France,PME, Enterprise ,19,16,7,43.8,20,9.1,40,14,,1,5,2.3,3,0,1445.18,violet,us-e1,A,,64,71103,0
CLI-004744,2024-01-10,mercredi,COMMERCE,Suisse,TPE,starter,13,1,1,100.0%,1,0.1,8,1,1,30,0,10.7,5,0,10.72,bleu,eu-w1,B,,62,300,0
CLI-002392,04 Jan 2025,samedi,Public,,PME,Starter,1,41,27,"65,9",21,13.7,8,3,0,0,2,22.0,5,1,"447,49",violet,ap-s1,B,,49,10274,0
CLI-001004,29 Nov 2023,mercredi,Tech,Canada,pme,pro,14,33,13,39.4%,1,0.3,16,5,,5,2,10.7,3,0,"793,24",vert,ap-s1,B,,56,11058,0
CLI-002079,09/12/2024,lundi,Tech,France,ETI,Starter,2,145,110,75.9,64,"29,9",8,5,1,0,2,25.0,5,0,1700.15 €,violet,eu-w1,control,,52,30671,0
CLI-002060,29 Jan 2024,lundi,Commerce,France,PME,starter,12,26,13,50.0,40,22.0,8,3,2,1,2,23.2,,1,338.62 €,bleu,eu-w3,A,,47,6942,0
CLI-002236,2024-03-14,jeudi,Industrie,France,TPE, Starter ,11,1,1,100.0%,42,"10,5",8,4,0,1,4,"24,2",4,0,12.28,violet,eu-w3,A,Suivi standard.,50,300,0
CLI-000543,24 Oct 2024,jeudi,COMMERCE,Allemagne,ETI, Pro ,3,115,42,36.5,1,,16,4,0,21,0,6.4,5,3,2535.28 €,violet,us-e1,control,,12,22868,1
CLI-003688,2024-10-07,lundi,Éducation,Belgique,pme,Starter,4,34,11,32.4,4,0.2,8,2,1,5,5,41.3,1,0,343.21,violet,eu-w3,control,,1,3659,1
CLI-003433,10/11/2023,vendredi,Éducation,France,tpe,STARTER,15,4,1,25.0%,1,0.1,8,3,1,3,3,18.2,3,0,"46,05",vert,eu-w1,B,,16,680,1
CLI-004536,31 May 2024,vendredi,santé,France,PME, Pro ,8,59,7,11.9%,1,0.1,16,0,2,26,5,14.8 h,3,0,"1564,54",bleu,eu-w3,B,,12,47468,1
CLI-001430,12 Jan 2024,vendredi,INDUSTRIE,France, TPE ,pro,13,7,4,"57,1",28,"10,1",16,6,4,1,1,14.8,3,0,147.68 €,bleu,eu-w1,B,,77,3754,0
CLI-002061,30/07/2024,mardi,Industrie,Canada,tpe,PRO,6,6,4,66.7%,33,7.4,16,5,0,2,0,7.8,5,0,,sombre,eu-w3,control,Compte dans la moyenne.,67,1514,0
CLI-000694,17/03/2023,vendredi,finance,France,ETI, Business ,23,143,121,84.6,56,22.1,26,10,4,2,2,7.1 h,4,0,7772.79 €,sombre,eu-w1,B,,73,350553,0
CLI-003676,13/08/2024,mardi,Tech,France, PME ,starter,6,21,13,61.9,27,2.2,8,3,2,0,0,14.4,4,2,,bleu,eu-w3,B,RAS.,55,1638,0
CLI-004010,2024-08-10,samedi,Public,Canada,PME, Starter ,6,12,5,41.7%,12,"3,3",8,3,0,2,2,14.2,4,1,118.72,clair,us-e1,control,,23,487,1
CLI-002070,02 Jan 2024,mardi,Commerce,France,ETI,Business,13,149,126,"84,6",63,17.9,26,10,3,3,4,7.3,3,0,6423.94,violet,us-e1,control,,69,68479,0
CLI-003511,09 Apr 2024,mardi,Finance,France,ETI,Pro,10,167,96,"57,5",17,6.7,16,6,2,4,4,13.8 h,,,4276.65,bleu,ap-s1,control,RAS.,57,231452,0
CLI-001222,26 Jun 2024,mercredi,Industrie,France,TPE,Starter,7,2,1,50.0,1,0.1,8,0,2,30,5,"21,8",2,,17.98,clair,us-e1,A,,2,300,1
CLI-002017,31/01/2024,mercredi,Commerce,France,TPE,Starter,12,8,3,"37,5",23,"8,6",8,4,3,2,3,34.9,3,0,81.61 €,vert,eu-w1,B,,46,300,0
CLI-003077,18 Aug 2023,vendredi,tech,Belgique, ETI ,pro,18,169,117,69.2,47,"18,2",16,10,5,0,1,12.3,3,,5338.57 €,clair,eu-w3,control,,57,113818,0
CLI-003664,02/08/2024,vendredi, Commerce ,Canada,GE,Enterprise,6,467,297,"63,6",56,"47,5",40,27,2,0,0,4.6,5,2,42134.9,bleu,us-e1,A,Suivi standard.,64,241854,0
CLI-000803,01 Sep 2024,dimanche,Industrie,France,PME, Business ,5,13,6,46.2%,19,11.1,26,6,1,1,7,6.7,3,2,607.21,clair,eu-w1,A,,4,10456,1
CLI-002040,2023-10-04,mercredi,Finance,France, TPE ,starter,16,6,3,50.0%,29,1.5,8,1,6,1,2,22.3,,0,68.39,sombre,us-e1,B,Client très satisfait et actif.,66,841,0
CLI-002025,2025-01-06,lundi,Éducation,France,TPE,starter,1,5,2,40.0,1,"0,6",8,3,0,1,4,,4,3,47.93,clair,us-e1,A,,0,943,1
CLI-003321,05/12/2024,jeudi,Santé,France,ETI,enterprise,2,134,42,31.3%,1,0.1,40,5,0,30,2,4.1,5,2,11121.92 €,clair,eu-w3,control,,53,392159,0
CLI-002080,10/01/2025,vendredi, Industrie ,Espagne, GE , Starter ,1,278,125,45.0%,12,"4,6",8,1,0,7,0,12.9 h,5,1,3511.22,bleu,us-e1,A,,54,54705,0
CLI-003816,05/03/2023,dimanche,finance,Allemagne,TPE,Business,23,6,1,16.7,1,0.1,26,1,3,12,0,4.5 h,4,0,236.01,violet,eu-w1,A,,52,3096,0
CLI-000778,10 Nov 2024,dimanche,COMMERCE,France,GE,Enterprise,3,524,219,41.8%,10,"3,1",40,12,0,7,4,6.6,2,1,44906.77,violet,us-e1,B,,48,589177,0
CLI-002871,28/05/2024,mardi,santé,France,PME,Pro,8,49,11,22.4,1,0.4,16,4,1,4,5,,2,1,1207.01,violet,ap-s1,B,Mécontentement exprimé au support.,4,13856,1
CLI-004473,02 Aug 2023,mercredi,Éducation,France,ETI,Business,18,116,42,36.2%,1,0.4,26,5,4,11,1,,3,0,6400.23,violet,eu-w3,control,,67,162694,0
CLI-003204,28/12/2024,samedi,public,Belgique,pme,starter,1,38,0,0.0,0,0.0,8,0,0,30,6,28.5,3,0,409.78,clair,ap-s1,control,,0,3360,1
CLI-000826,29 Mar 2024,vendredi, Commerce ,France,TPE,ENTERPRISE,10,9,5,55.6,25,1.2,40,27,4,0,3,4.4,3,0,"632,69",clair,eu-w3,control,,59,4669,0
CLI-001928,05 Jan 2025,dimanche, Commerce ,France,TPE,STARTER,1,6,4,66.7,10,3.4,8,3,0,2,1,10.0,5,4,71.83,violet,ap-s1,B,RAS.,15,1531,1
CLI-000634,2025-01-06,lundi,Éducation,France,TPE,Starter,1,8,2,25.0%,1,0.7,8,3,0,30,5,25.5,5,4,"73,7",bleu,ap-s1,control,,0,544,1
CLI-002505,01 Oct 2023,dimanche,Tech,France,PME,Pro,16,49,0,0.0,0,0.0,16,0,0,45,1,13.2 h,,0,918.34,vert,ap-s1,A,Déploiement interne limité.,16,18073,1
CLI-002806,2024-11-02,samedi,Commerce,France,PME,business,3,46,13,,5,"3,1",26,1,1,1,0,,4,3,1952.88 €,violet,ap-s1,B,,48,30426,0
CLI-001342,2024-10-11,vendredi,santé,France,TPE,Starter,4,11,1,9.1,1,"0,3",8,2,0,1,5,24.7,3,0,100.64,clair,eu-w3,B,Faible adoption des sièges.,3,1155,1
CLI-004394,29/12/2024,dimanche,SANTÉ,Allemagne,GE,Enterprise,1,789,506,"64,1",31,5.8,40,25,0,0,4,"3,6",2,4,54609.99,clair,eu-w1,A,,41,313461,0
CLI-000066,11 Oct 2022,mardi, Public ,Suisse,GE,BUSINESS,28,360,158,43.9,18,3.8,26,15,7,1,8,7.4,1,0,14744.01,bleu,eu-w3,control,,58,411063,0
CLI-002581,03 Sep 2023,dimanche,Tech,,PME,BUSINESS,17,13,10,,44,"6,7",26,15,2,1,3,8.7 h,2,0,638.33,violet,eu-w3,control,,69,13086,0
CLI-001144,2024-05-14,mardi,public,France,TPE,pro,9,3,1,,1,0.3,16,3,3,25,2,14.6,3,0,81.69,violet,eu-w3,A,Compte dans la moyenne.,53,3818,0
CLI-004790,2024-08-28,mercredi,PUBLIC,Allemagne,PME,PRO,5,41,20,48.8,29,"25,9",16,6,2,0,5,13.0,3,1,926.92,clair,eu-w1,control,,10,11401,1
CLI-004136,11/08/2023,vendredi, Finance ,France,PME,PRO,18,30,12,40.0,3,"1,3",16,0,3,15,5,16.2,2,1,773.71,clair,eu-w3,control,,43,13958,0
CLI-000386,30/10/2024,mercredi,santé,Canada,GE,Enterprise,3,468,128,"27,4",1,0.1,40,1,0,30,7,"4,9",2,1,29194.97,sombre,ap-s1,control,Mécontentement exprimé au support.,41,478798,0
CLI-000028,2024-12-25,mercredi,Santé,France,GE,Enterprise,1,348,293,"84,2",54,23.6,40,20,0,1,1,3.8,4,4,33977.96,violet,eu-w1,B,,54,752272,0
CLI-000050,07/09/2023,jeudi,Commerce,France,pme,starter,17,7,4,57.1%,38,10.4,8,3,4,0,2,20.7 h,5,0,"85,43",bleu,us-e1,control,,81,4413,0
CLI-001115,05/07/2024,vendredi,Industrie,Suisse,PME,Business,7,18,5,27.8,13,"3,5",26,7,2,3,2,5.2,4,0,666.24,clair,ap-s1,B,,63,5463,0
CLI-000759,29 Jul 2024,lundi,Commerce,France,TPE,Starter,6,6,1,,7,"2,9",8,1,3,3,5,31.0,2,1,58.98,sombre,us-e1,B,,0,677,1
CLI-002465,27 Dec 2024,vendredi,Commerce,France,pme,Starter,1,56,31,55.4%,48,"16,8",8,3,,1,0,,,1,593.0,vert,eu-w3,control,,24,4863,1
CLI-002536,03 Feb 2024,samedi,COMMERCE,France,eti,Pro,12,61,15,"24,6",1,0.4,16,6,4,30,10,16.2 h,3,1,1539.45,bleu,us-e1,control,"Multiples tickets ouverts, friction élevée.",15,30296,1
CLI-004152,2023-04-07,vendredi,Commerce,France, GE ,BUSINESS,22,229,144,62.9,26,8.2,26,9,6,0,4,5.0,2,0,11426.16 €,sombre,eu-w3,A,Mécontentement exprimé au support.,74,1114965,0
CLI-002667,04/10/2023,mercredi,Santé,Belgique, TPE ,STARTER,16,4,2,"50,0",34,25.6,8,5,0,1,0,"23,6",,0,"46,68",sombre,ap-s1,A,,51,536,0
CLI-001975,06/01/2024,samedi,INDUSTRIE,Suisse,ETI,BUSINESS,13,76,25,32.9,7,0.6,26,6,3,1,0,0.5,5,0,3955.64,violet,eu-w3,B,Client très satisfait et actif.,63,51898,0
CLI-000433,2024-12-09,lundi,INDUSTRIE,France,pme,Pro,2,19,6,31.6,1,0.2,16,5,0,14,2,16.4,2,2,407.07,sombre,ap-s1,control,,31,4006,0
CLI-001820,15 Oct 2023,dimanche,,France,PME,Pro,16,16,6,37.5,5,"1,3",16,2,4,4,6,18.9,,0,435.81,violet,eu-w3,B,Mécontentement exprimé au support.,52,6790,0
CLI-004007,2023-09-13,mercredi,Industrie,Canada,TPE, Pro ,17,11,5,"45,5",5,"0,2",16,1,4,2,6,23.0,1,0,"262,3",sombre,eu-w1,control,,58,3226,0
CLI-003169,14/05/2024,mardi,COMMERCE,Espagne,ETI,Pro,9,56,37,66.1,43,25.7,16,6,7,4,1,"10,5",4,0,1194.22,sombre,us-e1,control,,63,27419,0
CLI-000014,11 Feb 2023,samedi, Finance ,France,TPE,pro,24,3,1,33.3,15,10.2,16,3,4,2,1,7.7,3,,"90,53",bleu,eu-w3,A,,63,2227,0
CLI-000874,05/01/2025,dimanche, Éducation ,France, ETI ,BUSINESS,1,88,36,40.9%,9,2.5,26,3,0,1,6,"8,5",2,5,3884.89,clair,eu-w3,B,,7,98754,1
CLI-000932,07/01/2025,mardi,COMMERCE,France,PME,Business,1,38,22,57.9%,48,"11,1",26,16,0,1,3,6.7 h,3,1,"1873,04",vert,ap-s1,A,Compte dans la moyenne.,42,13823,0
CLI-003906,2023-12-13,mercredi,Public,France,TPE,STARTER,14,7,1,"14,3",1,"0,3",8,1,3,2,0,,4,0,82.2 €,sombre,eu-w3,control,,29,674,1
CLI-003897,2023-04-09,dimanche, Santé ,Espagne,ge, Enterprise ,22,306,60,19.6%,2,1.2,40,4,8,30,5,"5,5",3,0,23805.4,violet,ap-s1,control,,66,234245,0
CLI-003165,16/01/2024,mardi, Commerce ,,PME,Business,13,56,15,26.8,3,"1,3",26,10,3,11,1,5.2,4,0,2319.03,vert,eu-w3,B,RAS.,56,38032,0
CLI-004135,04/03/2024,lundi,Finance,Allemagne,eti, Pro ,11,46,39,"84,8",77,36.4,16,9,5,0,5,11.6,4,1,1222.14,bleu,us-e1,A,Client très satisfait et actif.,58,17037,0
CLI-000593,07/06/2024,vendredi,Industrie,France,pme, Business ,8,18,7,"38,9",5,1.4,26,8,1,1,4,"6,8",2,3,837.25,clair,eu-w3,B,Mécontentement exprimé au support.,44,8239,0
CLI-004563,05/03/2023,dimanche,Tech,Allemagne, PME ,Business,23,34,16,47.1%,1,0.2,26,7,5,9,2,3.8,3,0,1788.24 €,violet,ap-s1,B,Compte dans la moyenne.,64,108510,0
CLI-004034,03/01/2024,mercredi,Finance,France, TPE , Pro ,13,7,4,57.1%,13,1.4,16,4,5,2,2,7.3,5,0,,sombre,eu-w3,A,,66,1506,0
CLI-002111,2025-01-03,vendredi,commerce,France,pme,enterprise,1,16,14,87.5,55,31.4,40,15,1,2,2,1.7,2,1,1350.11,vert,us-e1,B,Mécontentement exprimé au support.,64,32106,0
CLI-004836,2024-09-24,mardi, Finance ,France,ETI, Pro ,4,176,37,,5,0.8,16,5,1,9,1,8.3,4,,"5071,8",violet,eu-w3,A,Faible adoption des sièges.,45,108131,0
CLI-003358,08/06/2024,samedi,ÉDUCATION,Allemagne,PME,BUSINESS,8,51,16,31.4,1,0.2,26,3,2,30,3,,3,0,2323.52,bleu,us-e1,control,Suivi standard.,44,104791,0
CLI-000368,08/03/2024,vendredi,,France,PME,Starter,11,24,11,45.8,22,,8,3,0,0,0,8.9,5,0,,clair,us-e1,control,Suivi standard.,59,1365,0
CLI-000381,2023-12-02,samedi,Tech,France,PME,PRO,14,25,14,56.0,31,20.7,16,7,8,4,3,11.6,4,0,"567,83",vert,us-e1,control,,57,16762,0
CLI-003488,18 Feb 2023,samedi,santé,,PME,BUSINESS,24,29,8,"27,6",13,3.9,26,3,4,3,0,"5,1",3,0,1547.97,vert,eu-w1,control,,76,52043,0
CLI-002942,2024-07-30,mardi,tech,France,TPE, Starter ,6,4,2,50.0,17,7.8,8,1,2,1,4,23.3 h,3,2,,violet,eu-w1,B,RAS.,2,2007,1
CLI-003810,03 Apr 2024,mercredi,Finance,France,PME,Enterprise,10,48,10,20.8,1,0.2,40,13,1,3,3,"4,0",4,3,3572.09,vert,ap-s1,control,,46,35149,0
CLI-000828,16/10/2023,lundi,,France,tpe,starter,16,2,1,,14,"8,6",8,4,1,2,3,26.0,4,0,25.96,clair,us-e1,A,Compte dans la moyenne.,53,300,0
CLI-004205,2024-09-10,mardi,TECH,France,ETI,Business,5,99,16,16.2%,1,0.1,26,2,0,30,6,6.5,3,1,"4561,89",violet,eu-w1,B,,10,48630,1
CLI-004793,09/10/2023,lundi,Commerce,France,TPE,Starter,16,1,1,"100,0",60,27.0,8,5,2,0,2,24.2,4,0,12.51 €,violet,ap-s1,B,,61,300,0
CLI-003086,05 Mar 2024,mardi, Tech ,Canada, PME ,Business,11,51,29,56.9,41,"29,5",26,13,6,1,0,7.5,4,1,"2344,0",bleu,ap-s1,control,,74,23065,0
CLI-003333,14/02/2024,mercredi,SANTÉ,Canada,PME,Pro,12,43,23,53.5,3,1.9,16,4,2,30,2,12.8 h,3,,1063.29,clair,eu-w3,control,,45,10463,0
CLI-000117,2025-01-08,mercredi,Finance,Canada,TPE,Pro,1,6,5,83.3,71,35.0,16,9,0,1,1,,3,0,"123,35",vert,eu-w3,A,Suivi standard.,52,607,0
CLI-000890,07/05/2023,dimanche,tech,France,PME,Business,21,24,15,62.5%,43,15.7,26,12,4,1,0,3.6 h,3,0,1284.71,vert,eu-w3,A,,88,41085,0
CLI-003104,13/05/2024,lundi,finance,France, PME ,Business,9,44,2,4.5,1,0.1,26,1,,0,0,0.5,5,3,1712.96,bleu,eu-w3,A,,54,21069,0
CLI-000974,29/07/2024,lundi,Éducation,Allemagne,TPE,Pro,6,3,2,66.7,58,"24,8",16,8,0,3,1,11.5,4,2,87.09 €,vert,eu-w3,A,,63,1785,0
CLI-001677,08/09/2023,vendredi,Tech,France,TPE,Starter,17,10,7,70.0,50,"21,4",8,5,6,4,5,"33,5",2,0,130.67,bleu,ap-s1,control,"Client insatisfait, risque de départ.",33,1500,1
CLI-003702,15 Aug 2023,mardi,Tech,France, PME ,Business,18,37,0,0.0,0,0.0,26,0,0,69,3,8.4,3,0,1760.45,clair,eu-w1,B,,0,25984,1
CLI-003283,2023-12-16,samedi,Tech,France,ETI, Enterprise ,14,200,141,70.5,34,"18,8",40,17,4,0,2,3.4,3,0,"16218,35",bleu,us-e1,B,Suivi standard.,72,146290,0
CLI-004376,2024-01-12,vendredi,santé,France,TPE,Starter,13,11,5,45.5,8,1.3,8,3,2,8,0,"0,5",5,0,132.51 €,bleu,eu-w3,A,RAS.,36,1521,1
CLI-002292,06 Nov 2024,mercredi,Commerce,France,PME,Business,3,14,7,50.0%,26,12.8,26,8,0,1,0,0.5,4,0,514.87 €,vert,eu-w3,B,,24,8022,1
CLI-004663,12 Jul 2024,vendredi,Tech,Allemagne,TPE, Starter ,7,11,2,18.2,4,"1,7",8,2,1,2,5,36.7,3,0,"142,21",sombre,us-e1,A,,16,2682,1
CLI-003388,2023-11-04,samedi,Santé,France, TPE , Pro ,15,7,3,"42,9",19,1.0,16,6,4,0,3,15.8,4,0,177.18,sombre,ap-s1,B,Client très satisfait et actif.,54,5376,0
CLI-002560,2024-01-12,vendredi,COMMERCE,France,TPE,Pro,13,10,6,60.0,37,25.7,16,5,1,0,0,,5,0,254.06,sombre,us-e1,B,Suivi standard.,81,5000,0
CLI-001866,09/11/2023,jeudi,TECH,France,PME,Business,15,6,2,"33,3",14,1.6,26,9,4,0,1,6.6,4,0,,violet,eu-w1,B,"Compte engagé, ambassadeur potentiel.",63,10423,0
CLI-000588,11/09/2024,mercredi,finance,Allemagne,TPE,business,5,6,4,66.7%,20,10.2,26,9,3,2,6,9.3,,1,259.27,violet,ap-s1,B,Mécontentement exprimé au support.,59,2339,0
CLI-003854,15 Sep 2023,vendredi,éducation,Belgique,TPE,Starter,17,5,2,40.0,14,5.3,8,3,9,0,0,10.4,5,0,67.1 €,clair,ap-s1,A,"Compte engagé, ambassadeur potentiel.",68,6328,0
CLI-004001,2024-12-29,dimanche,Industrie,France,pme,BUSINESS,1,40,11,"27,5",9,"2,0",26,13,1,15,2,,3,2,1533.42,bleu,ap-s1,A,,47,18861,0
CLI-002876,2024-09-03,mardi,Éducation,Canada, TPE ,Starter,5,11,9,81.8%,52,"50,2",8,2,2,0,1,22.1 h,4,1,127.76,violet,us-e1,A,,67,2829,0
CLI-003266,30 Nov 2024,samedi,,France,ETI,Enterprise,2,183,57,31.1,12,5.8,40,20,0,1,2,2.7,3,0,16675.96,sombre,ap-s1,B,Suivi standard.,55,300834,0
CLI-001738,11 Feb 2023,samedi,Santé,Allemagne,GE,enterprise,24,556,207,"37,2",18,6.9,40,10,3,1,4,,3,0,45258.77,vert,eu-w1,B,Suivi standard.,65,1670049,0
CLI-004496,04/01/2025,samedi,public,France,PME, Business ,1,26,23,88.5,68,56.9,26,16,0,1,2,1.9,3,3,"1114,72",clair,ap-s1,control,,51,34735,0
CLI-001573,29 Feb 2024,jeudi,Éducation,France,TPE, Starter ,11,10,9,,114,61.1,8,4,3,1,4,27.5 h,3,1,119.98 €,vert,us-e1,control,,16,4132,1
CLI-000801,2023-12-16,samedi,Santé,France,ETI,Pro,14,90,18,20.0,4,1.8,16,6,5,0,5,17.7,1,0,1738.63,vert,eu-w1,control,,21,21385,1
CLI-002825,29 Jul 2024,lundi,Finance,Espagne,TPE,Starter,6,3,1,33.3,18,14.1,8,3,1,1,3,28.0,4,1,35.19,clair,eu-w3,B,Compte dans la moyenne.,45,375,0
CLI-002797,30 Dec 2024,lundi,Tech,France,tpe, Pro ,1,11,3,"27,3",3,"1,3",16,7,1,3,2,11.0,5,3,,violet,eu-w3,A,,34,2336,1
CLI-002497,16/11/2023,jeudi,commerce,France, GE ,Enterprise,15,497,96,19.3,1,0.3,40,1,1,25,2,6.5 h,1,0,32851.93,violet,eu-w1,A,,39,377140,0
CLI-002445,2023-03-22,mercredi,Commerce,France,PME,PRO,23,52,16,30.8,1,"0,3",16,7,6,5,2,11.3 h,2,0,1616.25,bleu,eu-w3,A,Mécontentement exprimé au support.,77,33133,0
CLI-004607,12/10/2023,jeudi,FINANCE,France, ETI ,Business,16,160,124,77.5%,58,20.9,26,14,2,0,4,7.9,3,0,8602.59,violet,us-e1,B,,59,268057,0
CLI-000331,25 Sep 2024,mercredi,TECH,,ETI,Business,4,41,24,58.5,26,3.1,26,9,0,1,1,,4,3,"1762,4",bleu,eu-w1,A,Suivi standard.,54,18787,0
CLI-004317,16/10/2023,lundi,SANTÉ,France,ETI,Pro,16,45,14,31.1%,16,,16,6,6,2,0,9.7,4,0,1055.9,bleu,ap-s1,control,"Compte engagé, ambassadeur potentiel.",84,11256,0
CLI-000197,29 Jan 2024,lundi,Éducation,France,TPE, Starter ,12,7,2,"28,6",5,0.4,8,2,2,6,0,6.8,4,1,73.19 €,sombre,eu-w1,control,,63,840,0
CLI-004490,2024-08-29,jeudi,COMMERCE,Suisse,pme,enterprise,5,21,17,81.0%,66,,40,21,3,1,6,4.9,3,1,1734.17,clair,eu-w1,control,Suivi standard.,74,15642,0
CLI-001419,04 May 2024,samedi,ÉDUCATION,France,tpe,Pro,9,8,7,87.5,74,42.8,16,9,3,1,0,9.4,4,0,245.75,vert,us-e1,A,Client très satisfait et actif.,84,11083,0
CLI-002590,09/10/2023,lundi, Commerce ,France,ETI,business,16,181,80,44.2%,5,4.2,26,12,4,7,3,7.5 h,,0,,sombre,us-e1,B,,66,91837,0
CLI-001643,2023-08-08,mardi,Commerce,Belgique, PME , Business ,18,6,5,"83,3",73,"36,6",26,13,4,2,0,0.5,5,0,278.71,sombre,us-e1,B,,82,4799,0
CLI-003275,2024-05-15,mercredi,Industrie,Allemagne,PME, Pro ,9,33,11,33.3%,1,0.1,16,8,2,30,6,"19,0",3,0,"864,13",sombre,ap-s1,control,,20,72984,1
CLI-003798,20 Jul 2023,jeudi,Santé,France,TPE,BUSINESS,19,8,2,"25,0",7,0.6,26,2,3,0,4,"7,6",2,0,318.0 €,clair,ap-s1,A,Mécontentement exprimé au support.,62,8084,0
CLI-001736,2024-07-03,mercredi,,Allemagne,GE, Pro ,7,167,92,55.1,34,24.0,16,3,1,1,6,14.4,3,0,"4328,68",vert,ap-s1,A,Suivi standard.,50,31946,0
CLI-003884,19 Nov 2022,samedi,Commerce,Suisse, TPE ,STARTER,27,4,4,100.0,136,72.6,8,6,6,0,2,26.5,4,0,62.91,clair,eu-w1,B,,76,6190,0
CLI-004447,2023-09-14,jeudi,COMMERCE,Allemagne,TPE,PRO,17,1,1,100.0,28,,16,4,3,3,2,8.8 h,5,0,25.94,bleu,eu-w3,control,Client très satisfait et actif.,63,300,0
CLI-004927,25 Nov 2024,lundi,Commerce,France,PME,Starter,2,54,0,"0,0",0,0.0,8,0,0,60,0,"24,3",5,2,555.83,violet,eu-w1,B,Déploiement interne limité.,0,3646,1
CLI-000305,06/10/2024,dimanche,COMMERCE,France,TPE,starter,4,8,5,"62,5",34,13.9,8,4,0,2,3,28.7,2,2,93.59,clair,eu-w1,control,,12,767,1
CLI-001055,2024-11-03,dimanche,ÉDUCATION,,TPE,starter,3,4,3,"75,0",69,27.8,8,4,1,1,0,9.9,5,0,,sombre,eu-w3,B,Suivi standard.,58,2625,0
CLI-004771,2024-12-26,jeudi,Tech,France,PME, Business ,1,50,23,46.0,26,4.3,26,10,0,2,3,4.6,,3,1681.63 €,vert,us-e1,A,,10,8274,1
CLI-003441,10/03/2024,dimanche, Éducation ,Allemagne,TPE,Pro,11,2,2,"100,0",56,"35,2",16,9,1,4,1,"12,3",3,3,51.89,bleu,eu-w1,A,,52,1064,0
CLI-003525,23/12/2024,lundi,Commerce,France,ETI,pro,1,124,65,52.4,29,,16,6,0,0,2,10.7,3,1,2944.33 €,bleu,us-e1,A,,47,53116,0
CLI-002817,15 Jan 2024,lundi,Tech,Canada,TPE,PRO,13,4,1,25.0,7,"3,2",16,7,3,2,1,10.7,4,2,114.34,sombre,eu-w1,B,"Compte engagé, ambassadeur potentiel.",55,1688,0
CLI-004252,09/11/2023,jeudi, Éducation ,Belgique,TPE,STARTER,15,11,2,18.2,1,0.1,8,2,3,27,2,27.4,3,0,117.78,bleu,us-e1,A,,32,1642,0
CLI-003099,26 Oct 2024,samedi,commerce,Suisse,TPE,Pro,3,11,6,54.5,38,"24,8",16,9,0,1,0,12.5,3,0,245.96,bleu,ap-s1,control,,12,3832,1
CLI-004212,08/01/2025,mercredi,,France, PME ,Pro,1,44,14,31.8,6,2.5,16,6,0,5,6,,2,1,1027.56,clair,us-e1,control,,13,4213,1
CLI-002774,06 Apr 2024,samedi,public,France,TPE,Starter,10,1,1,100.0,43,23.8,8,4,1,4,0,"15,0",4,0,11.59,clair,eu-w1,control,Suivi standard.,69,300,0
CLI-002256,04/09/2023,lundi,Tech,France,TPE,STARTER,17,10,8,80.0,56,,8,4,4,0,1,18.3,3,0,"128,13",sombre,ap-s1,control,,60,7880,0
CLI-001082,2024-05-14,mardi,finance,Suisse,ge,Business,9,415,150,"36,1",6,1.7,26,6,0,2,6,,2,,18557.87,bleu,eu-w3,B,,15,426089,1
CLI-003154,07 Jan 2025,mardi, Finance ,Allemagne,TPE,Starter,1,5,0,0.0,0,"0,0",8,0,0,30,4,50.6,2,3,40.82 €,bleu,eu-w1,A,,0,368,1
CLI-004155,13 Jan 2024,samedi, Tech ,France,GE, Enterprise ,13,479,310,"64,7",61,28.6,40,23,2,1,1,,4,0,47140.98,bleu,eu-w3,B,Compte dans la moyenne.,80,1159668,0
CLI-000457,02/09/2024,lundi,industrie,France,PME,Business,5,9,4,44.4%,11,6.4,26,9,3,2,0,3.9,3,2,319.18,sombre,eu-w3,A,Compte dans la moyenne.,58,2617,0
CLI-000915,11/09/2024,mercredi,Finance,France,PME,Business,5,58,15,,1,0.2,26,1,0,30,3,7.4,3,3,1844.54,violet,eu-w3,control,Compte dans la moyenne.,22,34788,1
CLI-001923,28 Nov 2024,jeudi,Finance,France,PME, Business ,2,35,11,31.4,1,0.2,26,5,1,3,3,5.4,1,2,1227.45,vert,eu-w3,control,,36,34221,0
CLI-001580,16/11/2023,jeudi,commerce,Belgique,PME,pro,15,22,9,40.9,14,"8,0",16,3,1,1,2,16.3,3,0,460.82,sombre,eu-w3,B,,55,9825,0
CLI-000024,2023-11-09,jeudi,Tech,Canada,ETI,Pro,15,130,94,72.3%,32,23.4,16,4,5,1,2,14.0 h,4,0,2647.81,clair,eu-w1,control,,73,21712,0
CLI-004479,25/09/2024,mercredi,Industrie,Espagne,ETI, Enterprise ,4,82,41,50.0,14,4.6,40,5,2,4,0,4.2,5,0,4519.85,vert,us-e1,A,RAS.,66,22238,0
CLI-001394,07/10/2023,samedi,Public,Suisse,TPE,STARTER,16,5,4,80.0,48,"23,6",8,5,3,1,5,36.0,3,0,74.04,clair,ap-s1,A,,59,4493,0
CLI-004015,04/08/2024,dimanche,ÉDUCATION,France,TPE,PRO,6,4,2,50.0,42,,16,6,1,2,4,13.4,3,0,"97,76",violet,eu-w1,B,RAS.,54,5772,0
CLI-004510,01/08/2023,mardi,Commerce,France,GE,Business,18,502,137,27.3,5,"2,3",26,9,2,12,6,9.0,,0,22300.21,clair,eu-w3,A,"Client insatisfait, risque de départ.",47,365723,0
CLI-000404,2025-01-04,samedi,commerce,France, PME , Starter ,1,52,15,28.8,3,1.2,8,0,0,0,6,27.0,4,2,"517,81",vert,us-e1,control,,11,5944,1
CLI-004748,2023-10-05,jeudi,commerce,France,PME,starter,16,57,13,"22,8",7,2.9,8,2,5,3,4,23.5 h,2,0,"619,86",violet,us-e1,A,,50,53370,0
CLI-003861,27 Dec 2024,vendredi,TECH,France,PME, Business ,1,57,42,"73,7",67,26.4,26,13,0,1,4,,4,1,2218.39,bleu,eu-w1,A,,43,29105,0
CLI-003627,2024-06-08,samedi, Commerce ,Allemagne,PME,Pro,8,31,24,77.4%,37,"21,1",16,10,3,0,1,10.4 h,,2,893.26 €,sombre,eu-w1,B,,31,19044,1
CLI-000359,18/10/2023,mercredi,Finance,Belgique, TPE ,starter,16,6,1,16.7,1,"0,1",8,1,6,6,6,37.2,1,0,67.23,bleu,us-e1,A,,50,827,0
CLI-002862,2025-01-09,jeudi, Tech ,France,PME, Pro ,1,22,3,13.6,1,"0,1",16,0,0,19,0,2.5,4,,456.87,clair,eu-w3,A,,47,4870,0
CLI-004041,06/08/2024,mardi,Finance,France,PME,Business,6,45,26,57.8%,40,"12,4",26,13,2,1,0,,3,2,2260.36,vert,ap-s1,A,,46,38923,0
CLI-000042,28 Feb 2024,mercredi, Tech ,France,ETI,pro,11,37,34,91.9,116,"67,6",16,12,4,2,3,20.1,2,1,"940,21",vert,eu-w1,control,Mécontentement exprimé au support.,65,46258,0
CLI-003828,10/03/2023,vendredi,Public,France,PME,Starter,23,27,8,29.6,7,0.8,8,1,3,8,5,28.9 h,4,0,262.83,clair,ap-s1,control,,59,6897,0
CLI-003278,2024-04-12,vendredi,COMMERCE,Canada,eti,enterprise,10,191,108,"56,5",30,5.7,40,12,0,0,1,2.1,,0,16189.26,sombre,ap-s1,A,,68,358430,0
CLI-003697,2024-02-15,jeudi,finance,Allemagne,PME,BUSINESS,12,50,22,"44,0",18,"9,5",26,12,3,1,0,3.9,5,1,2368.09,clair,eu-w3,A,Client très satisfait et actif.,71,97092,0
CLI-003245,2025-01-08,mercredi,,Suisse,TPE, Pro ,1,7,2,28.6,1,0.1,16,6,0,17,2,10.8,3,0,163.67,sombre,eu-w1,control,RAS.,43,2818,0
CLI-002228,2024-06-04,mardi,Éducation,France,PME,STARTER,8,43,14,"32,6",4,1.0,8,1,3,5,1,25.7,3,0,440.91,violet,us-e1,B,,27,5062,1
CLI-000836,09 Jul 2024,mardi,finance,Suisse,TPE,STARTER,7,2,1,50.0,7,3.4,8,2,1,4,1,13.0,4,0,24.2,sombre,eu-w1,A,,44,734,0
CLI-002305,10/10/2024,jeudi,Finance,France,GE,Enterprise,4,679,265,,15,4.3,40,9,2,9,5,"0,5",4,2,"55495,68",sombre,eu-w3,control,RAS.,38,773610,0
CLI-001033,14 Sep 2023,jeudi,,Suisse,PME,PRO,17,38,16,42.1%,1,0.2,16,4,6,30,1,10.8 h,2,0,"1063,63",violet,eu-w1,control,,50,39248,0
CLI-000659,13/03/2023,lundi,public,France,PME,Pro,23,55,11,20.0,1,0.3,16,4,4,8,1,8.3,3,0,1095.26 €,violet,ap-s1,control,,63,20657,0
CLI-001037,2024-01-30,mardi,Commerce,France,TPE,starter,12,9,3,33.3,1,0.2,8,0,3,22,2,18.7,3,0,80.84,clair,ap-s1,B,,17,1259,1
CLI-004924,2024-09-09,lundi,Finance,France,PME,Enterprise,5,46,39,84.8,34,,40,22,0,1,1,4.4 h,4,1,4116.48,sombre,eu-w3,control,RAS.,50,158649,0
CLI-000949,10 May 2023,mercredi,FINANCE,France,tpe,Starter,21,6,2,33.3,3,,8,2,7,8,4,31.4,,0,"82,32",violet,ap-s1,A,Compte dans la moyenne.,61,2835,0
CLI-000596,10 Feb 2024,samedi,ÉDUCATION,Espagne,ETI,BUSINESS,12,197,162,82.2,65,7.5,26,10,4,4,8,"12,5",2,1,10538.61,vert,eu-w3,B,,36,172833,1
CLI-003047,28 Sep 2024,samedi, Finance ,,PME, Pro ,4,38,16,42.1,10,4.3,16,6,1,1,11,23.0,3,1,1014.74,bleu,eu-w1,B,"Multiples tickets ouverts, friction élevée.",26,14978,0
CLI-003465,27/06/2024,jeudi, Commerce ,France,PME,Enterprise,7,28,0,0.0%,0,"0,0",40,0,0,63,6,"6,6",1,2,"1881,95",sombre,eu-w3,A,"Compte peu actif, relance nécessaire.",0,60185,1
CLI-000575,2024-09-07,samedi,TECH,Belgique,TPE, Pro ,5,6,3,50.0,20,"4,2",16,5,1,4,2,11.4,3,2,132.43,violet,eu-w1,A,,11,1195,1
CLI-001747,2023-12-10,dimanche,Industrie,Suisse,pme,Pro,14,31,8,25.8%,1,0.1,16,3,4,10,6,12.2,3,0,"653,25",vert,us-e1,A,RAS.,63,6964,0
CLI-000201,2024-12-10,mardi,finance,Canada,pme,Pro,2,31,22,71.0%,33,29.4,16,7,0,0,3,17.0 h,3,0,,sombre,ap-s1,control,RAS.,51,2524,0
CLI-004591,2024-04-28,dimanche, Commerce ,Belgique,pme,PRO,9,52,43,"82,7",39,"22,5",16,9,2,1,2,9.7 h,3,1,"1351,04",sombre,eu-w1,control,Compte dans la moyenne.,70,26588,0
CLI-000948,11/01/2023,mercredi,SANTÉ,Belgique,eti,Business,25,99,30,"30,3",1,0.1,26,1,10,30,4,8.8,1,1,5380.92,bleu,us-e1,control,Mécontentement exprimé au support.,50,260329,0
CLI-000707,11 Jul 2023,mardi,Tech,France,tpe,Starter,19,10,3,"30,0",2,0.1,8,1,7,21,2,15.5 h,3,0,98.64,vert,us-e1,control,Compte dans la moyenne.,63,2669,0
CLI-001702,2024-05-09,jeudi,Finance,Espagne,GE, Enterprise ,9,319,110,34.5,11,3.8,40,13,1,1,10,4.7,1,0,26483.33 €,sombre,us-e1,control,,14,586341,1
CLI-001189,2024-06-10,lundi,PUBLIC,Suisse,PME,PRO,8,34,19,55.9%,25,3.6,16,4,4,2,3,"7,4",3,0,801.84 €,vert,eu-w1,B,,57,8548,0
CLI-001276,29 Dec 2024,dimanche,industrie,Espagne,pme,Business,1,12,5,41.7,22,6.5,26,8,0,1,4,7.9,3,4,442.02,bleu,ap-s1,control,RAS.,30,8699,0
CLI-002514,24/09/2024,mardi,PUBLIC,France,TPE, Pro ,4,2,2,"100,0",69,21.3,16,4,0,0,5,16.0,,3,"54,7",sombre,us-e1,B,Suivi standard.,38,359,0
CLI-001258,08 Jan 2025,mercredi,Industrie,France,PME, Pro ,1,36,14,38.9,7,2.1,16,5,1,6,0,,5,2,778.22 €,clair,us-e1,control,,56,22973,0
CLI-004739,14/02/2024,mercredi,Commerce,Espagne,ETI,Enterprise,12,134,86,64.2%,48,"27,3",40,22,1,0,4,3.5,4,1,"12916,76",violet,ap-s1,B,Compte dans la moyenne.,74,222427,0
CLI-004133,19/03/2023,dimanche,,Espagne,PME,Pro,23,48,19,39.6,22,20.0,16,8,3,2,6,11.9,3,,1178.71,clair,eu-w1,A,Compte dans la moyenne.,65,13532,0
CLI-003264,10/11/2023,vendredi, Éducation ,Canada, PME ,pro,15,20,14,70.0%,30,13.9,16,6,2,2,0,,4,0,,clair,eu-w1,B,Suivi standard.,61,5647,0
CLI-003905,09 Jan 2025,jeudi,tech,France,TPE,Starter,1,4,1,25.0,11,6.3,8,4,1,2,3,"30,4",3,,42.73 €,sombre,eu-w3,B,,14,385,1
CLI-003908,01/11/2023,mercredi,Commerce,Allemagne,pme,Enterprise,15,57,28,"49,1",38,24.4,40,14,4,2,1,1.0,3,0,4103.83,violet,eu-w1,control,,71,40382,0
CLI-000487,03/01/2025,vendredi,Commerce,Suisse,ETI,Enterprise,1,168,61,"36,3",1,0.2,40,11,0,21,3,1.3 h,3,3,12831.1,clair,us-e1,control,,39,126258,0
CLI-004711,30 Oct 2024,mercredi,COMMERCE,France, PME ,Pro,3,13,12,92.3,84,84.1,16,9,0,0,4,"16,6",2,0,381.27,violet,ap-s1,B,Mécontentement exprimé au support.,51,2188,0
CLI-003813,10 Jan 2025,vendredi,industrie,Allemagne,ETI,Enterprise,1,111,43,38.7,3,0.9,40,10,0,10,4,4.2 h,4,1,8063.95 €,bleu,eu-w1,control,,45,158699,0
CLI-002589,2024-04-13,samedi,Tech,Canada,PME,Business,10,58,45,"77,6",51,33.7,26,9,2,2,5,9.2,4,1,2944.13,violet,eu-w1,B,RAS.,50,43455,0
CLI-002230,11 May 2024,samedi,INDUSTRIE,France,ge,enterprise,9,161,110,68.3,20,14.5,40,24,4,1,0,1.2,5,0,13859.61,vert,us-e1,control,"Compte engagé, ambassadeur potentiel.",72,204568,0
CLI-000761,2023-07-20,jeudi,Industrie,Espagne,TPE,Starter,19,2,1,50.0,1,"0,7",8,1,2,30,0,"10,7",4,0,23.0,violet,eu-w1,control,,49,792,0
CLI-001456,12/01/2024,vendredi,Public,Espagne,pme,PRO,13,29,13,44.8,3,"1,1",16,4,1,1,2,15.6,4,0,691.8,violet,us-e1,A,RAS.,63,16451,0
CLI-002422,05 Sep 2024,jeudi,commerce,France, PME ,Pro,5,39,20,"51,3",15,"6,5",16,6,1,2,2,9.5,4,1,949.31,bleu,eu-w3,control,RAS.,61,3114,0
CLI-002582,2023-06-11,dimanche, Commerce ,France,TPE,starter,20,1,1,"100,0",16,,8,2,2,3,2,28.6,4,0,"12,82",bleu,us-e1,control,RAS.,71,357,0
CLI-003028,02 Oct 2023,lundi,COMMERCE,Espagne,pme,Starter,16,14,7,50.0,20,4.4,8,4,1,2,3,"21,7",3,0,,bleu,ap-s1,A,,61,1784,0
CLI-000395,05 May 2023,vendredi,INDUSTRIE,Espagne,PME,pro,21,45,35,77.8,15,"7,4",16,2,3,1,0,15.6,2,0,1241.79,clair,ap-s1,control,"Client insatisfait, risque de départ.",72,20365,0
CLI-000269,06/06/2024,jeudi,Santé,France,PME,Pro,8,45,14,31.1%,4,1.4,16,4,3,2,3,8.6,4,0,"1202,6",clair,eu-w1,A,,62,17750,0
CLI-003097,2022-06-08,mercredi,Santé,France,TPE,Pro,32,10,1,"10,0",1,"0,4",16,7,11,7,4,12.3,4,0,293.92,bleu,ap-s1,A,Faible adoption des sièges.,75,15666,0
CLI-003642,2023-07-04,mardi,Public,Allemagne,PME, Business ,19,15,9,60.0,32,4.7,26,9,3,0,0,2.3,3,0,548.15,clair,us-e1,control,,71,1798,0
CLI-000995,08/09/2024,dimanche,Public,Suisse,PME, Business ,5,43,26,"60,5",23,21.1,26,11,0,0,3,3.8,5,0,"1607,92",vert,us-e1,A,,67,44829,0
CLI-004913,18/07/2023,mardi,Santé,Canada,tpe,Business,19,1,1,100.0%,25,15.8,26,10,2,1,2,3.2,5,0,47.3 €,violet,us-e1,control,,68,543,0
CLI-000318,07/09/2023,jeudi,finance,Espagne,TPE,BUSINESS,17,2,1,50.0%,39,17.3,26,14,2,0,3,12.7,4,0,"114,91",sombre,us-e1,B,RAS.,77,3109,0
CLI-004505,2024-11-08,vendredi,Éducation,France,PME,Pro,3,32,24,"75,0",18,9.6,16,9,2,1,2,11.6,5,2,852.6 €,bleu,eu-w3,A,RAS.,51,17478,0
CLI-003128,06/01/2025,lundi, Finance ,France,PME,STARTER,1,53,33,62.3%,27,18.6,8,3,0,0,1,,3,1,"685,53",clair,eu-w3,control,Compte dans la moyenne.,13,10118,1
CLI-003891,2022-08-22,lundi,,France,TPE, Starter ,30,1,1,100.0%,47,"26,6",8,3,8,0,1,"25,2",3,0,13.66,violet,eu-w3,B,,76,300,0
CLI-003796,03 Sep 2023,dimanche,Industrie,France, TPE ,Pro,17,4,1,25.0%,2,,16,2,3,6,1,8.1,,0,84.35,bleu,eu-w1,A,,79,553,0
CLI-002513,08/12/2024,dimanche,,Canada,PME,starter,2,52,10,"19,2",1,0.1,8,1,0,14,1,"29,3",2,1,551.62 €,clair,eu-w3,A,,10,4071,1
CLI-003061,14/12/2023,jeudi,Public,France,TPE,Business,14,2,1,,11,"3,9",26,6,1,7,0,0.5,5,0,"76,61",sombre,eu-w3,A,,62,1131,0
CLI-003316,13 Jan 2024,samedi,Finance,France,PME,starter,13,33,8,24.2,3,0.2,8,2,0,8,6,"35,6",3,1,414.5 €,bleu,ap-s1,A,Faible adoption des sièges.,6,5438,1
CLI-000052,07 Nov 2024,jeudi,Public,France,PME,Business,3,8,7,"87,5",106,95.1,26,16,0,1,0,6.6,4,,291.88,vert,ap-s1,B,,33,2872,1
CLI-004554,09 Jun 2023,vendredi,COMMERCE,France, PME ,Business,20,51,27,52.9%,25,4.0,26,10,5,1,2,"3,2",4,0,2307.47,vert,us-e1,control,,70,24598,0
CLI-001344,26 Dec 2024,jeudi,FINANCE,,TPE,Pro,1,2,1,50.0,10,3.0,16,5,0,2,1,"13,4",4,4,53.1 €,bleu,us-e1,control,Compte dans la moyenne.,8,740,1
CLI-001490,30/09/2023,samedi,Santé,Canada,PME,starter,16,16,1,6.2,1,0.1,8,2,3,11,0,12.7,5,0,199.09,violet,us-e1,A,,57,2449,0
CLI-001065,05 Nov 2024,mardi,Tech,Belgique,TPE,business,3,11,5,45.5,1,0.4,26,12,0,30,2,,4,2,440.24 €,vert,ap-s1,control,Suivi standard.,10,1444,1
CLI-004558,10 Feb 2024,samedi,FINANCE,Espagne,ETI, Enterprise ,12,219,139,63.5%,27,"21,2",40,19,2,0,0,3.7,4,0,"16934,72",violet,eu-w3,B,RAS.,72,319389,0
CLI-003276,2023-08-01,mardi,Commerce,Allemagne,ETI, Enterprise ,18,150,65,43.3,22,"10,2",40,17,5,0,1,"4,8",4,0,12413.74,bleu,ap-s1,control,Client très satisfait et actif.,76,285019,0
CLI-004172,2023-11-09,jeudi,Finance,Canada, ETI ,Business,15,183,64,35.0,12,"2,0",26,7,4,1,4,"8,1",3,0,7978.13 €,violet,eu-w1,control,RAS.,64,300935,0
CLI-004036,11 Nov 2024,lundi,commerce,Canada, PME ,BUSINESS,3,54,51,94.4%,97,67.4,26,19,1,1,0,3.1,4,2,2702.05 €,vert,us-e1,control,,65,22157,0
CLI-000444,29 Jan 2024,lundi,Commerce,Canada,TPE, Starter ,12,7,3,42.9,10,"3,0",8,3,1,3,2,30.2,2,,70.79,vert,us-e1,B,,47,1741,0
CLI-002283,2024-02-04,dimanche,,Belgique,GE,enterprise,12,130,67,51.5%,31,,40,16,2,1,1,2.1,,0,"9737,65",violet,eu-w3,control,,72,191637,0
CLI-001600,12 Sep 2024,jeudi,éducation,,TPE,Pro,5,5,3,"60,0",18,7.6,16,1,1,1,4,15.6,1,3,120.45,violet,ap-s1,control,,16,1284,1
CLI-003026,09/08/2024,vendredi,Éducation,Canada,TPE,Business,6,7,3,42.9,15,6.0,26,12,3,0,4,7.9,3,0,291.31 €,bleu,ap-s1,control,Compte dans la moyenne.,58,5733,0
CLI-004602,2024-09-01,dimanche,Finance,Suisse,PME,PRO,5,17,5,29.4,1,0.4,16,0,1,13,4,8.9,,0,401.5,sombre,ap-s1,control,Suivi standard.,46,3951,0
CLI-001615,11/08/2022,jeudi,Finance,Canada, PME , Business ,30,47,15,31.9,7,4.6,26,7,8,1,9,9.0,3,0,"2173,63",bleu,eu-w1,control,,62,60601,0
CLI-000194,2024-02-07,mercredi,Industrie,Belgique, TPE ,pro,12,11,5,45.5,15,9.7,16,4,4,1,0,6.4,5,0,282.33,violet,eu-w3,control,,56,3473,0
CLI-002753,2024-08-12,lundi,Éducation,Suisse,TPE,Starter,6,10,4,40.0,9,1.5,8,2,2,2,7,42.2,2,1,"125,15",clair,ap-s1,control,,9,1642,1
CLI-004507,2024-01-13,samedi,Tech,Allemagne,PME,PRO,13,25,15,60.0,26,9.7,16,5,4,0,0,7.8 h,5,0,717.46,vert,us-e1,B,,77,7060,0
CLI-004531,09/11/2024,samedi, Public ,Belgique, ETI ,Enterprise,3,168,104,61.9,22,"11,0",40,19,0,0,0,2.2 h,5,1,12790.07,vert,ap-s1,control,Suivi standard.,55,157318,0
CLI-003425,28/05/2024,mardi,Industrie,France,TPE,Starter,8,1,1,"100,0",2,"0,3",8,1,0,4,0,16.5,4,1,10.02,bleu,eu-w1,control,,61,320,0
CLI-003336,2024-05-28,mardi,commerce,Belgique, TPE ,Starter,8,7,4,57.1%,29,15.7,8,2,,4,9,31.9,4,1,89.28,vert,us-e1,control,,0,1537,1
CLI-003221,2024-10-31,jeudi,Commerce,France,TPE,Pro,3,4,1,"25,0",2,"1,2",16,3,1,14,4,11.8 h,2,0,90.82,sombre,eu-w1,control,,6,1043,1
CLI-001151,12/08/2024,lundi,Finance,Canada, GE , Enterprise ,6,743,354,,26,"13,1",40,20,2,0,2,,4,0,58679.76,violet,ap-s1,control,,75,1202935,0
CLI-001340,2025-01-08,mercredi,santé,France, ETI ,Business,1,80,11,"13,8",1,0.1,26,2,,30,5,"10,6",2,4,2883.33,bleu,ap-s1,B,,33,40194,0
CLI-002451,30 Jan 2024,mardi,Industrie,France,TPE,STARTER,12,7,6,85.7,65,"36,4",8,6,4,0,0,"20,6",3,0,85.99,bleu,eu-w1,control,,59,4442,0
CLI-001953,23 Dec 2024,lundi, Industrie ,France,TPE,STARTER,1,4,2,"50,0",18,4.4,8,2,0,0,2,34.7,3,0,49.66,bleu,eu-w3,B,,12,1140,1
CLI-000374,2024-04-09,mardi,commerce,,PME,Enterprise,10,9,5,55.6%,42,33.3,40,29,3,1,8,3.1,2,0,612.39,clair,eu-w3,A,"Client insatisfait, risque de départ.",78,8537,0
CLI-004334,2024-07-04,jeudi,Santé,Espagne,TPE,Pro,7,6,3,,17,,16,4,1,1,4,20.4,2,,149.99,clair,ap-s1,control,Mécontentement exprimé au support.,9,1230,1
CLI-001145,12 Dec 2023,mardi,industrie,France,ETI,Pro,14,149,36,24.2,2,"0,1",16,3,4,5,12,18.9 h,2,0,3136.15,clair,eu-w3,A,Mécontentement exprimé au support.,14,66863,1
CLI-003152,28/01/2024,dimanche,FINANCE,France,PME,pro,12,42,30,"71,4",47,27.5,16,9,3,0,5,"15,6",3,1,1145.41,sombre,us-e1,B,,59,46962,0
CLI-000533,2024-10-05,samedi,Finance,Belgique,GE, Pro ,4,747,516,69.1,38,18.5,16,7,0,2,0,"5,9",5,0,"19721,35",bleu,eu-w1,control,,59,291087,0
CLI-001980,31 Aug 2023,jeudi,Industrie,Canada,PME,business,17,29,12,"41,4",6,2.6,26,18,2,5,0,4.6 h,5,0,"1286,28",vert,eu-w3,B,,70,11602,0
CLI-001942,15 Sep 2023,vendredi,Industrie,Belgique, PME ,Business,17,32,0,0.0,0,"0,0",26,0,0,38,0,4.2,4,0,1587.94,sombre,eu-w3,B,Déploiement interne limité.,19,18230,1
CLI-002834,07/12/2023,jeudi,Santé,France,PME,Pro,14,49,19,38.8%,16,3.6,16,6,4,6,8,19.1,1,0,1485.17,clair,eu-w3,B,Mécontentement exprimé au support.,4,64545,1
CLI-001722,03 Feb 2024,samedi, Commerce ,Belgique,PME,pro,12,24,15,62.5,16,8.3,16,6,2,1,5,20.5 h,2,1,638.09,clair,us-e1,control,,29,40812,1
CLI-001186,02/08/2024,vendredi,commerce,France,PME,Pro,6,57,22,38.6,4,"2,0",16,4,0,1,2,8.5,5,0,1279.7,clair,us-e1,B,,53,22036,0
CLI-003426,06 Oct 2023,vendredi,Finance,Allemagne,TPE,PRO,16,2,1,50.0%,1,0.1,16,4,3,5,2,"10,9",5,0,52.69,clair,us-e1,B,Client très satisfait et actif.,72,907,0
CLI-003622,01 Mar 2024,vendredi,INDUSTRIE,Belgique,TPE, Starter ,11,6,3,50.0%,8,2.8,8,3,1,4,3,27.1,2,1,76.45,violet,us-e1,B,,9,5015,1
CLI-003618,2024-12-28,samedi, Éducation ,Allemagne,PME,Business,1,11,9,81.8,52,"18,9",26,13,0,5,8,5.5,3,3,469.77,sombre,eu-w1,A,Support très sollicité récemment.,6,5393,1
CLI-004559,2023-09-04,lundi,Finance,France,pme,PRO,17,53,18,34.0%,1,,16,4,3,10,0,10.2,3,0,1192.93,violet,us-e1,control,RAS.,57,14673,0
CLI-004315,2022-12-14,mercredi,PUBLIC,France,PME,Starter,26,48,27,56.2,25,1.5,8,3,9,0,4,38.8,2,0,589.71,bleu,eu-w3,control,Mécontentement exprimé au support.,66,51741,0
CLI-000919,2023-02-06,lundi,Éducation,Suisse,PME,STARTER,24,59,16,27.1,1,0.3,8,4,4,22,3,19.1,5,0,722.92,sombre,us-e1,A,Suivi standard.,65,42088,0
CLI-001950,23/10/2022,dimanche,Commerce,Belgique, TPE ,Pro,28,10,7,70.0%,26,"17,6",16,6,1,4,1,15.0,4,,"282,42",clair,ap-s1,B,,61,5558,0
CLI-003200,08/06/2023,jeudi,Finance,Suisse, TPE ,Starter,20,3,1,33.3,11,4.9,8,3,3,2,0,23.3,,0,31.29,clair,eu-w1,control,,56,1796,0
CLI-002385,24 Oct 2024,jeudi, Tech ,Suisse,pme,Business,3,41,35,85.4,69,25.7,26,17,0,2,1,,4,,2114.79 €,violet,ap-s1,A,Compte dans la moyenne.,42,22544,0
CLI-000656,2024-11-29,vendredi,ÉDUCATION,France,pme,Business,2,48,0,0.0,0,"0,0",26,0,0,60,2,6.1,4,3,2552.77,vert,eu-w3,control,Faible adoption des sièges.,0,64891,1
CLI-002005,2023-10-06,vendredi,TECH,France,PME,Starter,16,37,9,"24,3",1,0.1,8,1,2,5,0,7.5,5,0,473.38,sombre,eu-w1,B,Faible adoption des sièges.,48,10869,0
CLI-004674,2025-01-06,lundi, Tech ,Canada,ge,Business,1,366,174,"47,5",26,13.6,26,9,0,2,0,6.1,2,2,14724.81 €,violet,ap-s1,control,Mécontentement exprimé au support.,10,253561,1
CLI-003351,31 Aug 2023,jeudi, Éducation ,France,tpe,Starter,17,7,2,28.6,1,"0,1",8,1,5,22,7,31.4,1,0,79.32,bleu,ap-s1,control,,13,1951,1
CLI-003789,29 Sep 2024,dimanche,Industrie,France,tpe, Business ,4,1,1,"100,0",45,18.0,26,12,,1,2,2.3 h,4,0,40.26,sombre,us-e1,control,,65,627,0
CLI-001605,18/04/2023,mardi, Finance ,Espagne,TPE,Pro,22,11,9,,79,"57,7",16,10,4,1,4,14.0,4,0,303.54,sombre,us-e1,A,,70,7218,0
CLI-004864,18/11/2022,vendredi,tech,France,ETI,BUSINESS,27,54,29,53.7,21,18.3,26,6,16,0,2,,2,0,2949.51,bleu,eu-w3,control,,86,149953,0
CLI-000774,27 Jun 2024,jeudi,Éducation,France,PME,ENTERPRISE,7,32,22,68.8,27,"6,3",40,22,2,1,0,1.6 h,4,2,"2435,44",sombre,ap-s1,B,,62,43935,0
CLI-003736,2024-04-11,jeudi,Finance,Belgique,TPE,Pro,10,1,1,100.0,3,1.1,16,4,2,1,7,15.5,3,0,"22,81",violet,us-e1,A,,20,355,1
CLI-001735,31/03/2024,dimanche,Industrie,Allemagne,PME,Pro,10,43,28,"65,1",45,24.7,16,7,0,0,0,11.0,5,0,1117.55,vert,us-e1,A,,61,7331,0
CLI-002773,2024-03-28,jeudi,FINANCE,France,ETI, Pro ,10,84,59,"70,2",45,9.6,16,7,4,2,1,12.2,5,1,2086.0,sombre,us-e1,A,"Compte engagé, ambassadeur potentiel.",71,75263,0
CLI-001142,28/04/2024,dimanche,Tech,Allemagne,PME,Enterprise,9,25,18,"72,0",25,11.8,40,19,1,3,4,4.3,4,0,1887.46,sombre,ap-s1,control,,60,26311,0
CLI-003519,2024-01-05,vendredi,Industrie,Belgique,ETI, Pro ,13,109,69,63.3,40,26.0,16,7,1,0,6,"11,9",4,0,2291.56,clair,eu-w1,B,,59,7516,0
CLI-000980,2024-09-10,mardi,Tech,Espagne,ETI,business,5,80,48,"60,0",25,10.0,26,6,0,2,1,"7,7",5,1,3014.95,violet,us-e1,control,Suivi standard.,48,19778,0
CLI-003752,05 Jan 2024,vendredi,santé,Espagne,PME,pro,13,20,4,"20,0",6,"1,1",16,4,1,2,5,15.1,2,1,399.21,violet,eu-w1,control,"Client insatisfait, risque de départ.",30,2619,1
CLI-003250,07/12/2023,jeudi,Commerce,Suisse,ETI,PRO,14,147,92,"62,6",47,28.4,16,7,1,1,0,4.4 h,5,0,4074.48,bleu,ap-s1,A,RAS.,79,53457,0
CLI-003073,15 May 2023,lundi,Public,Allemagne,PME, Pro ,21,6,4,66.7%,36,"15,3",16,11,5,1,2,16.4,2,0,141.09,bleu,eu-w1,control,,61,3818,0
CLI-004671,07/04/2024,dimanche,Tech,Allemagne,TPE,pro,10,1,1,"100,0",48,11.5,16,9,2,2,1,11.6,4,0,26.61,vert,eu-w3,B,,67,895,0
CLI-004292,16 Nov 2023,jeudi,ÉDUCATION,Canada,PME,Business,15,50,6,12.0,1,0.1,26,6,1,30,5,4.5,3,0,2618.45,sombre,eu-w3,B,Faible adoption des sièges.,4,70855,1
CLI-003120,04 May 2023,jeudi, Industrie ,Canada,TPE,PRO,21,11,6,54.5%,38,"23,0",16,10,4,2,0,6.6,4,0,277.73,sombre,eu-w1,A,,85,4327,0
CLI-000289,2023-08-14,lundi,TECH,Suisse,ETI,Business,18,131,0,0.0%,0,0.0,26,0,0,113,6,7.7,3,0,5331.33 €,vert,eu-w3,B,,10,148637,1
CLI-001838,06 Mar 2023,lundi,Éducation,Belgique,ETI,Business,23,83,68,81.9%,49,"31,1",26,11,4,0,6,7.5,3,0,4162.98,violet,ap-s1,B,,71,334537,0
CLI-002377,2024-04-05,vendredi, Finance ,France,PME,BUSINESS,10,26,15,"57,7",1,0.1,26,5,2,19,0,4.3,3,0,1003.94 €,sombre,ap-s1,control,RAS.,62,9879,0
CLI-004302,2024-05-07,mardi,Commerce,Espagne,PME,Business,9,13,2,15.4%,1,"0,1",26,3,1,15,2,4.3,2,0,492.89,violet,us-e1,B,,36,6063,1
CLI-004427,28 Nov 2024,jeudi,Tech,France,TPE,Starter,2,3,2,66.7,21,"9,1",8,3,0,0,1,17.2,4,1,31.98 €,clair,eu-w1,control,,46,367,0
CLI-003925,13/12/2023,mercredi,éducation,France, PME ,Business,14,15,13,86.7,46,"38,4",26,14,0,1,0,"3,0",4,0,674.29,clair,us-e1,control,,55,12717,0
CLI-000089,09/07/2023,dimanche,FINANCE,Espagne,PME,Pro,19,32,26,81.2,81,53.6,16,13,4,2,6,"14,5",4,0,795.78,sombre,eu-w1,A,,63,15661,0
CLI-004673,2023-09-07,jeudi,,France,TPE,BUSINESS,17,4,3,75.0,42,22.2,26,7,4,1,0,4.8 h,4,0,163.47,violet,eu-w1,control,,73,2011,0
CLI-001252,08 Jan 2025,mercredi,TECH,Canada,PME,STARTER,1,10,4,"40,0",2,"0,5",8,0,0,11,1,"6,7",4,,114.7,clair,ap-s1,A,RAS.,14,1881,1
CLI-003971,09/03/2023,jeudi,commerce,Belgique,pme,Pro,23,46,25,54.3,36,15.1,16,7,4,0,6,16.9,3,0,"1202,66",violet,eu-w3,B,,63,47337,0
CLI-000572,2023-11-14,mardi,,France,TPE,Pro,15,3,2,66.7%,56,51.6,16,7,3,0,1,"15,6",3,0,97.98,clair,eu-w1,A,Compte dans la moyenne.,65,1527,0
CLI-000525,19 Nov 2022,samedi,Industrie,France,TPE,Starter,27,2,1,50.0%,6,3.5,8,2,,1,6,41.7 h,1,0,30.87,clair,eu-w3,A,,62,2784,0
CLI-000924,2023-09-15,vendredi,Finance,France,PME,PRO,17,59,0,0.0,0,0.0,16,0,0,82,0,7.0,4,,1521.28,violet,eu-w3,B,,0,22454,1
CLI-000263,08/01/2025,mercredi,FINANCE,France, TPE ,starter,1,3,1,33.3,7,"3,3",8,2,1,3,1,15.6,4,3,29.54 €,clair,ap-s1,B,Compte dans la moyenne.,18,300,1
CLI-000162,29/09/2024,dimanche,Industrie,France,TPE,Starter,4,3,2,66.7,23,"9,0",8,4,4,0,1,28.1,3,0,39.91,vert,ap-s1,control,,48,851,0
CLI-002100,26/06/2024,mercredi,Finance,France, TPE ,BUSINESS,7,7,4,57.1%,17,"7,2",26,6,1,1,2,2.1,3,0,"369,48",sombre,eu-w3,control,,55,13331,0
CLI-002766,08/05/2023,lundi,Industrie,Belgique, PME ,Enterprise,21,15,14,93.3%,85,83.8,40,26,6,1,0,3.6,5,0,1403.69,clair,us-e1,A,"Compte engagé, ambassadeur potentiel.",92,20718,0
CLI-001226,10/12/2023,dimanche,Santé,France,PME, Pro ,14,39,22,56.4,25,"11,6",16,9,2,2,2,15.0,4,0,936.5,vert,us-e1,control,,52,25342,0
CLI-003202,28/12/2024,samedi,Tech,France,PME,Pro,1,16,13,81.2,30,"24,3",16,10,0,2,2,,,0,"395,76",clair,ap-s1,A,Suivi standard.,52,10060,0
CLI-000023,2024-04-04,jeudi,éducation,France,ETI, Business ,10,190,85,44.7,23,17.3,26,11,1,1,0,5.2,5,2,9682.14,sombre,ap-s1,control,,59,357271,0
CLI-002813,11 Feb 2024,dimanche,Finance,France,TPE,Business,12,8,5,62.5,22,15.0,26,8,4,1,0,5.8 h,4,1,344.65,bleu,us-e1,B,,65,10457,0
CLI-003374,2024-07-02,mardi,Tech,France,TPE,Pro,7,6,2,33.3,1,0.3,16,3,1,29,0,,5,0,94.81,violet,eu-w1,A,,45,2021,0
CLI-000615,2023-10-13,vendredi,Industrie,Belgique,PME,Starter,16,40,26,"65,0",30,"9,7",8,2,3,0,8,37.6,2,0,532.77,sombre,eu-w1,control,"Client insatisfait, risque de départ.",48,26212,0
CLI-002315,13 Dec 2023,mercredi, Industrie ,France,PME,pro,14,33,29,87.9,90,66.3,16,12,4,0,2,9.7,,0,1195.86 €,sombre,us-e1,B,Client très satisfait et actif.,69,51972,0
CLI-002695,01 Jan 2024,lundi,,Belgique,TPE,Starter,13,3,2,66.7%,19,15.9,8,4,3,0,1,19.4,3,0,33.71,sombre,eu-w3,control,,42,300,1
CLI-003466,2023-01-13,vendredi,,France,TPE,Starter,25,10,1,10.0%,1,0.3,8,0,7,24,1,21.2,4,0,131.41 €,violet,ap-s1,B,Faible adoption des sièges.,74,4202,0
CLI-000387,06 Jun 2024,jeudi,ÉDUCATION,Espagne,TPE, Starter ,8,10,6,60.0,33,14.8,8,4,0,1,6,32.0,2,0,129.22,bleu,eu-w3,B,,4,2543,1
CLI-000552,05 Dec 2023,mardi,commerce,France,PME,Business,14,58,28,48.3,37,"14,7",26,5,2,0,1,5.2,4,1,2080.09,violet,us-e1,A,RAS.,71,10234,0
CLI-000883,01 Jan 2024,lundi, Finance ,Suisse,TPE,Pro,13,9,3,33.3%,4,1.8,16,3,7,2,3,17.1 h,2,0,200.82,sombre,us-e1,A,"Client insatisfait, risque de départ.",45,5105,0
CLI-001228,02/01/2025,jeudi,FINANCE,Allemagne,TPE,Pro,1,5,3,60.0,16,,16,7,0,1,5,18.9 h,3,2,123.7,bleu,us-e1,A,,35,2637,0
CLI-004972,31/01/2024,mercredi,Éducation,Canada,TPE,STARTER,12,8,6,75.0,47,40.0,8,2,3,2,0,"7,8",4,0,"126,29",violet,eu-w1,B,"Compte engagé, ambassadeur potentiel.",69,4142,0
CLI-002491,2023-08-15,mardi,Finance,France,GE,Enterprise,18,297,122,41.1%,21,9.5,40,6,5,1,0,1.3,5,0,28749.99,vert,eu-w3,control,Client très satisfait et actif.,90,1060875,0
CLI-001544,29 Apr 2024,lundi,Tech,Allemagne, TPE ,Starter,9,3,2,"66,7",1,0.7,8,4,3,30,2,22.1,3,2,30.86,bleu,eu-w3,control,RAS.,0,300,1
CLI-003098,10 Jan 2025,vendredi,Finance,France,PME,Enterprise,1,18,7,"38,9",23,8.9,40,12,0,3,4,3.5,4,1,1275.87,sombre,eu-w1,control,Suivi standard.,50,26155,0
CLI-001647,2025-01-03,vendredi,Santé,France,GE,PRO,1,217,98,45.2,29,18.7,16,5,0,0,4,20.1,2,1,"3378,97",vert,us-e1,A,,14,11083,1
CLI-001109,2024-02-12,lundi,éducation,Canada,PME,Pro,12,37,14,37.8,11,1.3,16,1,,1,6,"24,3",1,1,889.67 €,bleu,ap-s1,control,Mécontentement exprimé au support.,6,16779,1
CLI-003246,15/08/2023,mardi,Industrie,France,PME,Business,18,53,25,47.2,20,"11,3",26,6,4,3,2,"5,2",4,0,"2346,19",violet,eu-w1,B,Client très satisfait et actif.,75,180844,0
CLI-001339,05/01/2024,vendredi,SANTÉ,Canada, PME ,PRO,13,58,31,53.4,33,15.8,16,6,2,1,4,13.8,4,0,1385.59 €,vert,us-e1,control,,59,51128,0
CLI-003922,2024-07-02,mardi,Santé,Belgique, PME ,Pro,7,26,7,26.9%,1,"0,7",16,5,3,4,6,"13,7",4,0,674.19,violet,ap-s1,A,,44,6081,0
CLI-000530,08/01/2025,mercredi,Finance,Suisse,PME,PRO,1,24,14,58.3,22,1.2,16,4,0,1,1,8.2,3,2,,bleu,eu-w1,control,,2,3151,1
CLI-000130,2023-10-06,vendredi,finance,France,TPE,Pro,16,3,2,66.7,19,10.8,16,6,6,0,2,"13,4",4,0,82.37,sombre,eu-w3,A,,56,4525,0
CLI-000187,02 Aug 2023,mercredi,Commerce,Espagne,pme,Business,18,39,28,71.8,51,,26,13,7,1,2,7.3,4,0,"1857,91",violet,eu-w1,control,,78,76174,0
CLI-002822,2024-03-30,samedi, Finance ,Espagne,GE,business,10,710,556,78.3%,75,34.9,26,19,3,0,3,7.4,3,1,32603.67 €,violet,ap-s1,B,,62,454495,0
CLI-004714,28 Feb 2024,mercredi,FINANCE,Belgique,TPE,Pro,11,6,2,33.3,1,"0,8",16,7,1,3,0,9.0,3,0,174.68,bleu,eu-w3,control,,59,1432,0
CLI-004223,2023-08-11,vendredi,industrie,France,pme,Pro,18,28,21,75.0,17,"0,8",16,4,5,1,4,16.0,,0,567.21,clair,us-e1,control,,66,11628,0
CLI-002139,2024-05-13,lundi,Santé,Espagne, PME ,Pro,9,54,12,,5,1.2,16,4,1,2,7,13.3,3,1,1453.41,bleu,eu-w3,control,"Multiples tickets ouverts, friction élevée.",7,51247,1
CLI-001771,06/12/2023,mercredi,Finance,France,PME,pro,14,56,11,19.6%,1,"0,3",16,3,3,4,3,8.6,3,0,982.67,bleu,us-e1,B,,57,7252,0
CLI-003871,06 Oct 2024,dimanche,Tech,Belgique,ETI,Business,4,84,19,22.6,2,0.7,26,6,1,3,4,8.9,3,0,3250.95,clair,ap-s1,A,Déploiement interne limité.,21,45318,1
CLI-001693,09/10/2024,mercredi, Industrie ,Espagne,tpe, Starter ,4,2,2,"100,0",69,64.3,8,6,1,1,0,13.2,5,1,"24,33",sombre,eu-w3,B,,58,838,0
CLI-001802,15/05/2024,mercredi,Santé,Allemagne,PME,Pro,9,55,19,34.5%,2,,16,4,3,3,1,"9,2",2,,1283.42,clair,eu-w1,A,,53,126289,0
CLI-004989,13 Jan 2023,vendredi,,Canada,ETI, Starter ,25,30,13,43.3,20,8.5,8,4,6,1,3,17.9 h,2,0,"386,84",sombre,us-e1,B,Mécontentement exprimé au support.,61,11420,0
CLI-003641,13/10/2023,vendredi,,France,TPE,Starter,16,1,1,100.0,77,26.3,8,4,3,0,0,12.6,5,0,"11,53",clair,us-e1,B,"Compte engagé, ambassadeur potentiel.",68,300,0
CLI-002267,19 Jul 2023,mercredi,ÉDUCATION,France,ETI,Pro,19,167,24,14.4,1,0.2,16,5,5,2,6,"16,9",2,0,4662.38,vert,us-e1,control,,58,95579,0
CLI-004404,08/08/2024,jeudi,Santé,France,ETI, Enterprise ,6,173,42,24.3,1,0.3,40,1,0,30,3,0.8 h,3,0,10850.55,clair,eu-w1,A,,40,151257,0
CLI-003483,2023-11-14,mardi,finance,Espagne,PME,Starter,15,55,45,81.8%,58,"30,8",8,4,4,0,2,21.8 h,4,0,721.39,bleu,us-e1,control,,63,15380,0
CLI-001944,24 Dec 2024,mardi,COMMERCE,France,eti,Pro,1,217,157,"72,4",28,,16,5,0,1,0,"15,1",3,1,5333.66,bleu,eu-w3,A,,19,236174,1
CLI-001221,01/03/2024,vendredi,Industrie,Allemagne,PME,Pro,11,18,9,"50,0",6,1.3,16,2,5,2,1,10.1,4,1,342.3 €,bleu,eu-w3,B,"Compte engagé, ambassadeur potentiel.",66,12912,0
CLI-001811,09 Dec 2022,vendredi,,Belgique,TPE,Starter,26,7,7,100.0,99,70.8,8,6,6,0,0,"17,4",4,0,"101,98",vert,eu-w1,A,Client très satisfait et actif.,84,3596,0
CLI-001460,2025-01-02,jeudi, Industrie ,France,ETI,Business,1,175,66,37.7,7,4.4,26,7,0,3,2,7.5 h,3,4,7976.79,clair,eu-w1,B,Compte dans la moyenne.,41,104655,0
CLI-002348,05/02/2024,lundi, Éducation ,France, PME ,Business,12,48,42,87.5%,67,39.8,26,11,2,1,3,7.5,4,1,2372.74,vert,ap-s1,B,,68,83663,0
CLI-002949,28/08/2024,mercredi, Commerce ,Allemagne,TPE,starter,5,4,3,75.0,39,25.4,8,2,0,0,0,19.2,3,1,51.45,clair,eu-w1,A,RAS.,45,1223,0
CLI-001251,2023-09-09,samedi, Éducation ,France,ETI,Enterprise,17,111,7,6.3%,1,0.1,40,1,4,5,2,0.5,,0,7167.65,vert,eu-w1,B,Déploiement interne limité.,60,82285,0
CLI-001372,2024-07-08,lundi,Commerce,France,PME,Pro,7,8,8,"100,0",128,,16,9,4,0,0,"10,4",,1,"202,82",sombre,eu-w1,B,Client très satisfait et actif.,79,1330,0
CLI-000863,04 Jan 2025,samedi,Tech,France,PME, Pro ,1,18,8,,15,8.6,16,10,0,1,4,18.7,3,2,429.69,violet,us-e1,B,,42,5990,0
CLI-002790,07 Jun 2024,vendredi,Finance,France,TPE,Starter,8,1,1,100.0,15,8.0,8,1,1,1,0,"9,6",5,0,"10,72",violet,us-e1,B,RAS.,65,300,0
CLI-003805,12/02/2024,lundi,tech,Allemagne, TPE ,enterprise,12,8,3,37.5,21,17.5,40,25,5,0,6,6.6,3,0,"630,43",sombre,ap-s1,B,Compte dans la moyenne.,61,9822,0
CLI-000688,2023-09-14,jeudi, Santé ,,pme,Pro,17,7,5,71.4,49,21.9,16,5,2,2,0,6.7,5,0,222.22,violet,eu-w3,control,,83,12027,0
CLI-000034,03 Feb 2024,samedi,Public,France,TPE,starter,12,5,3,"60,0",30,10.1,8,4,1,1,4,24.0,3,0,64.18,vert,us-e1,B,,47,5158,0
CLI-002028,2025-01-07,mardi,ÉDUCATION,France,PME,pro,1,28,6,21.4,1,0.3,16,0,0,30,6,20.3,2,5,667.62,clair,eu-w3,A,,0,3832,1
CLI-004902,03 May 2023,mercredi,Industrie,Allemagne, TPE , Starter ,21,8,4,"50,0",12,"3,5",8,3,7,2,4,"33,8",3,0,"96,06",vert,us-e1,B,,65,866,0
CLI-001276,29 Dec 2024,dimanche,industrie,Espagne,pme,Business,1,12,5,41.7,22,6.5,26,8,0,1,4,7.9,3,4,442.02,bleu,ap-s1,control,RAS.,30,8699,0
CLI-003505,2024-03-15,vendredi,public,France,PME, Pro ,11,31,10,32.3,6,1.3,16,5,4,3,1,10.3 h,3,2,707.43,clair,ap-s1,A,Compte dans la moyenne.,49,10442,0
CLI-001956,26/09/2024,jeudi,finance,France,TPE,Pro,4,7,5,71.4,47,"35,8",16,5,1,4,0,10.7,4,1,"154,7",vert,ap-s1,control,RAS.,32,1522,1
CLI-003967,2024-09-28,samedi,Tech,France, PME ,Pro,4,13,6,46.2,23,"7,5",16,6,1,1,3,14.4,5,4,341.6,sombre,eu-w1,control,Compte dans la moyenne.,15,3922,1
CLI-002572,15 Apr 2023,samedi,Industrie,France,PME,PRO,22,40,22,55.0%,50,16.6,16,8,4,2,0,"12,3",3,0,"1092,4",vert,eu-w3,B,Compte dans la moyenne.,77,50163,0
CLI-000840,29 Sep 2024,dimanche,Industrie,Espagne, PME ,Starter,4,48,33,"68,8",36,10.8,8,2,0,1,7,45.0,2,0,595.92,violet,ap-s1,A,,0,19058,1
CLI-004580,2024-06-13,jeudi,SANTÉ,, PME ,pro,8,50,14,28.0,2,1.1,16,3,3,20,1,11.8,3,1,873.41,bleu,ap-s1,A,,41,8594,0
CLI-002393,15 Sep 2023,vendredi,FINANCE,Allemagne,TPE,STARTER,17,7,5,"71,4",38,18.6,8,5,3,0,0,15.7,5,0,93.41,vert,eu-w3,A,"Compte engagé, ambassadeur potentiel.",66,2528,0
CLI-003479,04 Nov 2023,samedi,Finance,Espagne,tpe,Starter,15,6,3,50.0,23,"11,3",8,3,8,1,5,36.5,2,1,63.77,vert,eu-w1,control,Mécontentement exprimé au support.,46,2039,0
CLI-000568,16 May 2023,mardi,Éducation,,tpe,starter,21,9,3,,11,2.6,8,1,6,1,3,25.7,4,0,"103,35",bleu,eu-w1,B,"Compte engagé, ambassadeur potentiel.",59,1102,0
CLI-000496,09/08/2024,vendredi,Tech,France,tpe,Starter,6,4,2,50.0,18,2.1,8,2,0,0,0,18.1,4,0,38.16 €,vert,eu-w3,A,RAS.,13,563,1
CLI-000061,17/01/2023,mardi,Tech,Suisse,ETI,Business,25,180,50,"27,8",1,0.3,26,5,8,12,0,0.5,5,0,"8695,95",clair,eu-w3,A,Compte dans la moyenne.,86,185398,0
CLI-000377,13 May 2023,samedi,public,France,TPE,Starter,21,8,0,0.0,0,"0,0",8,0,0,33,2,35.1 h,3,0,113.39 €,clair,eu-w1,B,,4,2789,1
CLI-001383,2024-07-27,samedi,santé,,pme,Pro,6,22,15,68.2,27,7.3,16,6,1,1,3,17.2,2,1,"581,84",clair,us-e1,control,,6,24333,1
CLI-003596,10/06/2024,lundi,Commerce,Suisse,PME,Pro,8,54,41,75.9%,47,28.1,16,6,,3,1,9.9,5,1,"1536,66",vert,ap-s1,B,,71,32762,0
CLI-002460,09 Feb 2024,vendredi,ÉDUCATION,France,ETI,Business,12,82,23,28.0%,3,2.0,26,9,2,1,0,0.5 h,4,1,3534.02,sombre,us-e1,B,Suivi standard.,28,28979,1
CLI-001288,01/10/2024,mardi, Public ,France,pme,Pro,4,28,13,,12,0.9,16,4,1,4,7,23.9,1,,861.4,clair,us-e1,control,Mécontentement exprimé au support.,23,8476,0
CLI-000665,27 Dec 2024,vendredi,Commerce,France,ETI,Business,1,89,0,0.0,0,"0,0",26,0,0,30,0,4.1,3,2,"3757,29",bleu,eu-w3,control,,1,67782,1
CLI-003356,13/09/2023,mercredi,ÉDUCATION,France,PME,Pro,17,8,3,37.5,1,0.6,16,6,4,10,0,,5,0,167.04 €,bleu,ap-s1,A,,61,2466,0
CLI-004307,2023-03-14,mardi,Éducation,France,TPE, Pro ,23,2,0,,0,0.0,16,0,0,41,5,19.5,2,0,46.93 €,clair,us-e1,A,Mécontentement exprimé au support.,0,885,1
CLI-002010,2023-09-03,dimanche,,France,TPE,Pro,17,9,5,55.6,34,9.2,16,5,4,0,2,6.0 h,4,0,243.7,violet,eu-w1,B,"Compte engagé, ambassadeur potentiel.",69,5795,0
CLI-002208,13/11/2023,lundi,TECH,,PME,Business,15,37,23,62.2,22,9.4,26,6,3,1,4,13.6 h,2,0,1921.1,sombre,eu-w3,B,,34,130750,1
CLI-000701,03 Jan 2025,vendredi,,,tpe,Pro,1,6,3,50.0,20,"7,9",16,6,0,0,0,13.1,5,3,"151,22",vert,eu-w1,control,RAS.,41,4712,0
CLI-003034,2024-02-15,jeudi,Tech,Espagne,TPE,starter,12,9,8,"88,9",55,"31,0",8,4,0,0,0,22.0,4,0,85.05,clair,us-e1,A,,63,5928,0
CLI-003542,11 Jun 2024,mardi,santé,Espagne, ETI ,pro,8,179,73,40.8,19,1.0,16,0,0,1,0,4.0,5,2,"4496,08",violet,ap-s1,A,,45,232267,0
CLI-001265,2025-01-02,jeudi,Éducation,France,TPE,STARTER,1,8,2,25.0,1,"0,4",8,2,0,2,0,4.7,5,5,86.43,clair,us-e1,B,,12,2906,1
CLI-000452,05/10/2023,jeudi,Tech,France,TPE,Starter,16,3,1,33.3,1,0.4,8,2,1,1,0,"28,6",3,0,"38,99",violet,us-e1,A,,57,480,0
CLI-003685,2023-10-08,dimanche,FINANCE,,PME,business,16,7,3,42.9,17,3.1,26,9,7,1,1,5.4 h,4,0,275.31,bleu,ap-s1,B,,65,5644,0
CLI-001083,12 Aug 2024,lundi,TECH,Canada,PME,Enterprise,6,25,20,80.0,29,20.1,40,21,0,1,2,"3,4",5,1,2412.49,sombre,eu-w1,A,,48,110782,0
CLI-001921,2024-04-28,dimanche,Tech,Belgique,pme,Business,9,23,5,21.7,1,0.4,26,6,3,14,6,4.2,4,1,1049.45 €,violet,us-e1,A,,24,16350,1
CLI-004940,28 Oct 2024,lundi,Commerce,Espagne,TPE,Pro,3,10,7,70.0,36,20.0,16,8,0,1,1,13.6,4,4,316.83,violet,eu-w3,control,Suivi standard.,24,6495,1
CLI-004527,2023-12-06,mercredi,Éducation,France,pme,Pro,14,26,22,84.6%,72,46.2,16,7,5,3,2,"12,5",5,1,630.36 €,clair,eu-w1,A,Client très satisfait et actif.,60,9304,0
CLI-002832,09 Jan 2025,jeudi,public,Allemagne,pme,business,1,20,17,85.0,44,31.0,26,14,0,0,3,5.2,4,2,894.52,clair,us-e1,control,Compte dans la moyenne.,54,16871,0
CLI-002255,2024-06-12,mercredi, Éducation ,France,pme,pro,8,45,21,46.7,5,,16,6,2,15,5,15.8,3,1,1191.05,bleu,eu-w3,B,Compte dans la moyenne.,48,14650,0
CLI-000784,2023-11-12,dimanche, Tech ,France,eti,Business,15,70,58,82.9%,51,32.2,26,13,6,1,3,9.5,3,0,3535.31,sombre,eu-w1,control,Compte dans la moyenne.,78,81171,0
CLI-003700,28 Dec 2024,samedi,Finance,France,TPE, Starter ,1,3,2,66.7,53,"45,2",8,5,0,0,2,,4,1,34.04,clair,ap-s1,B,,41,530,0
CLI-002923,03 Dec 2023,dimanche,industrie,France,PME,pro,14,43,31,72.1,25,8.4,16,5,3,0,5,15.0,2,0,"1010,66",vert,ap-s1,B,,54,11602,0
CLI-003224,2023-02-15,mercredi,Tech,Canada,PME, Pro ,24,59,48,81.4%,67,38.2,16,11,7,2,9,22.7,1,0,1626.7 €,clair,us-e1,A,"Client insatisfait, risque de départ.",30,84035,1
CLI-001855,2024-12-30,lundi,Commerce,Allemagne,PME,Business,1,36,4,11.1,1,,26,1,0,4,1,4.4,4,1,1522.04,clair,eu-w3,control,Déploiement interne limité.,49,34946,0
CLI-000413,14 May 2024,mardi,commerce,France,PME,PRO,9,48,40,"83,3",83,55.4,16,7,0,2,1,"11,6",3,0,1389.41,violet,eu-w1,control,,70,75195,0
CLI-001108,02/10/2024,mercredi,PUBLIC,France,PME,PRO,4,35,19,54.3,22,7.1,16,6,,0,1,,4,4,"972,1",violet,eu-w1,B,Suivi standard.,20,10363,1
CLI-000349,2024-12-28,samedi,Finance,France,TPE,Starter,1,6,4,66.7,45,24.5,8,3,1,1,3,30.4,4,5,70.19,clair,us-e1,A,,6,1496,1
CLI-002044,13 Apr 2024,samedi,INDUSTRIE,Espagne,TPE,Starter,10,8,3,,28,"11,4",8,3,2,6,7,36.3,2,0,79.51,violet,eu-w3,B,"Client insatisfait, risque de départ.",10,1239,1
CLI-002854,2024-07-05,vendredi,santé,France,pme, Starter ,7,29,6,"20,7",1,0.1,8,2,2,30,0,,5,1,303.39,vert,ap-s1,control,Déploiement interne limité.,28,2239,1
CLI-001046,2024-01-01,lundi,,Allemagne,PME,business,13,27,8,29.6,4,"0,2",26,5,3,0,6,8.3 h,3,1,1261.24,violet,eu-w3,control,Compte dans la moyenne.,39,28958,0
CLI-001492,2024-10-25,vendredi,Santé,France,PME,Starter,3,35,9,25.7,4,1.7,8,3,2,2,1,"19,3",3,1,493.15,bleu,us-e1,A,,1,24667,1
CLI-002307,07/11/2023,mardi,Tech,France,PME,Pro,15,27,12,44.4%,17,4.7,16,3,3,1,4,"13,3",3,0,568.83,clair,ap-s1,A,Suivi standard.,58,13993,0
CLI-004518,08 Apr 2024,lundi, Éducation ,Allemagne,pme,STARTER,10,38,20,52.6%,16,5.4,8,2,1,0,1,16.5,,1,"403,13",sombre,ap-s1,A,,52,3967,0
CLI-001314,07 Jun 2024,vendredi,tech,Suisse, GE , Business ,8,534,267,"50,0",6,0.7,26,6,2,1,4,"7,1",4,0,26305.54,violet,ap-s1,B,,49,431411,0
CLI-004949,2024-04-15,lundi,Tech,France,PME,Pro,10,44,6,13.6,1,0.2,16,3,2,12,0,5.5,,0,832.83,sombre,ap-s1,B,Déploiement interne limité.,64,9561,0
CLI-001057,05/12/2023,mardi,,France, TPE ,STARTER,14,2,1,50.0,1,,8,1,4,16,0,19.4,4,0,21.69,bleu,eu-w3,control,,70,300,0
CLI-004596,12 Dec 2023,mardi, Éducation ,France,TPE,pro,14,6,4,66.7,60,32.4,16,7,3,0,0,11.8,3,0,166.54,clair,eu-w3,control,,77,16388,0
CLI-002775,2024-05-10,vendredi, Industrie ,France, PME ,Pro,9,12,0,"0,0",0,"0,0",16,0,0,86,1,13.9,3,2,273.11,bleu,ap-s1,control,"Compte peu actif, relance nécessaire.",0,5375,1
CLI-004304,2023-05-03,mercredi,,France,TPE,starter,21,6,3,50.0,5,0.6,8,3,3,4,2,15.3,4,0,"62,79",sombre,eu-w1,B,"Compte engagé, ambassadeur potentiel.",69,1493,0
CLI-000285,02 Sep 2023,samedi,TECH,Belgique,TPE, Starter ,17,1,1,100.0,112,60.4,8,5,2,0,0,19.8,4,0,12.99,sombre,us-e1,control,,56,330,0
CLI-002195,31 Aug 2024,samedi,TECH,Espagne,PME,Pro,5,50,33,66.0,14,4.1,16,3,0,1,0,9.3,4,3,1308.18,clair,us-e1,control,RAS.,56,10727,0
CLI-001289,25/12/2024,mercredi,Santé,France,TPE,Pro,1,4,1,25.0%,1,"0,1",16,2,0,30,9,"18,8",2,1,86.8,bleu,eu-w1,A,,0,356,1
CLI-003084,2023-12-11,lundi,Tech,France, TPE ,pro,14,10,6,60.0,13,5.2,16,4,3,4,3,"12,5",3,0,198.76 €,clair,us-e1,A,RAS.,52,978,0
CLI-000302,20 Jan 2023,vendredi,Public,France,TPE,Starter,25,9,8,"88,9",85,"78,5",8,4,6,1,2,21.1,4,0,"114,1",bleu,ap-s1,B,Client très satisfait et actif.,65,1310,0
CLI-003763,10 Jan 2025,vendredi,Commerce,Espagne,ETI,Business,1,35,10,"28,6",1,,26,7,1,22,7,11.2,,0,1309.04,violet,ap-s1,A,,4,12881,1
CLI-001829,2024-07-13,samedi,finance,France,PME, Pro ,7,35,12,34.3,8,"0,4",16,1,2,2,1,"9,9",3,2,664.11,bleu,eu-w3,B,Suivi standard.,44,2178,0
CLI-003365,28 Dec 2024,samedi, Finance ,France,TPE,PRO,1,4,2,50.0,29,5.2,16,7,0,1,0,8.7,5,2,"94,41",bleu,ap-s1,control,,40,1393,0
CLI-001272,10/12/2024,mardi,Éducation,France, PME , Pro ,2,38,28,"73,7",47,18.6,16,7,2,1,0,"7,5",4,1,931.09,sombre,us-e1,B,,65,11452,0
CLI-002286,2023-10-11,mercredi,COMMERCE,Allemagne,PME,pro,16,23,6,26.1%,1,,16,3,7,2,0,12.2,3,0,586.26 €,bleu,eu-w1,control,,57,22594,0
CLI-004087,18 Apr 2023,mardi, Public ,Canada,PME,PRO,22,13,10,76.9%,47,22.9,16,4,3,1,1,9.5,4,0,345.29 €,clair,us-e1,control,,56,9627,0
CLI-001427,2023-12-15,vendredi,Tech,Canada,PME,starter,14,26,11,42.3,1,0.4,8,2,,24,1,18.2,5,0,329.66,bleu,ap-s1,control,,53,14868,0
CLI-000467,06 Jun 2024,jeudi,Industrie,France,PME,Starter,8,34,9,26.5,1,0.3,8,3,1,0,4,,4,1,,bleu,ap-s1,B,,40,4907,0
CLI-002629,28/05/2024,mardi,Finance,Suisse,PME,Starter,8,57,27,47.4,10,"2,5",8,5,0,1,3,24.2,3,0,723.14,clair,us-e1,A,,28,30242,1
CLI-001070,2025-01-07,mardi,commerce,Suisse,GE,Enterprise,1,198,18,"9,1",1,"0,1",40,9,0,7,4,3.9 h,,1,11835.33,violet,ap-s1,A,Faible adoption des sièges.,13,67935,1
CLI-004498,06/11/2024,mercredi,Santé,France,TPE,PRO,3,7,1,14.3,1,0.1,16,3,0,0,2,14.8,3,1,"152,7",bleu,us-e1,A,Déploiement interne limité.,24,1127,1
CLI-000528,2024-07-08,lundi,finance,France,PME,Business,7,53,12,22.6,1,0.8,26,6,0,1,2,7.1,,1,"2368,02",sombre,eu-w3,A,Faible adoption des sièges.,46,31068,0
CLI-000998,06/05/2024,lundi, Industrie ,Allemagne, TPE , Pro ,9,9,4,44.4,23,9.1,16,5,0,0,3,,3,0,211.12,bleu,us-e1,A,RAS.,59,1039,0
CLI-000447,2024-01-15,lundi,Industrie,Belgique,TPE,Starter,13,11,7,63.6,33,21.7,8,4,1,0,3,31.4 h,2,0,"150,84",sombre,us-e1,B,"Client insatisfait, risque de départ.",58,6432,0
CLI-003767,08 May 2024,mercredi,industrie,France,pme,business,9,20,9,45.0,4,1.4,26,8,2,12,0,2.7 h,5,1,1072.19,clair,ap-s1,A,RAS.,61,10550,0
CLI-004670,04/06/2023,dimanche,Tech,France, TPE ,starter,20,1,1,100.0,10,,8,3,1,6,6,27.0 h,3,0,10.86,bleu,ap-s1,B,,24,300,1
CLI-003172,07/01/2025,mardi,Commerce,Espagne,PME,Pro,1,26,20,"76,9",81,54.2,16,8,0,1,0,"9,1",4,2,586.38 €,vert,ap-s1,control,,51,11540,0
CLI-001185,08/08/2023,mardi,Commerce,France, PME , Pro ,18,52,33,63.5,17,7.3,16,5,5,0,5,19.2,3,,1169.99,sombre,eu-w3,B,RAS.,58,43173,0
CLI-002188,07 Sep 2024,samedi,Industrie,Suisse,ETI,Business,5,194,76,39.2,8,,26,12,0,0,4,8.2,2,1,"7223,13",vert,eu-w1,control,"Client insatisfait, risque de départ.",60,47384,0
CLI-003059,05 Feb 2024,lundi,Tech,Canada, TPE ,Starter,12,4,2,50.0%,11,5.8,8,4,2,3,2,16.7 h,5,0,44.24,bleu,us-e1,B,RAS.,55,1161,0
CLI-002158,2024-02-07,mercredi,Finance,Canada, PME ,Business,12,17,4,"23,5",4,"2,5",26,8,3,4,2,8.4,3,1,826.28 €,clair,eu-w1,A,Faible adoption des sièges.,56,14906,0
CLI-001515,14 Mar 2024,jeudi,Finance,Allemagne,ETI,Enterprise,11,49,10,20.4,4,1.9,40,7,2,2,2,"0,5",5,0,3421.0,bleu,eu-w3,control,,65,44884,0
CLI-004169,17 Aug 2023,jeudi,COMMERCE,Suisse,PME,starter,18,23,12,52.2,15,"0,8",8,2,2,0,0,15.4,5,0,315.76,vert,eu-w1,A,,64,31071,0
CLI-001038,18 Apr 2023,mardi,FINANCE,France, ETI ,business,22,106,38,"35,8",2,0.1,26,1,0,12,5,"4,5",3,1,"4098,69",bleu,ap-s1,control,Suivi standard.,58,164685,0
CLI-003405,2023-12-11,lundi,Industrie,Canada,TPE,Starter,14,3,1,"33,3",4,1.4,8,2,4,1,4,37.7,1,0,35.53,sombre,eu-w3,B,Mécontentement exprimé au support.,14,670,1
CLI-003183,2025-01-01,mercredi, Tech ,Allemagne,TPE, Starter ,1,8,4,50.0,7,,8,4,0,16,5,33.6,2,4,86.09,clair,ap-s1,control,,0,1200,1
CLI-004648,02/07/2023,dimanche,SANTÉ,Suisse,ETI,BUSINESS,19,169,125,74.0,79,83.3,26,14,5,2,3,7.5,3,0,7393.14 €,sombre,us-e1,control,Compte dans la moyenne.,70,151559,0
CLI-004488,2024-12-05,jeudi,,Belgique,ETI,Enterprise,2,146,84,"57,5",28,16.3,40,9,0,1,3,2.7,3,2,15001.77,vert,ap-s1,A,Compte dans la moyenne.,18,196823,1
CLI-003337,08 Aug 2024,jeudi,Éducation,France,TPE,Starter,6,6,2,33.3,7,2.6,8,4,2,2,6,,2,1,"72,47",clair,ap-s1,A,,5,713,1
CLI-003249,16 Jan 2024,mardi,Public,France,PME,Business,13,19,10,52.6,30,7.4,26,9,2,1,7,"9,0",3,0,731.51,sombre,ap-s1,control,,59,8398,0
CLI-002888,2024-10-06,dimanche,Santé,France, TPE ,Business,4,1,1,100.0,98,91.2,26,12,2,1,4,6.1 h,3,,49.04 €,sombre,us-e1,control,RAS.,60,1488,0
CLI-003277,25/07/2022,lundi,Industrie,France,PME,Pro,31,40,30,75.0,52,"12,1",16,5,10,0,3,11.4,,0,982.58,vert,us-e1,A,,99,11280,0
CLI-003882,2023-10-31,mardi,COMMERCE,France,tpe,Pro,15,7,4,57.1,51,39.1,16,6,2,3,4,16.0,2,0,214.39,violet,us-e1,B,,53,7384,0
CLI-000206,15 Jul 2023,samedi,SANTÉ,France,GE,enterprise,19,725,123,17.0,1,0.6,40,2,5,1,0,0.5,4,0,57382.11,violet,us-e1,control,,77,1082227,0
CLI-003544,08 Oct 2023,dimanche,Industrie,France, TPE ,Starter,16,9,8,88.9,79,38.4,8,4,4,0,5,,5,0,135.95,clair,us-e1,control,,62,3567,0
CLI-001922,2025-01-05,dimanche,Santé,France,TPE,pro,1,8,6,75.0%,26,10.7,16,5,0,0,1,11.8,4,3,"175,19",sombre,eu-w3,B,,39,3591,0
CLI-001876,27/04/2024,samedi,public,,TPE,starter,9,3,3,100.0,69,45.6,8,3,4,0,0,14.2,5,1,33.26,sombre,eu-w1,A,"Compte engagé, ambassadeur potentiel.",70,300,0
CLI-000522,01 Jan 2024,lundi,public,France,PME,Pro,13,21,0,0.0%,0,0.0,16,0,0,92,7,22.2,2,0,596.49,vert,eu-w1,control,,0,13206,1
CLI-003873,2024-08-03,samedi, Commerce ,France,tpe, Starter ,6,7,4,57.1%,20,7.8,8,3,4,6,4,,3,1,"88,53",bleu,eu-w3,control,,50,1089,0
CLI-003733,22/05/2022,dimanche,Industrie,Canada, TPE ,Starter,33,4,1,25.0%,1,0.1,8,0,11,1,1,,3,0,53.65,bleu,eu-w3,control,RAS.,71,3124,0
CLI-002858,02/04/2024,mardi, Tech ,France,TPE, Pro ,10,10,9,90.0,65,"60,0",16,10,0,0,3,9.2,,1,276.73,sombre,ap-s1,A,RAS.,67,3404,0
CLI-002003,15/01/2024,lundi,Commerce,France, PME ,Pro,13,29,13,,9,,16,6,1,9,2,"14,4",2,0,"702,66",sombre,ap-s1,A,,52,9795,0
CLI-000470,27/05/2024,lundi,Commerce,France,ETI,Business,8,143,32,22.4%,1,0.1,26,5,1,10,2,"5,4",5,1,6406.48,vert,ap-s1,B,Déploiement interne limité.,51,52533,0
CLI-002945,30/10/2023,lundi, Finance ,Allemagne,TPE,Pro,15,10,2,20.0,1,0.1,16,0,2,0,3,14.5,2,1,"263,11",vert,eu-w3,B,Mécontentement exprimé au support.,16,1942,1
CLI-000616,01 Jan 2025,mercredi,INDUSTRIE,Suisse,PME,Pro,1,52,16,30.8%,1,0.1,16,4,0,21,4,"10,1",3,2,1181.79,sombre,ap-s1,A,,16,5814,1
CLI-000258,02 Dec 2024,lundi,Tech,,PME,pro,2,31,11,"35,5",15,,16,8,0,1,4,"11,9",3,1,556.56,clair,us-e1,B,,7,2282,1
CLI-000727,2023-12-02,samedi, Industrie ,Belgique,PME,Business,14,15,6,40.0,4,"2,6",26,12,3,30,2,,,0,686.93,vert,eu-w3,control,,29,7323,1
CLI-002690,29/09/2024,dimanche,COMMERCE,France,TPE,pro,4,2,1,50.0,20,5.4,16,8,1,2,3,12.7,3,1,45.88,bleu,eu-w1,B,,58,715,0
CLI-001998,2022-12-04,dimanche,Industrie,Canada,TPE,business,26,8,1,12.5,1,,26,3,2,5,0,,3,0,319.17,vert,eu-w1,B,,63,13609,0
CLI-002948,2023-11-08,mercredi,ÉDUCATION,France,PME,Enterprise,15,12,8,66.7,39,"20,0",40,16,5,1,5,2.8,,0,1137.33 €,sombre,eu-w1,control,Compte dans la moyenne.,68,40102,0
CLI-001553,02 Aug 2024,vendredi,COMMERCE,France,eti, Business ,6,33,5,15.2,1,0.5,26,5,,25,0,6.6,2,1,"1241,75",sombre,eu-w1,B,Mécontentement exprimé au support.,29,46839,1
CLI-001229,11/04/2023,mardi, Finance ,Allemagne,TPE,Pro,22,6,2,33.3%,7,2.5,16,4,3,3,2,11.1,,0,154.32,vert,ap-s1,A,Compte dans la moyenne.,72,3290,0
CLI-002029,28 Dec 2024,samedi, Industrie ,Belgique,TPE,Pro,1,11,5,45.5,11,2.5,16,3,0,1,0,,5,1,285.81,vert,ap-s1,control,,50,6328,0
CLI-003524,2024-03-04,lundi,Commerce,France,pme,Pro,11,47,15,,1,"0,2",16,4,0,9,8,7.9,,0,1259.67,violet,eu-w3,control,,47,46482,0
CLI-000217,11/05/2023,jeudi,Tech,France,TPE,Business,21,7,1,14.3,1,0.2,26,2,,30,8,10.0,3,0,"313,67",sombre,eu-w3,control,"Multiples tickets ouverts, friction élevée.",46,30865,0
CLI-002878,10/08/2024,samedi,Santé,Belgique,PME,enterprise,6,53,32,"60,4",21,"1,0",40,16,0,1,4,,,3,5221.11,vert,us-e1,A,,41,359630,0
CLI-000782,2024-08-07,mercredi, Tech ,France,GE,enterprise,6,135,24,17.8,3,"1,5",40,12,1,8,5,5.3,3,1,8656.72,clair,ap-s1,control,Faible adoption des sièges.,47,56788,0
CLI-004264,08 Aug 2024,jeudi,tech,Suisse,PME,Pro,6,42,20,"47,6",20,8.3,16,5,1,0,3,,2,0,688.85,sombre,eu-w1,B,,18,13557,1
CLI-000767,07 Feb 2024,mercredi,éducation,France,PME,Business,12,31,14,45.2%,15,"5,3",26,6,3,1,0,7.4,4,1,"1328,68",sombre,ap-s1,A,"Compte engagé, ambassadeur potentiel.",64,75177,0
CLI-003832,06/04/2023,jeudi,Commerce,Belgique,ge,Enterprise,22,545,183,33.6,1,0.4,40,18,5,16,0,0.5,4,0,45171.44,clair,us-e1,B,RAS.,84,481528,0
CLI-001361,09 Nov 2024,samedi,Santé,France,PME,Pro,3,59,40,67.8,43,"6,6",16,6,1,1,4,11.8,5,1,1396.34,sombre,ap-s1,B,,60,26335,0
CLI-002278,2024-10-24,jeudi,Tech,France,PME,Business,3,59,21,35.6,18,15.9,26,7,0,1,2,7.9,,0,2476.88,bleu,eu-w1,control,Compte dans la moyenne.,54,16248,0
CLI-001707,2024-09-03,mardi,,France,PME,Business,5,26,5,19.2%,1,0.3,26,7,0,1,1,3.2 h,4,,"1086,88",violet,eu-w3,control,Déploiement interne limité.,23,15151,1
CLI-003354,03 Feb 2024,samedi, Finance ,France, PME ,Business,12,50,26,52.0,1,0.6,26,13,4,30,3,10.8,2,1,2408.46,bleu,eu-w3,A,,59,132321,0
CLI-003644,2024-12-10,mardi,Industrie,,PME,Pro,2,59,29,49.2,29,"9,6",16,9,0,3,1,14.0,,2,1684.27,vert,us-e1,B,,23,13811,1
CLI-002935,2023-08-18,vendredi,Éducation,France,TPE,Starter,18,11,7,63.6,17,11.4,8,4,5,1,2,23.7,4,0,119.01,violet,eu-w3,control,,60,1952,0
CLI-001463,26/12/2024,jeudi,Tech,France,ETI, Pro ,1,50,35,"70,0",67,20.5,16,6,0,3,1,5.8,4,6,1218.61,bleu,us-e1,control,,17,7994,1
CLI-003299,06/01/2024,samedi,Éducation,France,PME,Business,13,41,0,"0,0",0,0.0,26,0,0,49,0,"2,5",5,0,"1510,48",sombre,eu-w1,A,Déploiement interne limité.,32,19817,0
CLI-002925,15/10/2023,dimanche,Commerce,France,PME,starter,16,41,22,53.7,5,"1,7",8,3,2,3,4,"26,6",3,0,537.17,clair,eu-w1,B,,55,22464,0
CLI-000361,2024-07-10,mercredi,Éducation,France,ETI,Business,7,192,177,92.2,112,121.8,26,17,1,1,0,"0,5",5,0,8826.61,violet,eu-w1,B,RAS.,84,282275,0
CLI-003025,2024-11-29,vendredi,Commerce,Espagne,TPE,Starter,2,9,7,77.8,28,17.9,8,4,0,3,6,"35,2",4,0,,sombre,eu-w3,control,,0,2606,1
CLI-000825,2024-07-11,jeudi, Tech ,Suisse,TPE,Starter,7,4,2,"50,0",19,13.4,8,2,2,6,3,"27,2",,2,40.33,sombre,ap-s1,A,Suivi standard.,57,331,0
CLI-004016,07/04/2024,dimanche,Finance,France,tpe,Starter,10,6,5,83.3,73,13.2,8,3,1,5,1,23.7,5,0,58.92 €,vert,eu-w1,control,,32,870,1
CLI-000063,2023-06-03,samedi,Finance,Espagne,TPE, Starter ,20,1,1,100.0%,72,22.0,8,3,5,0,2,31.8,2,0,"13,54",vert,ap-s1,B,,62,300,0
CLI-000399,09 Dec 2024,lundi,INDUSTRIE,Belgique,PME,Pro,2,15,7,46.7,20,"9,2",16,5,1,0,0,3.3,,2,278.86,sombre,us-e1,B,Compte dans la moyenne.,21,13263,1
CLI-002967,06 Feb 2024,mardi,public,France,PME,enterprise,12,50,0,0.0,0,"0,0",40,0,0,161,2,4.2,3,0,4288.91,clair,us-e1,B,,0,137159,1
CLI-003342,31 Oct 2024,jeudi,tech,Belgique, GE ,Enterprise,3,678,476,"70,2",39,13.5,40,21,0,2,3,,3,2,"50806,56",violet,eu-w3,B,,12,791566,1
CLI-004369,14/02/2023,mardi,TECH,Allemagne,PME,Pro,24,47,28,"59,6",35,11.4,16,6,8,2,7,,,0,1387.31,bleu,us-e1,control,,77,59155,0
CLI-001742,03/09/2023,dimanche,Santé,France,TPE, Starter ,17,7,1,14.3%,1,"0,5",8,3,3,16,0,15.7 h,4,0,"84,63",vert,eu-w1,control,,63,625,0
CLI-000720,05/07/2024,vendredi,Finance,France,PME,PRO,7,41,20,48.8,8,0.4,16,2,0,2,4,"11,9",4,2,930.88 €,vert,us-e1,control,Suivi standard.,12,20610,1
CLI-001256,13 May 2024,lundi,tech,France,GE,Business,9,217,149,,49,29.9,26,16,0,0,1,9.7,3,,9145.64 €,clair,eu-w3,control,,51,187486,0
CLI-001786,2023-05-08,lundi,Finance,France,PME,Business,21,49,18,36.7,1,0.2,26,2,3,20,7,13.1,2,0,2057.91,bleu,eu-w3,A,Mécontentement exprimé au support.,50,45562,0
CLI-004764,2023-08-04,vendredi,Santé,France, ETI ,Business,18,148,14,"9,5",1,"0,1",26,4,2,8,0,5.2,,0,6357.74,sombre,us-e1,B,Déploiement interne limité.,61,119907,0
CLI-000426,30 Dec 2024,lundi,Industrie,Espagne,PME,Pro,1,39,0,0.0,0,"0,0",16,0,0,30,1,"11,7",3,2,977.01,vert,eu-w1,B,,0,28040,1
CLI-001473,11 Aug 2023,vendredi,COMMERCE,France, PME ,pro,18,27,11,,2,0.1,16,5,4,4,0,,5,0,"582,48",sombre,us-e1,A,,90,6687,0
CLI-001134,08 May 2024,mercredi,finance,France,TPE,Pro,9,6,3,50.0%,17,"4,6",16,7,3,1,1,7.4,5,0,155.28,violet,us-e1,A,,66,2292,0
CLI-000348,08/07/2024,lundi,FINANCE,Belgique,TPE,Pro,7,9,4,"44,4",11,5.2,16,5,2,1,1,10.7,4,0,205.22,bleu,eu-w1,A,,52,841,0
CLI-001799,06/10/2023,vendredi,Tech,France,ETI,Enterprise,16,94,65,69.1%,46,12.1,40,15,7,0,6,1.3,3,0,8496.49,vert,eu-w3,A,,56,153277,0
CLI-003429,07/12/2023,jeudi,finance,France, ETI ,Pro,14,172,44,"25,6",1,0.1,16,3,1,9,4,9.9 h,2,1,4954.71,violet,us-e1,A,"Client insatisfait, risque de départ.",24,121886,1
CLI-000852,2024-03-04,lundi,Éducation,France,ETI,Business,11,99,65,65.7%,37,16.6,26,12,5,0,3,9.0 h,2,0,5187.44,bleu,us-e1,A,,57,357311,0
CLI-003554,02/08/2023,mercredi,Tech,Allemagne,TPE, Starter ,18,10,2,20.0,1,0.4,8,1,12,20,2,,3,0,"111,79",sombre,eu-w3,control,Déploiement interne limité.,72,2017,0
CLI-002988,2024-04-11,jeudi,Éducation,Espagne,pme,Business,10,20,5,25.0%,4,"1,0",26,9,0,1,1,"5,7",3,1,763.83,sombre,eu-w1,control,Suivi standard.,58,5637,0
CLI-001610,2023-09-02,samedi,Commerce,Suisse,TPE,Pro,17,1,1,100.0,34,"14,2",16,7,10,1,3,11.0,3,0,23.83,vert,ap-s1,B,RAS.,63,528,0
CLI-001604,11 May 2024,samedi,Public,France,PME, Pro ,9,56,30,53.6,17,9.7,16,8,2,1,4,12.7,3,1,"1434,95",sombre,eu-w1,B,RAS.,49,100016,0
CLI-000078,03 Feb 2024,samedi,Tech,, ETI ,business,12,186,12,,1,0.3,26,5,2,19,0,4.2,3,0,8010.0,clair,ap-s1,B,,45,65682,0
CLI-001300,05/07/2023,mercredi,tech,France,TPE,Starter,19,10,2,20.0,2,0.1,8,1,1,0,8,43.1 h,1,0,138.08,violet,eu-w3,A,,7,4416,1
CLI-001822,04/04/2024,jeudi,Éducation,,PME,STARTER,10,45,13,28.9,5,3.8,8,1,0,5,3,21.4,4,2,"466,76",violet,eu-w3,control,,24,12248,1
CLI-004916,09 May 2024,jeudi,éducation,France,eti, Business ,9,30,0,0.0,0,"0,0",26,0,0,45,5,10.0 h,4,0,1426.31,bleu,us-e1,A,,8,9357,1
CLI-001818,2023-09-07,jeudi,public,France,PME,Starter,17,18,9,,5,2.1,8,3,2,4,0,24.2,4,0,214.19,violet,ap-s1,A,,55,1581,0
CLI-004454,2024-03-16,samedi,Finance,France,pme,pro,11,53,31,58.5,12,"2,5",16,10,5,1,4,13.2,3,,1437.95,bleu,us-e1,B,RAS.,66,21224,0
CLI-000895,2024-04-04,jeudi, Finance ,France,TPE, Starter ,10,4,2,50.0,26,15.5,8,3,2,1,5,27.2,4,2,56.83 €,clair,eu-w3,A,RAS.,52,792,0
CLI-000926,2025-01-10,vendredi,Finance,France,PME,Pro,1,47,22,"46,8",12,4.5,16,6,0,4,0,,4,2,924.74 €,bleu,eu-w3,control,,53,3033,0
CLI-004702,02/05/2024,jeudi, Public ,France, TPE ,Pro,9,9,1,"11,1",1,0.1,16,1,3,16,0,"0,7",5,0,233.12,violet,ap-s1,control,Déploiement interne limité.,66,8793,0
CLI-001539,12 May 2024,dimanche,Commerce,France,ETI,Enterprise,9,168,122,72.6%,53,33.5,40,29,2,2,0,0.5,5,2,14112.66,sombre,us-e1,A,Compte dans la moyenne.,63,428178,0
CLI-000435,12/09/2024,jeudi,TECH,France, TPE , Starter ,5,2,1,50.0%,31,"16,2",8,3,0,1,2,21.9,4,1,28.49 €,violet,us-e1,B,,47,561,0
CLI-002908,31/08/2023,jeudi,COMMERCE,Canada,ETI,PRO,17,169,31,18.3,3,"1,4",16,3,3,5,3,14.6,3,0,4180.19,vert,eu-w1,A,,64,61700,0
CLI-003670,2023-07-03,lundi, Commerce ,France, PME ,PRO,19,8,2,25.0,5,"0,6",16,4,1,13,5,22.0 h,1,0,"232,6",violet,eu-w1,A,"Client insatisfait, risque de départ.",12,6866,1
CLI-001638,24 Dec 2024,mardi, Tech ,France, TPE ,Starter,1,5,3,"60,0",62,12.8,8,3,0,1,6,32.1,2,3,45.41,bleu,eu-w3,control,"Client insatisfait, risque de départ.",0,521,1
CLI-000093,2024-11-02,samedi,Finance,France,pme,Starter,3,43,24,55.8,30,18.2,8,3,2,0,3,"22,9",4,1,544.2,bleu,ap-s1,control,,43,5355,0
CLI-004749,07 Jun 2024,vendredi,Finance,France, PME , Pro ,8,6,3,50.0,16,"10,5",16,4,0,0,0,13.0,3,1,125.94,vert,ap-s1,A,,55,1859,0
CLI-000691,08 Jan 2025,mercredi,Santé,France,PME,Pro,1,25,4,"16,0",1,"0,3",16,5,0,5,6,"11,2",4,2,"566,84",clair,eu-w3,A,Faible adoption des sièges.,1,3254,1
CLI-004445,19 Dec 2022,lundi,santé,, PME , Pro ,26,12,7,58.3,33,16.6,16,6,,0,3,"15,7",,0,369.91,sombre,eu-w3,B,"Compte engagé, ambassadeur potentiel.",77,9100,0
CLI-001069,10 Jul 2023,lundi,Industrie,Belgique,PME,Pro,19,32,13,"40,6",5,"0,6",16,3,3,3,2,12.6,3,0,994.68,violet,eu-w1,control,Suivi standard.,57,11419,0
CLI-001834,31 Jul 2024,mercredi,COMMERCE,France,PME,Enterprise,6,19,7,"36,8",11,"3,9",40,15,1,1,3,1.3,3,,,violet,ap-s1,control,Compte dans la moyenne.,52,6869,0
CLI-000629,12/02/2024,lundi,Commerce,Suisse,ETI,PRO,12,124,85,68.5,35,"15,5",16,3,2,1,2,13.5,5,1,2814.7,bleu,eu-w3,control,Compte dans la moyenne.,47,27697,0
CLI-001331,04 Dec 2022,dimanche,,Espagne,PME, Pro ,26,14,8,"57,1",46,23.1,16,10,3,0,0,9.4 h,,0,460.24,bleu,ap-s1,B,,74,6793,0
CLI-001743,26 Dec 2024,jeudi,ÉDUCATION,France,ETI,Enterprise,1,206,156,"75,7",53,28.2,40,22,0,0,5,4.6 h,3,2,16593.74,sombre,eu-w3,A,Compte dans la moyenne.,38,394599,0
CLI-000124,02 Jan 2025,jeudi,tech,Suisse,ETI,Pro,1,188,56,"29,8",1,"0,1",16,3,0,24,6,19.0,3,3,3643.39 €,bleu,eu-w3,A,,3,44814,1
CLI-000734,2023-11-13,lundi,finance,Allemagne,PME,BUSINESS,15,48,14,"29,2",9,5.7,26,4,3,3,3,9.4,3,0,1871.53,bleu,eu-w1,control,,56,32228,0
CLI-003562,2024-12-27,vendredi,Finance,Espagne,TPE,Starter,1,2,1,50.0,8,"2,5",8,3,0,2,3,25.3 h,3,4,"20,68",sombre,eu-w3,A,RAS.,0,407,1
CLI-004631,07 Aug 2023,lundi,,France,tpe,STARTER,18,1,1,100.0%,35,1.8,8,2,6,1,6,44.4,2,0,"13,91",bleu,eu-w1,B,Mécontentement exprimé au support.,53,300,0
CLI-003408,11 Oct 2024,vendredi, Industrie ,France,TPE,Pro,4,8,6,75.0,83,44.6,16,6,1,0,7,,4,1,,clair,eu-w3,B,"Multiples tickets ouverts, friction élevée.",45,4216,0
CLI-004084,09 Dec 2024,lundi,Santé,Belgique,TPE,starter,2,11,3,27.3,1,,8,2,1,14,0,12.1,5,2,,sombre,eu-w3,B,,45,515,0
CLI-002628,25/09/2024,mercredi,Éducation,Suisse,tpe,Business,4,6,0,"0,0",0,"0,0",26,0,0,57,4,,3,0,252.95,vert,us-e1,B,Déploiement interne limité.,8,4563,1
CLI-003225,2025-01-07,mardi,SANTÉ,France,eti,Pro,1,55,26,47.3,16,5.0,16,6,0,1,0,10.7,3,3,1285.31 €,violet,ap-s1,A,,43,36888,0
CLI-001875,2024-12-31,mardi,TECH,France,PME,enterprise,1,22,13,59.1,25,"16,8",40,17,1,2,1,"1,4",3,3,1788.1,violet,eu-w3,A,,5,17595,1
CLI-002557,2024-06-11,mardi,Commerce,,TPE,Pro,8,3,2,66.7,47,10.8,16,7,1,0,2,13.8,3,,75.08 €,bleu,ap-s1,A,RAS.,12,923,1
CLI-001763,2023-11-09,jeudi,Public,Suisse,PME,pro,15,41,23,56.1,23,12.3,16,7,6,0,0,12.5,3,0,916.45,bleu,eu-w3,A,,70,6012,0
CLI-000958,04/08/2024,dimanche,Industrie,Allemagne,pme,STARTER,6,28,18,"64,3",18,16.8,8,4,4,2,0,16.5,5,0,338.76,sombre,ap-s1,B,"Compte engagé, ambassadeur potentiel.",58,25556,0
CLI-000122,2025-01-04,samedi,finance,France,ETI,enterprise,1,218,90,41.3,25,"16,3",40,21,0,1,2,3.1,5,1,17799.3,sombre,eu-w1,control,Compte dans la moyenne.,55,788153,0
CLI-004942,10/07/2023,lundi,Commerce,France, TPE ,enterprise,19,3,2,"66,7",42,"24,2",40,21,5,0,3,5.0,,0,"250,36",bleu,ap-s1,A,,74,16629,0
CLI-004168,07 Jun 2024,vendredi,FINANCE,Suisse,ETI,Enterprise,8,86,71,82.6,50,32.3,40,24,1,0,2,6.7,2,1,"8498,41",sombre,us-e1,A,"Client insatisfait, risque de départ.",60,216030,0
CLI-004654,2023-12-31,dimanche,FINANCE,Canada,GE,Business,13,621,546,87.9,78,36.5,26,11,4,1,0,"4,8",4,0,"30810,72",bleu,eu-w1,control,Client très satisfait et actif.,76,1136916,0
CLI-002917,2024-05-28,mardi,Finance,Suisse, PME ,Business,8,39,11,28.2,1,"0,1",26,7,0,13,3,"4,4",3,0,"1508,38",clair,us-e1,B,,26,27211,1
CLI-004403,17 Mar 2023,vendredi, Tech ,Espagne,pme,ENTERPRISE,23,21,4,19.0,1,0.1,40,5,5,20,4,3.6,1,,"1444,86",violet,us-e1,A,,63,17772,0
CLI-000401,2024-12-27,vendredi,finance,France,ETI,PRO,1,107,8,7.5%,1,0.3,16,1,0,30,2,,5,1,2371.37 €,bleu,us-e1,A,Déploiement interne limité.,36,13612,0
CLI-003932,27 Dec 2024,vendredi,,Canada,GE,Business,1,431,399,92.6,134,170.2,26,15,0,1,0,7.0,5,2,21420.29,violet,eu-w1,B,Suivi standard.,55,228340,0
CLI-004976,09/10/2023,lundi,Finance,France,PME,Pro,16,40,20,50.0%,19,,16,8,1,1,6,13.8,3,0,879.79,sombre,eu-w1,B,,63,77914,0
CLI-001159,27 Oct 2024,dimanche,commerce,France,PME,Business,3,44,27,"61,4",1,"0,5",26,9,1,3,4,8.1,3,3,2209.19,vert,eu-w3,control,Suivi standard.,10,21738,1
CLI-001238,01/01/2025,mercredi,Public,Belgique,ETI,Starter,1,120,74,61.7,43,33.8,8,5,0,0,0,9.8,5,1,1415.41,sombre,us-e1,A,,55,30177,0
CLI-000529,11 Nov 2023,samedi, Public ,France, TPE ,Business,15,5,1,20.0%,1,0.5,26,1,2,30,4,,5,0,"188,62",violet,eu-w3,A,Faible adoption des sièges.,45,3867,0
CLI-000421,28/01/2024,dimanche,Éducation,France,TPE, Starter ,12,8,6,75.0,48,31.3,8,4,3,0,2,14.6 h,4,1,98.93,sombre,us-e1,control,,25,1217,1
CLI-003302,05/12/2024,jeudi,Éducation,Allemagne,PME,Starter,2,12,6,50.0,14,5.0,8,2,0,0,5,18.9 h,3,2,115.47,bleu,eu-w3,control,RAS.,4,757,1
CLI-001740,25 Sep 2024,mercredi,industrie,France,PME,Starter,4,12,1,8.3,1,"0,1",8,0,0,17,2,"18,7",5,3,"140,72",violet,ap-s1,control,Déploiement interne limité.,0,1846,1
CLI-001825,2023-10-04,mercredi,Public,Allemagne,TPE,Starter,16,11,9,81.8,76,"9,2",8,3,5,1,1,,4,0,132.37,clair,eu-w3,A,"Compte engagé, ambassadeur potentiel.",68,2171,0
CLI-001660,17 Dec 2023,dimanche,finance,Suisse, PME ,Business,14,23,5,21.7,5,2.4,26,10,,4,1,7.5,2,0,1008.85 €,violet,eu-w3,A,"Client insatisfait, risque de départ.",51,20681,0
CLI-003407,2024-08-08,jeudi,Éducation,France, TPE ,Pro,6,11,5,45.5,23,"9,9",16,8,0,2,4,14.7,3,0,219.22,violet,us-e1,A,,25,899,1
CLI-004762,2024-06-01,samedi,industrie,Belgique,PME, Starter ,8,54,23,42.6,12,3.4,8,1,5,2,1,24.7,4,1,667.67,violet,us-e1,control,Client très satisfait et actif.,54,5475,0
CLI-001939,2024-12-27,vendredi, Santé ,France, PME ,PRO,1,19,3,"15,8",1,0.3,16,0,0,26,7,17.7,2,2,422.81,violet,us-e1,B,,12,1387,1
CLI-002071,04 Dec 2024,mercredi,santé,France,GE,ENTERPRISE,2,435,346,79.5%,62,35.0,40,26,0,1,4,0.5,,,33662.34,sombre,eu-w3,control,RAS.,45,662475,0
CLI-004926,29 Jul 2024,lundi,industrie,France, TPE ,Business,6,10,6,60.0,24,14.4,26,11,1,5,1,2.5,5,0,"416,24",sombre,us-e1,A,,68,10240,0
CLI-000314,05 Sep 2023,mardi,industrie,France,PME,PRO,17,45,21,46.7,26,16.5,16,8,3,0,0,"9,3",4,,1236.68,bleu,eu-w1,B,"Compte engagé, ambassadeur potentiel.",63,26366,0
CLI-000872,05/05/2024,dimanche,COMMERCE,Espagne,pme,Business,9,52,22,42.3,4,0.7,26,10,2,12,3,"11,3",2,0,2407.0,sombre,eu-w1,B,Mécontentement exprimé au support.,13,55265,1
CLI-003953,08 Aug 2023,mardi,éducation,France,GE,Enterprise,18,651,152,23.3,4,1.9,40,19,6,10,0,1.5 h,5,0,,vert,ap-s1,B,,73,1107616,0
CLI-000454,2024-03-13,mercredi,Commerce,France,ETI,Enterprise,11,63,56,88.9,66,32.0,40,29,0,0,6,7.8,1,0,"5201,84",vert,eu-w3,A,Mécontentement exprimé au support.,31,63983,1
CLI-000150,2024-03-07,jeudi,Santé,Suisse,ETI,BUSINESS,11,168,79,47.0,12,"5,3",26,5,3,1,4,11.1,3,0,"6312,13",vert,ap-s1,control,,44,56935,0
CLI-000416,16 Jan 2024,mardi,Commerce,France,GE,Enterprise,13,380,260,68.4,47,"41,3",40,16,3,3,0,3.6,5,0,35945.14,vert,us-e1,A,Client très satisfait et actif.,70,1355851,0
CLI-003657,07 Aug 2023,lundi,Commerce,Belgique,PME,Enterprise,18,12,8,"66,7",44,27.6,40,5,2,1,7,"5,5",3,0,919.37 €,violet,eu-w3,A,"Multiples tickets ouverts, friction élevée.",58,47495,0
CLI-003650,2023-09-09,samedi,SANTÉ,France, TPE ,Starter,17,3,2,66.7,41,33.6,8,3,4,0,0,16.1,5,0,38.27,sombre,us-e1,control,Client très satisfait et actif.,65,1130,0
CLI-000327,27/11/2024,mercredi,FINANCE,Allemagne,TPE,Starter,2,6,1,16.7%,1,0.2,8,3,0,5,4,38.0,2,2,,sombre,eu-w1,A,"Client insatisfait, risque de départ.",0,302,1
CLI-000388,2024-04-04,jeudi,,Canada, ETI ,Pro,10,158,136,86.1,49,37.7,16,7,5,0,0,"1,8",5,0,"4590,64",sombre,ap-s1,control,"Compte engagé, ambassadeur potentiel.",72,48936,0
CLI-000601,2024-12-07,samedi,Tech,France,tpe,Starter,2,10,6,60.0,43,12.1,8,1,1,2,6,"28,9",3,1,142.87,sombre,us-e1,A,RAS.,20,8552,1
CLI-001006,25 Aug 2024,dimanche,,Allemagne, TPE ,pro,5,4,2,50.0%,1,0.3,16,2,1,13,3,13.1 h,2,5,"94,88",sombre,us-e1,control,Mécontentement exprimé au support.,0,700,1
CLI-001381,15 Apr 2024,lundi,finance,Suisse,ETI,Business,10,207,75,"36,2",1,0.1,26,5,5,15,4,6.8,4,1,7820.35 €,bleu,us-e1,B,,56,134666,0
CLI-004939,11 Feb 2024,dimanche,Finance,France,tpe,Starter,12,7,5,71.4%,53,32.7,8,5,5,0,6,29.6,3,0,80.02 €,sombre,us-e1,B,,43,984,0
CLI-001047,14 Jan 2024,dimanche,Commerce,France,PME, Pro ,13,57,14,24.6,9,2.7,16,4,3,3,0,1.7,5,,,bleu,us-e1,control,,74,36602,0
CLI-003162,08 Jan 2025,mercredi,Commerce,,tpe,Starter,1,5,2,40.0,23,5.0,8,4,0,2,2,30.9,,2,60.01,clair,us-e1,B,RAS.,11,1132,1
CLI-001450,2023-07-11,mardi,COMMERCE,France,TPE, Starter ,19,2,2,100.0,107,85.8,8,5,6,1,1,"21,1",5,0,28.03,vert,eu-w3,A,"Compte engagé, ambassadeur potentiel.",77,804,0
CLI-004589,18 Aug 2023,vendredi,Commerce,Allemagne,pme,Pro,18,10,7,70.0%,47,,16,9,9,0,6,14.1,3,,297.38,clair,eu-w3,A,,63,8291,0
CLI-004820,27/04/2024,samedi,Tech,France,PME,business,9,11,3,27.3%,7,"2,7",26,1,0,2,0,"4,7",5,,468.37 €,vert,us-e1,B,,48,16131,0
CLI-000472,24/12/2024,mardi,public,Canada,PME,Business,1,55,17,30.9,11,2.6,26,10,0,6,1,,5,3,"2253,41",bleu,eu-w1,A,,60,42499,0
CLI-001951,08 Jul 2024,lundi, Commerce ,Belgique,TPE,PRO,7,10,3,"30,0",2,1.3,16,6,1,4,8,16.7,1,0,223.78,clair,ap-s1,A,Mécontentement exprimé au support.,1,2018,1
CLI-003349,03 May 2024,vendredi,Finance,Allemagne,TPE,Starter,9,10,4,40.0,6,2.8,8,3,0,5,6,26.9,4,1,"125,22",clair,us-e1,control,Suivi standard.,10,2362,1
CLI-003409,03/10/2024,jeudi,Finance,,ETI,Business,4,79,10,"12,7",1,,26,1,1,30,3,"9,4",4,3,"3103,52",sombre,us-e1,control,,0,25449,1
CLI-000740,08 Aug 2023,mardi,Industrie,France,ETI,Business,18,61,6,9.8,1,0.5,26,6,4,21,1,,3,0,2490.14,clair,eu-w3,A,Faible adoption des sièges.,54,49006,0
CLI-001593,2023-10-08,dimanche,Industrie,France, ETI ,Business,16,173,29,16.8%,1,0.1,26,14,5,26,4,7.8,3,0,"8011,66",violet,eu-w1,control,Faible adoption des sièges.,70,400743,0
CLI-004181,2023-11-01,mercredi,Santé,Suisse,TPE,starter,15,4,3,75.0,37,16.1,8,4,5,1,6,25.3,3,0,47.53 €,sombre,eu-w1,B,RAS.,36,1208,1
CLI-004253,01 Oct 2023,dimanche,Industrie,France,TPE,STARTER,16,8,3,37.5,1,0.6,8,2,2,20,3,18.0,3,0,99.81,vert,eu-w3,control,,28,1801,1
CLI-000449,2024-12-29,dimanche,INDUSTRIE,France,ETI,business,1,128,56,43.8,2,0.3,26,5,0,9,1,4.1,4,0,3574.3,sombre,ap-s1,control,Compte dans la moyenne.,57,17586,0
CLI-003879,2024-09-07,samedi,TECH,France,PME,business,5,33,29,"87,9",72,23.5,26,16,1,2,3,7.6,4,1,1578.55,vert,eu-w1,B,,67,82842,0
CLI-003013,2024-01-08,lundi,Industrie,France, PME ,Business,13,6,4,66.7%,38,21.1,26,12,0,1,0,"8,4",3,0,,clair,ap-s1,B,Suivi standard.,58,3517,0
CLI-000654,03/06/2023,samedi,Éducation,Suisse,pme,Business,20,13,3,23.1,1,"0,1",26,7,5,30,6,"6,7",1,0,617.06 €,vert,us-e1,A,,11,13662,1
CLI-002015,05/01/2024,vendredi,SANTÉ,France, ETI ,PRO,13,212,16,7.5,1,0.1,16,0,4,14,5,13.3 h,3,0,3725.87,violet,eu-w3,A,Faible adoption des sièges.,51,21386,0
CLI-004667,17/08/2023,jeudi, Finance ,Suisse,GE,Enterprise,18,697,490,70.3,54,48.2,40,18,2,0,0,"3,6",4,0,,vert,eu-w3,control,,79,366898,0
CLI-002714,28/07/2024,dimanche, Public ,France, ETI ,business,6,156,22,"14,1",1,0.1,26,3,3,9,1,3.3,4,2,"5040,65",sombre,eu-w1,A,Déploiement interne limité.,60,24800,0
CLI-000839,16 Aug 2023,mercredi,Public,Suisse,ETI,Business,18,78,0,0.0,0,0.0,26,0,0,200,12,8.8,3,0,4366.47,sombre,eu-w1,A,,0,107415,1
CLI-003481,09/06/2024,dimanche,SANTÉ,Espagne,TPE, Starter ,8,11,8,"72,7",65,32.1,8,6,3,1,3,30.7,2,,134.83,clair,eu-w3,A,,60,3096,0
CLI-003564,10 Feb 2024,samedi,industrie,Allemagne,PME,Starter,12,58,20,34.5,1,"0,1",8,2,3,0,5,,3,,"595,24",violet,us-e1,B,,39,14155,0
CLI-003952,15 Oct 2022,samedi,Industrie,France,PME,Pro,28,25,3,12.0,1,0.3,16,1,4,12,6,21.1,1,0,580.11,clair,eu-w3,control,,54,5708,0
CLI-001886,13/04/2024,samedi, Finance ,Allemagne, PME ,Starter,10,16,4,25.0%,1,0.1,8,2,4,11,0,21.0,4,0,"176,06",clair,us-e1,B,,38,1444,0
CLI-003741,31/01/2024,mercredi,,Allemagne,PME,Pro,12,6,1,,1,0.1,16,1,1,19,3,8.6,4,0,148.88,sombre,eu-w3,control,Faible adoption des sièges.,47,1465,0
CLI-002329,01 Jun 2024,samedi,Santé,Espagne,GE,ENTERPRISE,8,412,259,62.9,33,20.3,40,21,2,1,5,3.8 h,3,0,31405.82,clair,ap-s1,B,,63,309033,0
CLI-000176,2024-09-12,jeudi,industrie,Belgique, ETI , Enterprise ,5,34,19,55.9,23,"6,2",40,18,0,3,4,5.9 h,2,0,2570.59,violet,eu-w1,A,"Client insatisfait, risque de départ.",58,21079,0
CLI-004540,2023-10-13,vendredi,Tech,Canada,GE,Business,16,403,145,36.0%,14,"4,8",26,1,5,2,0,5.8 h,5,0,"20119,23",sombre,eu-w1,control,"Compte engagé, ambassadeur potentiel.",87,824888,0
CLI-002227,08 Apr 2023,samedi,Santé,,TPE,starter,22,3,2,66.7,37,"14,8",8,4,6,1,4,31.7,3,0,48.05,clair,ap-s1,control,Compte dans la moyenne.,64,1300,0
CLI-003720,2024-05-06,lundi,Finance,France,GE,business,9,377,336,89.1,80,53.3,26,16,2,0,1,,3,0,16610.12,sombre,eu-w1,A,,56,190684,0
CLI-001424,02/10/2023,lundi,Industrie,France,eti, Business ,16,116,63,,11,2.3,26,9,3,4,2,5.5,2,0,4889.58,violet,eu-w1,B,Mécontentement exprimé au support.,48,32076,0
CLI-004594,2023-11-01,mercredi,Industrie,France,pme,Business,15,26,3,11.5%,1,,26,5,3,4,2,,4,0,1218.27,bleu,us-e1,A,,71,54944,0
CLI-000949,10 May 2023,mercredi,FINANCE,France,tpe,Starter,21,6,2,33.3,3,,8,2,7,8,4,31.4,,0,"82,32",violet,ap-s1,A,Compte dans la moyenne.,61,2835,0
CLI-003577,2024-03-10,dimanche,Santé,France, ETI ,Starter,11,127,0,"0,0",0,"0,0",8,0,0,67,3,,4,1,1528.52,violet,eu-w1,B,,2,11280,1
CLI-001203,08/01/2024,lundi, Commerce ,Belgique,GE,Enterprise,13,700,317,45.3,12,4.1,40,18,2,5,0,"0,7",4,0,49401.72,violet,ap-s1,control,RAS.,73,1336811,0
CLI-003543,06 Aug 2023,dimanche,Santé,France,TPE, Enterprise ,18,2,2,100.0,69,41.7,40,27,5,3,1,5.3 h,5,0,203.64,violet,us-e1,B,Client très satisfait et actif.,86,3841,0
CLI-003609,01/12/2023,vendredi, Public ,France,eti,enterprise,14,199,41,"20,6",1,0.5,40,9,1,30,4,6.9,2,0,"12694,67",clair,eu-w3,A,,33,229012,0
CLI-004267,2023-07-19,mercredi, Public ,France,PME,Business,19,22,5,22.7,3,"0,2",26,1,4,5,4,9.1,3,0,"906,3",bleu,eu-w3,control,,56,15606,0
CLI-001442,31/12/2024,mardi,Tech,France,PME,BUSINESS,1,16,10,62.5%,20,,26,12,0,1,5,,3,2,696.22,violet,ap-s1,control,,8,11418,1
CLI-004131,23 Nov 2024,samedi,Industrie,Canada,pme,Business,2,55,35,"63,6",13,"6,7",26,13,0,1,2,6.1,5,5,2793.34,violet,us-e1,A,,45,176371,0
CLI-003652,06/02/2024,mardi,Éducation,Belgique,TPE,STARTER,12,3,1,"33,3",10,3.0,8,3,2,2,1,28.6,3,1,36.94,sombre,eu-w1,control,,53,757,0
CLI-002819,2024-01-28,dimanche,Commerce,France,PME,STARTER,12,32,25,78.1,38,"20,0",8,4,4,0,7,36.7,2,0,370.02,vert,eu-w1,B,,47,15778,0
CLI-002260,2025-01-01,mercredi,Commerce,France,TPE,Pro,1,7,3,"42,9",6,2.5,16,4,1,2,5,17.6,2,1,166.41,sombre,eu-w1,B,"Client insatisfait, risque de départ.",3,1910,1
CLI-004984,28/02/2024,mercredi,PUBLIC,Allemagne,PME,Business,11,14,7,"50,0",19,"5,0",26,6,1,0,0,"4,0",4,0,772.16 €,vert,ap-s1,control,,62,36091,0
CLI-001564,12 Jun 2024,mercredi,Public,France,PME,pro,8,27,18,66.7%,29,15.1,16,6,2,0,1,,3,0,"664,18",violet,us-e1,control,,76,9259,0
CLI-004491,2024-05-11,samedi,Commerce,Belgique,PME, Business ,9,7,5,"71,4",54,39.4,26,15,1,4,3,9.5,2,0,360.25,vert,eu-w3,control,,54,5908,0
CLI-000405,2024-07-07,dimanche,Tech,France,GE,Business,7,429,210,49.0,8,2.3,26,10,0,2,0,5.1,3,0,"21096,73",clair,eu-w3,B,RAS.,66,328687,0
CLI-000440,2023-10-12,jeudi, Industrie ,France,PME,Pro,16,15,11,73.3,42,12.4,16,6,2,0,0,10.9,4,0,392.57,clair,eu-w1,control,Suivi standard.,66,3863,0
CLI-000709,11/04/2024,jeudi,Public,France,PME,pro,10,18,9,50.0,1,0.1,16,6,1,5,1,"9,1",5,1,496.98,clair,ap-s1,control,Compte dans la moyenne.,68,8558,0
CLI-000267,2024-02-11,dimanche,Commerce,France, PME ,Pro,12,41,19,46.3,3,1.3,16,6,4,1,0,,5,1,"914,51",violet,eu-w1,B,,62,21747,0
CLI-003329,2024-09-12,jeudi, Industrie ,France, TPE ,Starter,5,3,1,"33,3",1,0.5,8,0,1,30,2,"17,0",5,2,"33,03",violet,ap-s1,control,Compte dans la moyenne.,13,300,1
CLI-000764,13/05/2024,lundi,Public,Espagne,TPE, Pro ,9,4,3,"75,0",60,,16,6,1,3,1,"4,8",5,0,113.83 €,bleu,eu-w1,control,,61,1680,0
CLI-004236,06 Nov 2024,mercredi,SANTÉ,,PME,starter,3,37,6,"16,2",8,3.0,8,2,1,0,1,34.1,2,2,435.26,clair,eu-w1,A,Mécontentement exprimé au support.,16,6781,1
CLI-004981,2023-04-15,samedi,tech,France,TPE,Starter,22,5,2,40.0%,26,"1,3",8,3,4,1,3,36.9,2,0,65.14 €,vert,us-e1,A,Mécontentement exprimé au support.,58,1923,0
CLI-004453,15 Dec 2023,vendredi, Commerce ,Allemagne,ETI,Pro,14,130,91,70.0,42,32.8,16,7,1,1,0,11.3,5,1,3351.88 €,bleu,ap-s1,B,,64,178655,0
CLI-000026,06 Dec 2023,mercredi,Santé,France,PME,Pro,14,12,7,58.3,26,"10,4",16,8,2,0,0,2.1,5,0,236.06,sombre,eu-w3,A,,61,2129,0
CLI-003110,2024-06-08,samedi,,France,ETI,Business,8,173,18,10.4,1,0.2,26,4,1,5,3,"5,7",,2,7748.84 €,bleu,us-e1,B,,52,203330,0
CLI-000418,08/01/2025,mercredi, Tech ,Allemagne,eti,enterprise,1,209,134,64.1%,25,,40,11,0,1,3,2.6,5,0,14564.98,clair,eu-w1,control,,48,143319,0
CLI-003015,03/11/2023,vendredi,Commerce,Allemagne,PME,Pro,15,10,4,40.0%,20,"3,3",16,3,4,2,0,11.1,3,1,315.78,sombre,us-e1,control,Suivi standard.,64,21492,0
CLI-001681,2025-01-09,jeudi,Industrie,France,tpe,Starter,1,5,1,20.0,2,"1,0",8,3,0,11,2,11.9,5,1,42.05,clair,eu-w1,A,Faible adoption des sièges.,8,300,1
CLI-004831,05 Jul 2024,vendredi,Finance,Belgique,PME,Business,7,20,6,30.0,9,"0,4",26,9,2,0,0,2.9,4,1,877.65,vert,eu-w3,A,RAS.,54,5038,0
CLI-004829,2023-09-14,jeudi,Finance,France,ETI,Business,17,138,0,0.0,0,0.0,26,0,0,85,5,3.9,4,0,5915.11,vert,eu-w3,A,"Compte peu actif, relance nécessaire.",0,38803,1
CLI-004089,08/10/2023,dimanche,COMMERCE,Suisse,pme,BUSINESS,16,39,19,48.7,10,,26,9,7,7,3,7.0,4,0,1758.72,vert,eu-w3,control,Client très satisfait et actif.,63,33169,0
CLI-003901,28/02/2024,mercredi,commerce,,GE,enterprise,11,306,82,26.8%,1,0.2,40,11,2,8,9,3.2,1,1,22534.37,violet,eu-w1,control,,1,443476,1
CLI-003416,13 Jul 2024,samedi,FINANCE,France,PME,Starter,7,48,15,"31,2",1,"0,3",8,1,2,4,1,18.5 h,5,2,545.45,sombre,eu-w3,A,,17,2236,1
CLI-000673,01 Sep 2023,vendredi,Industrie,France,ge,Business,17,699,602,86.1%,94,102.4,26,16,5,1,6,9.9,3,0,38916.67,sombre,eu-w3,A,,52,1467937,0
CLI-002189,31/08/2024,samedi, Tech ,Allemagne,ETI, Pro ,5,171,0,,0,"0,0",16,0,0,49,2,"16,5",3,0,4437.66,violet,us-e1,control,Faible adoption des sièges.,10,50944,1
CLI-003611,2023-11-04,samedi,Tech,Suisse, PME ,enterprise,15,56,16,28.6,1,0.4,40,4,5,1,4,4.2,4,0,3590.98 €,sombre,ap-s1,control,"Compte engagé, ambassadeur potentiel.",67,100117,0
CLI-003534,02 Jul 2024,mardi,Industrie,France, TPE ,pro,7,11,1,9.1%,1,"0,1",16,0,2,21,2,11.8,5,0,307.56,vert,eu-w3,B,Faible adoption des sièges.,53,5296,0
CLI-002160,11/09/2023,lundi,Finance,Belgique,TPE,Pro,17,9,5,55.6,18,7.9,16,7,5,2,5,16.5,3,,232.08,bleu,eu-w1,control,,66,1903,0
CLI-001283,2024-12-05,jeudi,Commerce,Canada,PME,Pro,2,15,6,40.0,4,"0,7",16,4,0,9,0,7.4,5,2,"373,49",bleu,eu-w1,A,,48,1531,0
CLI-004930,15 Oct 2023,dimanche, Finance ,France, GE ,BUSINESS,16,140,88,62.9,14,5.7,26,12,2,1,1,4.8,4,0,5661.51,bleu,us-e1,control,,78,41782,0
CLI-002868,30 Dec 2024,lundi,Industrie,France,TPE,Pro,1,11,5,45.5,8,"1,0",16,2,0,6,0,"9,5",,1,"297,43",bleu,ap-s1,control,Suivi standard.,53,1219,0
CLI-000141,2024-03-16,samedi,commerce,France,pme,PRO,11,19,0,"0,0",0,"0,0",16,0,0,39,8,20.8 h,1,1,464.31,sombre,us-e1,control,,1,10661,1
CLI-004588,30 Dec 2024,lundi,Tech,France,TPE, Starter ,1,3,1,33.3,21,9.6,8,4,0,0,0,12.1,5,2,43.11,vert,eu-w3,A,,12,566,1
CLI-003294,09 Dec 2023,samedi,Finance,France,TPE,Starter,14,2,1,50.0%,18,6.7,8,4,6,1,3,26.2,4,0,25.23,bleu,eu-w3,A,,53,476,0
CLI-001514,18/04/2023,mardi,Commerce,Canada,pme,ENTERPRISE,22,35,12,34.3%,11,1.5,40,10,7,4,1,7.9,,0,3176.51 €,clair,eu-w1,A,"Client insatisfait, risque de départ.",75,41676,0
CLI-001657,2024-02-07,mercredi,Tech,Espagne, GE ,Enterprise,12,531,192,36.2,24,6.5,40,8,5,0,7,"7,6",2,0,32579.14 €,bleu,ap-s1,B,,57,534298,0
CLI-003560,10/05/2024,vendredi,Commerce,Allemagne,PME,PRO,9,24,5,20.8,5,1.8,16,3,4,0,4,13.8,4,0,583.47 €,clair,eu-w3,A,Faible adoption des sièges.,55,6220,0
CLI-004019,04 Apr 2024,jeudi, Éducation ,Suisse,PME,Pro,10,48,31,64.6%,39,17.5,16,7,2,1,13,23.3 h,2,1,1390.26 €,vert,eu-w1,control,"Client insatisfait, risque de départ.",14,11400,1
CLI-003551,28 Dec 2024,samedi,INDUSTRIE,France,PME,business,1,58,10,17.2%,1,0.2,26,1,0,0,2,3.3,2,6,1764.48,violet,us-e1,control,,10,10128,1
CLI-001641,2025-01-10,vendredi,Éducation,France,TPE,Starter,1,10,7,70.0,47,33.3,8,4,,1,3,31.3,3,7,126.36,vert,eu-w1,B,,5,5388,1
CLI-004459,06 Mar 2024,mercredi,Commerce,, PME ,Business,11,40,16,40.0,6,"2,9",26,8,2,1,1,4.5 h,2,0,2047.97 €,sombre,eu-w1,B,,64,82287,0
CLI-001441,12/09/2024,jeudi,commerce,,TPE,BUSINESS,5,8,4,50.0%,25,8.5,26,17,3,0,0,0.6,3,1,347.8,sombre,eu-w1,control,,53,3993,0
CLI-000350,01 Nov 2024,vendredi, Santé ,France,PME,BUSINESS,3,43,30,69.8,52,"32,6",26,16,0,0,1,6.8,2,4,1835.65,clair,eu-w1,B,,8,31610,1
CLI-002213,05 Jun 2023,lundi,Commerce,France,ETI,pro,20,178,112,"62,9",35,,16,4,6,3,3,,3,0,4778.62,violet,us-e1,control,,56,160657,0
CLI-002546,06 Jan 2025,lundi,Tech,France,TPE,Business,1,11,3,"27,3",1,"0,1",26,4,0,11,3,8.4,2,3,"348,45",clair,ap-s1,A,Mécontentement exprimé au support.,7,3429,1
CLI-001439,07/08/2023,lundi,TECH,France, TPE ,Pro,18,8,6,"75,0",69,76.4,16,11,5,0,0,13.7,3,0,195.6,violet,us-e1,control,,74,4331,0
CLI-000059,31 Jul 2024,mercredi,Finance,France,PME,Business,6,15,5,"33,3",8,7.0,26,10,3,5,3,6.2,,3,788.5 €,vert,eu-w3,B,,53,5819,0
CLI-002396,06 Oct 2024,dimanche, Éducation ,France,TPE,Starter,4,9,3,33.3%,2,0.1,8,0,0,0,3,21.6,5,,124.66,violet,us-e1,control,,6,7360,1
CLI-000862,2023-03-09,jeudi,,France, PME ,Pro,23,54,43,79.6%,58,36.9,16,10,5,1,2,12.4 h,3,0,1274.65,violet,eu-w1,B,,84,22995,0
CLI-004312,2025-01-03,vendredi,Industrie,France,TPE,Starter,1,2,1,50.0,26,25.2,8,4,,3,0,14.5 h,5,0,27.41,violet,eu-w3,B,,59,584,0
CLI-004270,2023-08-15,mardi,FINANCE,France,ETI,business,18,217,169,77.9,72,"52,8",26,12,3,1,3,9.1,2,0,10411.2 €,clair,eu-w1,control,,64,119521,0
CLI-002368,07/05/2023,dimanche,industrie,France,TPE, Pro ,21,5,3,60.0,19,6.4,16,5,11,4,0,"7,9",4,0,124.77,clair,us-e1,B,,86,4706,0
CLI-002000,2024-12-11,mercredi,Éducation,,PME, Pro ,2,38,17,44.7,1,0.3,16,4,1,16,4,13.9,3,4,"733,6",bleu,eu-w1,B,RAS.,9,9625,1
CLI-004825,05 Jan 2024,vendredi,Commerce,France,ge,Enterprise,13,653,595,"91,1",49,43.8,40,24,4,0,0,,,0,,bleu,eu-w3,control,"Compte engagé, ambassadeur potentiel.",75,1876938,0
CLI-001211,07/01/2025,mardi,industrie,Espagne,ETI,Business,1,127,81,63.8,13,7.7,26,17,0,5,0,1.4,5,4,5276.38,violet,ap-s1,A,,42,30286,0
CLI-001904,07 Jan 2024,dimanche,Industrie,France,ETI,BUSINESS,13,216,85,39.4%,4,0.2,26,8,0,9,4,9.9,2,0,"9121,49",bleu,eu-w1,A,Mécontentement exprimé au support.,52,67317,0
CLI-003207,2024-05-12,dimanche, Finance ,France,PME,PRO,9,15,14,,50,40.9,16,10,0,1,2,18.1,2,0,437.59,vert,ap-s1,control,"Client insatisfait, risque de départ.",52,31576,0
CLI-000500,15/08/2023,mardi,Finance,Belgique,pme,Enterprise,18,33,0,0.0,0,0.0,40,0,0,65,4,1.2,2,0,2855.57,clair,eu-w1,control,,0,49173,1
CLI-000237,02 Sep 2023,samedi,Éducation,France,eti,Business,17,189,149,78.8,56,,26,15,2,1,7,7.7,1,0,9759.61,sombre,eu-w3,A,,61,280101,0
CLI-000678,2024-12-29,dimanche,Éducation,France,GE,Business,1,856,537,62.7%,31,"32,3",26,17,0,0,5,8.7,3,2,41925.64,sombre,ap-s1,control,,4,790718,1
CLI-000225,04 Mar 2023,samedi,Santé,France,tpe,Starter,23,5,1,"20,0",4,2.1,8,2,4,4,1,20.7,4,0,60.37,violet,eu-w3,control,Déploiement interne limité.,58,1584,0
CLI-001364,23 Dec 2024,lundi,Public,France,TPE,Pro,1,6,3,50.0%,1,0.1,16,4,0,18,4,14.6 h,4,1,"116,62",vert,ap-s1,B,,8,1243,1
CLI-004845,11/05/2024,samedi,TECH,Belgique,TPE, Pro ,9,4,2,50.0,9,5.7,16,3,2,2,1,6.7 h,,0,"110,79",vert,eu-w1,B,,61,1817,0
CLI-003091,2024-03-06,mercredi,PUBLIC,Belgique,eti,pro,11,142,93,65.5,25,"7,2",16,7,2,0,4,12.1,4,0,3489.6,vert,us-e1,A,Suivi standard.,57,68675,0
CLI-002906,2024-03-12,mardi,Éducation,Espagne,TPE,PRO,11,8,5,"62,5",38,20.7,16,8,3,0,3,11.6,4,0,206.9,vert,eu-w1,control,Client très satisfait et actif.,62,1527,0
CLI-002063,10/06/2023,samedi,Commerce,France, ETI ,Enterprise,20,112,22,19.6,1,0.6,40,1,4,0,6,"2,0",3,0,8878.45,bleu,ap-s1,B,Faible adoption des sièges.,67,196569,0
CLI-002262,29 Mar 2024,vendredi,Finance,France, PME ,business,10,12,8,66.7%,33,"15,3",26,11,2,0,4,12.1,3,0,528.48 €,sombre,ap-s1,B,,72,10834,0
CLI-000029,2024-03-07,jeudi,Industrie,Canada,PME,pro,11,27,21,77.8,57,"47,0",16,11,3,1,1,"13,4",3,0,658.93,clair,eu-w3,control,,67,10266,0
CLI-004704,2024-07-28,dimanche,Industrie,,ETI,Business,6,100,23,"23,0",1,,26,1,2,9,5,13.4,2,1,3420.81 €,clair,us-e1,B,,7,19635,1
CLI-003758,17/03/2023,vendredi,commerce,Allemagne,PME,STARTER,23,32,20,62.5%,17,"0,8",8,4,5,1,5,,2,0,428.59 €,sombre,eu-w3,control,"Client insatisfait, risque de départ.",51,36199,0
CLI-000492,28/09/2024,samedi,Éducation,France,TPE,Starter,4,3,2,66.7,43,"16,1",8,6,1,0,0,20.0,5,5,32.95,violet,ap-s1,B,RAS.,38,1216,0
CLI-003718,2024-06-29,samedi, Santé ,France,TPE,BUSINESS,7,9,2,"22,2",1,"0,1",26,12,2,13,7,3.9,2,1,331.1,vert,eu-w1,control,,21,2987,1
CLI-004288,2024-03-31,dimanche,tech,Allemagne,PME,Starter,10,24,10,41.7,14,3.2,8,3,1,0,8,,3,0,262.03,violet,eu-w3,B,,0,1934,1
CLI-001666,11/09/2024,mercredi,Commerce,Espagne,PME,pro,5,27,23,85.2,80,79.1,16,9,0,0,0,14.8,3,0,595.12,clair,eu-w1,control,RAS.,76,3904,0
CLI-002673,2024-02-06,mardi,,Espagne, ETI ,Pro,12,185,156,84.3,55,10.7,16,2,3,1,1,11.3,3,1,4957.73,vert,eu-w3,B,,65,414665,0
CLI-001165,15 Jun 2023,jeudi,SANTÉ,France,GE,BUSINESS,20,503,285,"56,7",39,30.9,26,8,3,5,0,,3,0,22639.17,sombre,eu-w3,B,,64,1373745,0
CLI-002789,25 Aug 2024,dimanche,Tech,France,ETI,Enterprise,5,101,58,57.4%,20,14.5,40,21,1,1,0,6.1,3,2,7287.7,bleu,eu-w3,control,Suivi standard.,12,71711,1
CLI-002444,01/05/2024,mercredi,ÉDUCATION,Suisse,PME,Pro,9,39,17,43.6,7,2.6,16,3,3,1,0,8.6 h,3,1,"1096,75",violet,ap-s1,control,,58,25181,0
CLI-003669,2024-02-02,vendredi,commerce,France,GE, Enterprise ,12,468,101,21.6,2,"0,4",40,7,3,0,1,"2,4",4,0,29005.74 €,vert,eu-w1,control,Faible adoption des sièges.,69,190278,0
CLI-002674,07/11/2024,jeudi,Santé,France,PME,Pro,3,32,24,75.0,42,"26,7",16,10,0,1,2,13.1,4,2,868.77,clair,us-e1,B,Compte dans la moyenne.,46,12111,0
CLI-000108,10 Aug 2024,samedi,FINANCE,Espagne,ge,business,6,140,60,42.9,6,0.4,26,7,0,10,0,3.1,5,3,6578.57,violet,eu-w3,B,,57,210383,0
CLI-002591,10/02/2024,samedi,Finance,France,PME,Pro,12,47,38,80.9,47,25.1,16,11,3,2,1,8.6,5,0,1240.67,violet,us-e1,B,,70,47815,0
CLI-001957,03/01/2025,vendredi,Commerce,Canada,TPE,pro,1,5,4,80.0%,55,,16,10,1,0,0,3.1,5,3,124.8,violet,eu-w1,control,Compte dans la moyenne.,59,1433,0
CLI-003649,2025-01-02,jeudi, Santé ,Belgique,PME,BUSINESS,1,50,24,48.0%,27,20.9,26,10,0,0,4,7.5,4,3,"2003,33",bleu,eu-w1,control,RAS.,55,32855,0
CLI-003177,06/07/2023,jeudi,tech,France,TPE,starter,19,6,4,66.7,30,"11,8",8,4,2,1,4,32.8,3,0,58.2,bleu,ap-s1,control,,52,716,0
CLI-004042,09 Mar 2024,samedi,COMMERCE,Suisse,TPE,Business,11,8,2,"25,0",1,0.1,26,8,0,1,1,4.1,4,0,426.01,clair,eu-w3,B,,59,16418,0
CLI-003653,30 Dec 2024,lundi,Finance,Allemagne,TPE,Pro,1,9,4,44.4,24,"6,7",16,5,0,0,3,7.4,3,0,165.96 €,bleu,ap-s1,A,,51,953,0
CLI-003793,26 Aug 2024,lundi,Commerce,Canada,pme,pro,5,10,3,"30,0",1,0.1,16,2,0,1,2,12.4,,0,201.34,vert,eu-w3,A,Suivi standard.,45,4127,0
CLI-000347,31/08/2023,jeudi,finance,Allemagne,PME,pro,17,38,9,23.7%,9,3.0,16,5,1,1,11,19.2,1,0,954.45,sombre,eu-w1,B,,7,16436,1
CLI-003541,2024-12-04,mercredi,ÉDUCATION,France,TPE,Starter,2,3,2,66.7,15,"9,1",8,4,1,0,3,28.7 h,3,3,"38,55",sombre,eu-w3,control,,12,348,1
CLI-004107,2023-12-09,samedi,Public,France,TPE,STARTER,14,1,1,"100,0",84,65.5,8,5,6,4,2,33.0,3,1,13.2,clair,eu-w1,B,Suivi standard.,58,509,0
CLI-004211,02/01/2024,mardi,Santé,Suisse,tpe,STARTER,13,5,2,40.0%,18,6.3,8,1,2,1,0,12.2,5,0,"64,15",vert,eu-w1,A,,53,2472,0
CLI-003617,12/06/2024,mercredi,Commerce,France,TPE,STARTER,8,5,4,"80,0",91,70.3,8,5,2,0,1,"19,2",5,1,"59,22",vert,us-e1,A,Suivi standard.,53,1263,0
CLI-001157,28/02/2024,mercredi,Industrie,Allemagne,ETI,Pro,11,62,28,45.2%,5,1.2,16,6,1,6,0,"5,1",5,0,1460.49,clair,eu-w1,A,,60,19162,0
CLI-003048,2024-08-09,vendredi, Public ,France,PME,PRO,6,34,32,94.1,112,68.5,16,15,0,3,2,"14,0",4,0,"1013,18",clair,us-e1,A,Suivi standard.,60,10800,0
CLI-001800,2024-09-06,vendredi,TECH,Belgique,pme,Business,5,48,17,35.4,10,0.5,26,10,0,0,0,4.8,4,,2005.6,sombre,us-e1,B,,52,23024,0
CLI-000379,02 Apr 2024,mardi,Éducation,France,PME,STARTER,10,34,18,,14,"10,6",8,1,1,0,2,27.7 h,3,1,432.95,bleu,ap-s1,control,,57,11716,0
CLI-000520,05 May 2023,vendredi, Commerce ,Belgique,PME,Business,21,6,4,66.7,16,"5,6",26,4,4,0,4,,1,0,232.99,clair,eu-w1,control,,62,2293,0
CLI-001399,2024-04-14,dimanche,Tech,Canada,ge,business,10,232,0,0.0%,0,"0,0",26,0,0,105,0,,4,3,10639.37,clair,ap-s1,A,"Compte peu actif, relance nécessaire.",2,139589,1
CLI-002997,10 Aug 2023,jeudi,Industrie,France, TPE ,STARTER,18,6,5,83.3%,53,"48,9",8,6,2,1,4,33.1,,0,61.33,clair,ap-s1,A,,28,1760,1
CLI-003830,31 Oct 2023,mardi,commerce,Allemagne,eti, Enterprise ,15,66,0,0.0,0,0.0,40,0,0,144,2,"3,3",3,0,6529.01,violet,eu-w3,A,,0,283751,1
CLI-001648,12/10/2024,samedi,Santé,Suisse,TPE,PRO,4,1,1,100.0,29,14.7,16,0,2,0,4,,1,0,17.83,violet,ap-s1,control,,51,300,0
CLI-004622,16 Dec 2022,vendredi,tech,France,TPE,PRO,26,6,3,50.0,21,"9,9",16,5,6,1,1,7.4,3,0,180.39 €,vert,ap-s1,A,RAS.,79,2663,0
CLI-003057,2023-07-12,mercredi,Public,Espagne, ETI ,Starter,19,171,18,10.5%,1,0.1,8,0,3,22,5,25.1,3,0,"2245,47",violet,ap-s1,B,,1,51556,1
CLI-004293,04/03/2024,lundi,Santé,France,ETI, Business ,11,187,128,68.4,22,13.9,26,13,2,0,3,"6,9",,0,"9226,6",vert,eu-w1,control,,62,52961,0
CLI-002012,01 Apr 2024,lundi,TECH,,PME,Starter,10,11,4,36.4,25,,8,2,1,3,1,"22,2",4,0,144.09,clair,eu-w1,B,,62,2363,0
CLI-002350,02/01/2025,jeudi,public,Canada,PME,PRO,1,19,9,47.4,3,0.5,16,5,0,5,3,18.0,,1,463.0,bleu,ap-s1,control,Suivi standard.,18,7973,1
CLI-003242,09/08/2024,vendredi,TECH,Belgique,PME,Business,6,28,4,14.3,4,,26,1,3,5,0,4.4,4,1,,sombre,eu-w3,A,Faible adoption des sièges.,55,7970,0
CLI-002552,08 Nov 2023,mercredi,Commerce,Espagne,TPE,Starter,15,9,4,44.4%,1,0.3,8,2,5,7,2,29.6,3,0,122.46,vert,eu-w1,control,,65,3715,0
CLI-004414,06 Apr 2024,samedi,Tech,Canada, ETI ,Enterprise,10,68,57,83.8,46,"40,6",40,21,1,2,1,0.5,4,0,"4974,21",clair,eu-w3,A,,65,110129,0
CLI-004185,02/09/2024,lundi,,Allemagne,ETI,Pro,5,207,72,34.8,6,2.2,16,3,0,4,1,7.9,3,2,4821.58,vert,ap-s1,B,Compte dans la moyenne.,6,39537,1
CLI-004734,23 Dec 2024,lundi,Éducation,Canada,ETI,Pro,1,169,39,23.1,1,"0,4",16,6,1,30,0,15.9,4,2,3951.71,bleu,ap-s1,A,Faible adoption des sièges.,50,25923,0
CLI-001826,02/05/2024,jeudi,Tech,France,TPE,starter,9,8,6,75.0,51,41.8,8,1,3,0,4,25.9,3,1,90.35,sombre,us-e1,control,,21,1926,1
CLI-000687,14/02/2024,mercredi,TECH,France,PME,Starter,12,38,23,60.5,24,16.1,8,3,0,2,1,30.0 h,4,0,518.44,clair,us-e1,control,,54,9353,0
CLI-004519,2025-01-10,vendredi, Tech ,Allemagne,ETI,Business,1,175,89,50.9,16,,26,3,0,1,1,"4,2",5,5,"7294,17",violet,eu-w3,control,Compte dans la moyenne.,44,71775,0
CLI-004021,2024-09-30,lundi, Tech ,France,PME,Pro,4,11,3,27.3%,5,2.4,16,4,0,11,1,13.9,4,1,246.71,violet,eu-w1,control,Suivi standard.,23,4451,1
CLI-000375,2024-02-06,mardi,Tech,France,ETI,business,12,191,14,7.3%,1,"0,1",26,1,4,23,3,4.0,4,0,8358.03,bleu,us-e1,A,Déploiement interne limité.,49,75389,0
CLI-002709,03/01/2025,vendredi, Industrie ,France,PME,BUSINESS,1,41,17,41.5%,7,3.3,26,8,0,1,8,8.7,3,3,1931.48,clair,ap-s1,control,Support très sollicité récemment.,0,17422,1
CLI-002726,2024-01-01,lundi,,Belgique, ETI ,enterprise,13,132,77,58.3,30,,40,19,1,0,0,0.5,,1,11809.92,sombre,ap-s1,control,,75,261472,0
CLI-002245,2024-02-15,jeudi,Commerce,Belgique,PME,STARTER,12,27,17,63.0%,22,"9,0",8,3,2,1,1,20.9,4,1,346.61,bleu,ap-s1,B,,56,11369,0
CLI-001516,2025-01-06,lundi,Commerce,Espagne,PME,Starter,1,21,0,0.0,0,0.0,8,0,0,30,7,35.9,3,0,"196,63",violet,eu-w1,A,Support très sollicité récemment.,0,806,1
CLI-002969,2022-10-08,samedi, Santé ,France,TPE,Starter,28,8,6,75.0%,57,"37,8",8,4,5,0,1,22.6,3,0,107.17,sombre,eu-w1,B,Suivi standard.,68,4833,0
CLI-001324,2024-07-11,jeudi,Finance,Belgique,pme,Pro,7,18,7,"38,9",11,0.6,16,6,2,5,0,4.2,4,2,502.92,violet,eu-w3,A,,39,15671,0
CLI-001654,05 Jan 2025,dimanche,finance,France,pme,Pro,1,38,24,63.2,37,19.6,16,6,0,1,7,20.1 h,3,2,979.41,violet,eu-w3,A,,2,9637,1
CLI-002221,2023-08-04,vendredi,Finance,France,eti,Pro,18,195,105,53.8,27,23.1,16,4,10,2,0,8.5,4,0,,clair,eu-w1,B,Client très satisfait et actif.,82,180656,0
CLI-000408,20/07/2023,jeudi,ÉDUCATION,France,PME,pro,19,49,35,71.4,50,32.7,16,10,3,1,4,18.7,,,1208.61,bleu,ap-s1,B,RAS.,69,11893,0
CLI-001216,2023-11-03,vendredi,Finance,Belgique,TPE, Starter ,15,2,1,50.0%,1,"0,1",8,3,4,7,5,"21,6",3,1,22.13,clair,eu-w3,B,,21,617,1
CLI-001356,2024-04-06,samedi,Tech,France,TPE,pro,10,1,1,"100,0",77,"53,5",16,5,4,0,0,0.5,5,0,24.29,violet,eu-w3,control,Client très satisfait et actif.,72,418,0
CLI-000465,2022-09-23,vendredi,Commerce,France,PME,Starter,29,51,44,86.3,77,73.2,8,4,9,1,7,26.6,4,0,"736,46",violet,eu-w1,B,,83,8455,0
CLI-004658,17 Jun 2023,samedi,Santé,France,pme, Business ,20,29,20,69.0,19,14.9,26,11,7,4,2,"6,4",3,0,1406.36,clair,ap-s1,A,Compte dans la moyenne.,65,36903,0
CLI-004362,01/09/2024,dimanche,Santé,France,PME,Business,5,39,27,69.2,39,"31,7",26,10,0,1,6,6.3 h,2,4,1717.07,clair,us-e1,control,,44,12672,0
CLI-003516,12 Jul 2024,vendredi,public,France,ETI, Pro ,7,187,0,,0,0.0,16,0,,58,0,"7,1",4,0,4205.14,bleu,ap-s1,B,,29,13793,0
CLI-001308,16/01/2024,mardi,commerce,Espagne,PME,Starter,13,21,3,14.3,1,0.6,8,1,5,2,2,19.5,4,0,278.09,vert,eu-w3,A,Déploiement interne limité.,63,3421,0
CLI-000617,30 Jul 2024,mardi,tech,,PME,enterprise,6,33,15,45.5,32,17.5,40,11,2,0,6,"5,5",3,0,2324.2,bleu,eu-w3,A,RAS.,17,106727,1
CLI-002845,01/09/2024,dimanche,Éducation,France, ETI ,pro,5,154,103,66.9,27,8.3,16,8,2,2,0,"8,2",5,1,"3908,82",clair,eu-w3,A,,69,25642,0
CLI-002027,2024-04-12,vendredi,,Suisse,PME,Pro,10,22,13,59.1,33,15.5,16,6,4,2,2,6.8,4,2,650.96,clair,eu-w3,control,Client très satisfait et actif.,62,11743,0
CLI-000856,29/09/2024,dimanche,Finance,Belgique,TPE,Pro,4,9,4,"44,4",13,6.6,16,5,2,3,4,15.5 h,3,1,222.33,clair,eu-w3,control,,42,2370,0
CLI-001405,15 Mar 2024,vendredi, Tech ,Allemagne, PME ,Starter,11,18,9,50.0%,30,15.0,8,2,0,1,2,24.3,3,0,264.35,bleu,eu-w1,A,,23,10405,1
CLI-002630,2024-08-29,jeudi, Industrie ,Espagne,PME,Starter,5,12,10,83.3,48,32.0,8,5,3,1,1,16.8,5,1,148.5,clair,eu-w1,A,,61,2192,0
CLI-003986,2024-12-24,mardi,Éducation,France,GE,BUSINESS,1,649,285,43.9%,8,"4,0",26,13,0,2,0,6.5,4,4,25887.27,clair,eu-w3,A,Suivi standard.,8,403324,1
CLI-003732,2023-07-10,lundi, Industrie ,France,PME,PRO,19,8,5,,32,"11,2",16,9,7,0,3,"11,7",2,0,"238,4",bleu,eu-w1,control,,78,6647,0
CLI-000422,01 Sep 2023,vendredi,Santé,Allemagne, TPE ,Pro,17,7,2,28.6,5,1.5,16,1,3,3,2,8.5,4,0,149.87,violet,us-e1,control,,61,3564,0
CLI-002991,09 Oct 2023,lundi, Public ,Allemagne,GE,ENTERPRISE,16,151,69,45.7%,22,22.3,40,21,2,0,0,"3,0",5,0,11567.7,clair,eu-w3,A,RAS.,81,227652,0
CLI-004117,24 Nov 2024,dimanche,Public,France,PME,Enterprise,2,29,16,55.2,11,5.9,40,6,0,1,4,3.0,3,2,"1647,66",sombre,us-e1,B,,44,8106,0
CLI-000495,31 Dec 2024,mardi, Tech ,Espagne,TPE,STARTER,1,6,3,"50,0",30,8.2,8,2,0,1,2,19.3,3,1,79.05,violet,us-e1,control,,46,4732,0
CLI-002035,02/01/2025,jeudi, Industrie ,France,PME,Starter,1,38,10,26.3%,1,0.3,8,2,0,30,4,31.8 h,3,0,"408,24",bleu,us-e1,control,,8,4352,1
CLI-004627,2023-08-13,dimanche,industrie,France,PME, Starter ,18,51,0,0.0,0,0.0,8,0,0,49,8,44.5 h,3,0,"732,65",vert,ap-s1,control,Support très sollicité récemment.,0,16221,1
CLI-004174,30/09/2023,samedi,Public,Espagne,PME,PRO,16,13,2,"15,4",1,"0,1",16,2,6,4,4,12.3 h,3,0,236.83,sombre,ap-s1,A,Faible adoption des sièges.,65,2330,0
CLI-000550,05 Jan 2025,dimanche,commerce,France,GE,Business,1,237,109,46.0,19,7.1,26,5,0,1,0,3.3,5,1,11121.49,violet,eu-w3,A,,57,136794,0
CLI-001931,2023-08-13,dimanche,ÉDUCATION,France,PME,BUSINESS,18,47,0,"0,0",0,0.0,26,0,0,96,3,4.7,4,0,2624.01,vert,eu-w1,control,,0,109736,1
CLI-001416,13/05/2023,samedi,Santé,France,PME,pro,21,14,10,71.4,56,"23,8",16,8,7,1,8,13.6 h,5,0,349.59,sombre,us-e1,B,Support très sollicité récemment.,63,4873,0
CLI-001014,2025-01-02,jeudi, Industrie ,Allemagne,tpe,Pro,1,8,3,37.5,1,0.4,16,3,0,1,6,12.6,,2,191.85 €,sombre,ap-s1,A,,19,6450,1
CLI-003476,01/06/2024,samedi,SANTÉ,France,TPE, Starter ,8,2,1,"50,0",30,17.1,8,2,2,0,0,,4,2,23.8,violet,eu-w3,control,,47,371,0
CLI-001749,2023-05-12,vendredi,Santé,Espagne,TPE,starter,21,8,2,"25,0",8,0.4,8,2,2,5,0,31.4,3,0,"101,92",clair,eu-w3,control,Compte dans la moyenne.,56,836,0
CLI-002619,02 Jan 2025,jeudi,finance,France,TPE,pro,1,1,1,100.0,38,22.9,16,8,0,0,0,4.5,4,5,25.32,sombre,ap-s1,A,,59,664,0
CLI-001924,10/10/2024,jeudi,Éducation,Allemagne,ETI,BUSINESS,4,73,18,"24,7",2,0.3,26,4,0,5,4,,2,2,"3017,21",violet,eu-w1,control,,41,27215,0
CLI-001382,03 Sep 2024,mardi,Commerce,France, TPE ,Starter,5,11,5,45.5,19,7.7,8,3,1,0,6,38.2,2,2,,bleu,us-e1,B,"Client insatisfait, risque de départ.",0,2041,1
CLI-001068,05 Apr 2024,vendredi,ÉDUCATION,Suisse,TPE,STARTER,10,11,5,45.5,15,"5,1",8,2,2,0,4,37.0,1,,141.76,bleu,ap-s1,B,,22,3255,1
CLI-002072,16 Mar 2024,samedi,Éducation,France,TPE,STARTER,11,11,1,9.1,1,0.1,8,0,0,9,3,28.8,3,0,119.3,violet,us-e1,control,Déploiement interne limité.,24,4011,1
CLI-000914,2023-11-05,dimanche,,France,PME,Pro,15,41,16,39.0,13,4.2,16,4,3,3,0,7.4,4,0,849.86,sombre,eu-w1,A,,57,16725,0
CLI-002486,06/02/2024,mardi,SANTÉ,France,PME,Pro,12,54,38,70.4,39,16.8,16,7,,3,1,10.4,4,1,1406.8,sombre,eu-w1,A,RAS.,51,73829,0
CLI-000935,29 Dec 2024,dimanche,Industrie,France,TPE,Pro,1,4,2,,1,0.7,16,8,0,1,1,12.4,,1,101.57 €,vert,eu-w3,A,,21,2415,1
CLI-002456,15/11/2022,mardi,ÉDUCATION,France,ETI,BUSINESS,27,78,72,,63,44.5,26,11,4,2,1,3.3,3,0,4817.33 €,violet,us-e1,B,,81,316017,0
CLI-001149,2024-07-30,mardi,Public,France,TPE,Starter,6,11,9,81.8,68,34.7,8,3,3,2,3,,4,1,155.72,bleu,eu-w3,A,Client très satisfait et actif.,33,12258,1
CLI-002141,2023-06-14,mercredi,Commerce,France, TPE ,starter,20,3,3,100.0,86,51.3,8,5,5,0,0,16.1 h,4,0,"39,61",clair,eu-w3,B,,86,1721,0
CLI-001608,14/10/2023,samedi,PUBLIC,,PME,Business,16,6,3,50.0%,15,0.8,26,4,2,3,0,3.4,,0,312.16 €,vert,us-e1,A,Compte dans la moyenne.,66,3328,0
CLI-002610,19/06/2022,dimanche,Santé,Suisse,PME,Business,32,29,17,58.6,31,"12,2",26,16,6,1,4,9.6,4,0,1756.07,bleu,eu-w3,control,,84,172797,0
CLI-002722,21 Nov 2022,lundi,ÉDUCATION,France,TPE,starter,27,7,2,"28,6",2,0.4,8,1,5,4,2,32.5,1,0,85.55,bleu,eu-w3,A,"Client insatisfait, risque de départ.",64,3788,0
CLI-004073,10 Apr 2024,mercredi, Commerce ,France,TPE,Starter,10,8,5,62.5,16,10.6,8,5,4,2,6,,,1,102.15,vert,eu-w3,control,,44,3267,0
CLI-003362,29/12/2023,vendredi, Industrie ,Belgique,PME,Pro,13,50,16,,1,,16,6,2,30,2,14.8,1,0,1145.11,clair,ap-s1,A,,7,31926,1
CLI-002971,01 May 2024,mercredi,TECH,France,PME,Enterprise,9,17,9,52.9,25,12.8,40,16,0,0,1,1.7 h,3,0,,vert,ap-s1,control,,53,22355,0
CLI-001853,10 Jan 2025,vendredi, Éducation ,France,GE,Enterprise,1,143,57,39.9%,14,"5,5",40,11,0,0,0,6.2,4,0,"13582,92",violet,eu-w1,control,,49,155932,0
CLI-004561,14/05/2023,dimanche,Santé,Allemagne,PME,pro,21,50,32,64.0,22,1.1,16,5,4,1,2,6.2,3,0,1179.4,violet,ap-s1,A,Compte dans la moyenne.,88,37717,0
CLI-002776,2025-01-03,vendredi,Éducation,France,TPE,Starter,1,2,1,"50,0",5,1.0,8,4,0,1,2,"27,6",3,6,"17,72",violet,ap-s1,control,,0,300,1
CLI-002353,18/06/2023,dimanche,commerce,France,PME,Enterprise,20,56,43,76.8,77,"48,3",40,22,6,1,0,1.8,4,0,5056.94,bleu,eu-w3,A,"Compte engagé, ambassadeur potentiel.",80,49760,0
CLI-000067,2024-07-14,dimanche,finance,Canada,TPE,starter,7,5,3,60.0,19,1.0,8,3,4,1,7,39.3,3,0,"60,79",sombre,eu-w1,A,"Multiples tickets ouverts, friction élevée.",43,798,0
CLI-004508,05/01/2025,dimanche, Éducation ,France,ETI, Pro ,1,178,48,27.0,3,0.2,16,5,0,13,5,"14,9",2,0,"4178,77",sombre,us-e1,control,,0,23986,1
CLI-002837,23/11/2024,samedi,Tech,France, PME ,STARTER,2,34,21,61.8,36,"21,7",8,3,1,1,5,34.9,3,5,"425,03",sombre,us-e1,A,,0,7668,1
CLI-001188,2023-06-02,vendredi,Éducation,France, ETI ,BUSINESS,20,56,50,,72,47.4,26,20,6,0,4,7.5,4,0,2499.74 €,bleu,eu-w3,A,"Compte engagé, ambassadeur potentiel.",83,180381,0
CLI-002758,06 Jul 2024,samedi,Santé,Allemagne,TPE,Starter,7,6,5,83.3%,55,10.4,8,5,1,0,0,20.0,5,0,73.0,vert,us-e1,A,,55,2095,0
CLI-000996,2023-11-02,jeudi,Finance,France, TPE ,Starter,15,7,4,57.1,11,"4,6",8,2,0,2,13,56.5,1,,"120,75",vert,eu-w3,B,,0,6337,1
CLI-002567,2024-06-04,mardi,TECH,France, TPE ,Starter,8,5,3,60.0%,56,,8,2,2,0,1,22.9,3,1,63.41,bleu,eu-w1,control,RAS.,25,780,1
CLI-002247,09 Nov 2024,samedi,SANTÉ,Espagne, TPE , Starter ,3,11,3,27.3%,5,0.7,8,2,1,10,2,"23,1",3,0,117.0,sombre,ap-s1,A,,53,480,0
CLI-002998,2024-01-07,dimanche,finance,Espagne,eti,pro,13,142,57,40.1%,19,5.6,16,6,2,0,4,,3,1,3579.97,clair,eu-w1,B,RAS.,49,26420,0
CLI-002089,2024-08-04,dimanche,Industrie,France,PME,Pro,6,13,8,61.5,26,5.2,16,4,1,1,0,"8,9",5,1,,bleu,eu-w1,A,Compte dans la moyenne.,70,1570,0
CLI-002237,13/05/2024,lundi,Tech,France,PME,Starter,9,24,3,12.5,1,0.1,8,0,1,2,5,,,0,274.25,bleu,ap-s1,A,Déploiement interne limité.,50,3148,0
CLI-000438,06 Jan 2025,lundi,FINANCE,France,TPE,PRO,1,11,6,54.5,34,27.7,16,8,0,1,4,12.1,5,1,229.37,sombre,eu-w1,B,Suivi standard.,14,2633,1
CLI-002760,2023-06-15,jeudi,Commerce,France,PME,Business,20,8,4,50.0,6,2.0,26,6,2,1,5,9.9,,0,298.85 €,sombre,eu-w3,control,,58,3431,0
CLI-000364,14 Jun 2024,vendredi, Éducation ,France,PME,Business,8,10,7,70.0,24,"6,1",26,8,1,1,3,13.1,4,1,"484,39",clair,eu-w1,B,,58,12710,0
CLI-004811,2024-04-13,samedi, Finance ,Suisse,tpe,pro,10,6,0,,0,"0,0",16,0,0,37,1,9.5,4,2,175.63,violet,ap-s1,A,,13,2160,1
CLI-003232,05 Jan 2025,dimanche,COMMERCE,France,GE,ENTERPRISE,1,218,73,33.5,9,2.4,40,16,0,1,1,1.3,3,4,"16707,69",clair,eu-w3,control,Compte dans la moyenne.,26,205505,1
CLI-000345,2024-10-09,mercredi,,France, ETI ,Pro,4,187,171,91.4,79,"40,2",16,9,0,1,2,"6,0",4,1,5304.26 €,vert,us-e1,control,Suivi standard.,52,17398,0
CLI-004699,20/06/2023,mardi,Commerce,France,TPE,Starter,20,6,2,33.3,5,0.9,8,2,7,2,2,23.5,3,0,63.54,vert,eu-w1,control,,67,2084,0
CLI-003428,09 Jan 2025,jeudi,TECH,France,TPE,Starter,1,6,5,83.3,77,29.9,8,6,0,0,6,"30,8",1,4,68.38,violet,eu-w3,A,,0,300,1
CLI-004985,07 Oct 2023,samedi,SANTÉ,Suisse,PME,Pro,16,18,8,44.4,14,7.3,16,6,2,4,5,18.1,,0,"531,0",clair,eu-w3,B,,49,44413,0
CLI-004675,02 Dec 2023,samedi,éducation,France,PME,STARTER,14,39,20,51.3%,29,2.9,8,2,4,1,2,21.0,3,,"532,36",sombre,eu-w1,A,,51,13969,0
CLI-003762,11/05/2023,jeudi,public,France,PME,Pro,21,28,7,25.0,1,"0,2",16,3,4,30,1,"8,2",5,0,515.13,sombre,eu-w1,B,,71,2112,0
CLI-004299,13/07/2024,samedi,Industrie,Belgique,PME,starter,7,40,10,25.0%,2,"0,6",8,0,0,2,3,33.4,,0,518.21,bleu,eu-w1,A,RAS.,0,3824,1
CLI-003794,10 Mar 2024,dimanche,Finance,Belgique,ETI,Pro,11,101,81,"80,2",86,68.9,16,6,1,1,3,10.2,4,2,"2791,56",clair,us-e1,A,Compte dans la moyenne.,52,103009,0
CLI-000992,03 Apr 2024,mercredi,Commerce,Canada,TPE,Starter,10,11,5,45.5,10,3.0,8,2,4,2,3,"26,6",3,0,"118,86",sombre,us-e1,B,,45,3021,0
CLI-002989,2024-07-08,lundi, Commerce ,Allemagne,TPE, Starter ,7,7,3,"42,9",7,1.7,8,2,0,1,1,"34,2",3,2,"88,19",violet,eu-w3,control,,11,651,1
CLI-000829,2024-01-05,vendredi,Tech,France,pme,Business,13,19,4,21.1%,1,0.4,26,2,2,1,1,6.3,2,0,664.18,vert,eu-w3,control,Mécontentement exprimé au support.,59,11982,0
CLI-003399,14 Jun 2024,vendredi,Commerce,France,eti,ENTERPRISE,8,89,0,0.0,0,0.0,40,0,0,75,6,4.6,4,0,5364.85,bleu,ap-s1,A,,0,43992,1
CLI-002172,15 Jan 2024,lundi,Industrie,Espagne,GE,Enterprise,13,310,151,48.7,23,,40,18,4,3,4,,4,0,"23100,8",vert,eu-w3,B,,68,1003961,0
CLI-002254,2024-01-14,dimanche,commerce,France,pme,Pro,13,13,0,"0,0",0,"0,0",16,0,0,57,5,"18,0",2,0,308.37,clair,eu-w3,B,"Client insatisfait, risque de départ.",0,1011,1
CLI-004329,01 Jan 2025,mercredi,Finance,France,PME,Pro,1,17,8,"47,1",21,"7,0",16,3,0,0,0,3.9,5,1,320.17,violet,eu-w3,control,RAS.,53,1838,0
CLI-002249,10 Dec 2023,dimanche,industrie,France,tpe,Starter,14,11,0,"0,0",0,0.0,8,0,0,33,2,,3,2,"117,09",sombre,eu-w1,A,Déploiement interne limité.,5,1536,1
CLI-002342,2023-02-06,lundi,Éducation,Belgique,tpe,Starter,24,9,2,22.2,4,1.2,8,4,6,7,2,30.2,3,0,101.69,bleu,eu-w1,control,,72,2251,0
CLI-001464,07 Jan 2024,dimanche,Tech,Canada,TPE,Starter,13,6,4,66.7,28,20.1,8,3,2,0,0,10.0 h,5,0,79.66,bleu,ap-s1,A,Suivi standard.,77,1894,0
CLI-000884,2024-02-05,lundi,INDUSTRIE,Allemagne,PME,BUSINESS,12,13,9,69.2,51,26.6,26,13,3,2,3,9.0,3,0,"706,04",bleu,eu-w3,B,,58,12737,0
CLI-002013,14 Jun 2024,vendredi,Commerce,Belgique,PME,Pro,8,49,0,"0,0",0,0.0,16,0,0,52,5,19.1,2,0,1038.23 €,bleu,ap-s1,B,"Client insatisfait, risque de départ.",2,21284,1
CLI-001129,2023-03-22,mercredi,TECH,Canada,GE,BUSINESS,23,338,27,,1,0.1,26,6,6,0,0,"1,0",5,0,17518.74,vert,ap-s1,A,Faible adoption des sièges.,100,660807,0
CLI-002905,16/04/2023,dimanche,,France,TPE,Starter,22,5,0,"0,0",0,0.0,8,0,0,49,10,45.9 h,1,0,65.08,sombre,us-e1,control,Mécontentement exprimé au support.,0,5657,1
CLI-002892,2023-05-03,mercredi, Tech ,Allemagne,PME,BUSINESS,21,17,9,"52,9",20,"6,2",26,1,2,0,3,10.1,4,,942.98,violet,eu-w1,B,Suivi standard.,65,52581,0
CLI-001392,2024-03-15,vendredi,Éducation,France,PME,Starter,11,27,9,"33,3",5,"2,2",8,3,1,4,3,19.4,4,0,"341,5",sombre,eu-w3,control,RAS.,47,8121,0
CLI-003599,2024-11-11,lundi,santé,France,TPE,Starter,3,3,1,33.3,1,0.1,8,0,2,11,4,19.2,3,3,"29,93",vert,ap-s1,control,,13,300,1
CLI-001772,01 Jul 2024,lundi,Santé,France, TPE ,Starter,7,10,1,10.0,1,0.1,8,2,0,10,4,,1,1,103.32,violet,us-e1,A,Mécontentement exprimé au support.,0,1186,1
CLI-000235,07 Feb 2023,mardi, Industrie ,Espagne, ETI ,Business,24,155,62,"40,0",14,0.7,26,8,2,0,5,9.3,3,0,"6560,8",clair,us-e1,B,,69,177535,0
CLI-001039,16 Jul 2023,dimanche,Industrie,Canada,GE,Business,19,749,529,70.6,35,1.8,26,6,7,0,4,11.5,2,0,,bleu,ap-s1,B,Mécontentement exprimé au support.,55,1155148,0
CLI-004987,04/08/2023,vendredi,FINANCE,Belgique,PME,Pro,18,55,26,"47,3",8,"3,1",16,5,2,3,3,12.1,3,0,1577.67 €,bleu,eu-w1,A,,58,24580,0
CLI-000695,2024-07-14,dimanche,commerce,Belgique,PME,pro,7,8,3,37.5,8,"2,2",16,6,2,0,0,3.5,5,2,166.9,clair,us-e1,B,,61,1232,0
CLI-003859,2024-01-06,samedi,santé,Belgique,GE,Enterprise,13,350,255,"72,9",60,19.4,40,19,3,1,1,0.5,3,0,"30580,97",vert,eu-w1,A,,77,1003056,0
CLI-001724,2024-10-29,mardi,COMMERCE,Allemagne,TPE,Starter,3,5,2,40.0%,23,11.6,8,3,0,3,0,14.8,4,0,56.49 €,sombre,eu-w3,control,,53,741,0
CLI-003728,07/08/2022,dimanche,Public,France,pme,Pro,30,8,5,62.5%,24,8.7,16,7,5,2,4,16.1,2,,170.39,clair,eu-w3,control,,70,1118,0
CLI-004886,03/12/2024,mardi,Commerce,Allemagne,TPE,Pro,2,3,1,33.3,1,"0,3",16,4,0,9,5,"10,5",2,0,"77,14",violet,eu-w1,A,Mécontentement exprimé au support.,5,696,1
CLI-003715,06/12/2023,mercredi,,Espagne,PME,Enterprise,14,26,19,73.1,67,29.9,40,15,2,1,0,3.3 h,,0,2460.12 €,clair,eu-w3,control,Suivi standard.,70,90778,0
CLI-002547,04/02/2024,dimanche,Industrie,Espagne,TPE, Starter ,12,1,1,100.0,67,10.3,8,3,4,2,0,15.6 h,4,0,15.28,bleu,ap-s1,B,Client très satisfait et actif.,74,476,0
CLI-002091,30/03/2024,samedi,,Espagne,ETI,Enterprise,10,131,65,49.6,13,5.4,40,10,2,4,5,2.2,1,0,11420.38,clair,ap-s1,control,Mécontentement exprimé au support.,66,159200,0
CLI-003285,13 May 2024,lundi,santé,France,TPE,STARTER,9,1,1,100.0,109,62.6,8,5,5,0,1,30.2,4,0,14.59,sombre,ap-s1,A,"Compte engagé, ambassadeur potentiel.",59,300,0
CLI-003198,2024-06-30,dimanche,Industrie,France,TPE,STARTER,7,9,0,0.0,0,0.0,8,0,0,55,0,,5,2,122.28,bleu,ap-s1,control,Déploiement interne limité.,6,5114,1
CLI-000857,2022-12-10,samedi,Santé,Belgique,PME,PRO,26,43,20,46.5%,5,,16,4,10,7,0,7.9,4,0,888.24,vert,eu-w1,control,"Compte engagé, ambassadeur potentiel.",91,13110,0
CLI-002379,14 Jan 2024,dimanche,santé,France, PME ,Pro,13,28,24,85.7,65,41.6,16,9,3,0,2,"9,4",3,0,699.79,sombre,eu-w3,control,Suivi standard.,58,10903,0
CLI-004142,04/10/2023,mercredi,Éducation,,ETI,Business,16,54,38,70.4,47,23.5,26,8,2,0,0,5.8,5,0,2912.05,vert,eu-w1,B,,72,74024,0
CLI-003621,04 Jul 2024,jeudi,Tech,France,tpe,Starter,7,4,0,0.0,0,"0,0",8,0,0,54,2,27.0,4,2,"46,65",violet,ap-s1,B,,0,1148,1
CLI-002288,13/04/2023,jeudi, Commerce ,Allemagne,PME,pro,22,14,10,71.4,15,7.8,16,4,5,5,3,15.6,4,0,386.76 €,sombre,us-e1,control,"Compte engagé, ambassadeur potentiel.",62,7611,0
CLI-001287,13/03/2024,mercredi, Éducation ,France,TPE,PRO,11,6,4,66.7,48,"24,6",16,7,0,3,1,"14,8",3,,171.03,clair,eu-w1,control,Suivi standard.,59,2104,0
CLI-001040,2024-12-28,samedi,,Canada,PME,Business,1,40,9,22.5,1,0.1,26,1,1,8,3,6.8,2,4,1600.27,vert,eu-w1,control,"Client insatisfait, risque de départ.",0,18371,1
CLI-004535,01 Jan 2025,mercredi,Commerce,France,PME,Pro,1,45,22,48.9,21,6.7,16,6,0,1,2,11.2,4,4,1121.86 €,violet,eu-w1,A,Suivi standard.,8,42317,1
CLI-003729,09/05/2024,jeudi,Commerce,France,eti,Pro,9,214,91,"42,5",7,"1,1",16,4,3,10,1,12.6,5,3,4466.14,clair,eu-w3,B,,52,58596,0
CLI-001670,26 Jul 2024,vendredi,Finance,France,PME,PRO,6,13,7,"53,8",16,"2,3",16,4,0,4,0,"8,6",4,0,"377,39",clair,eu-w3,B,,57,3095,0
CLI-003495,06 Jan 2025,lundi,,Espagne,GE,PRO,1,549,212,38.6%,1,"0,5",16,4,0,15,1,,4,7,12407.41,sombre,eu-w1,B,,13,111915,1
CLI-004110,02 Oct 2024,mercredi,Commerce,France,TPE,Pro,4,10,5,50.0,28,"15,1",16,8,,0,0,1.7,5,1,236.88,vert,us-e1,B,,58,3302,0
CLI-003546,11/12/2023,lundi,Industrie,Espagne,TPE, Starter ,14,11,8,,37,"17,9",8,5,1,2,0,21.3 h,3,0,"149,63",violet,eu-w1,A,,64,3313,0
CLI-002559,23/12/2024,lundi,Commerce,France,tpe,Pro,1,6,0,0.0,0,"0,0",16,0,0,30,4,11.7,5,0,"128,11",bleu,ap-s1,control,Faible adoption des sièges.,13,2731,1
CLI-001225,27 Jun 2024,jeudi,COMMERCE,Suisse, PME , Business ,7,22,17,77.3,32,24.5,26,12,1,0,5,2.7,3,1,918.4,bleu,ap-s1,A,,63,3012,0
CLI-000845,18 Aug 2023,vendredi,TECH,Allemagne,PME, Business ,18,36,21,58.3,42,15.7,26,15,4,0,2,7.3,2,0,"2134,27",vert,us-e1,B,"Client insatisfait, risque de départ.",72,154009,0
CLI-001787,05/08/2024,lundi,Tech,Canada,PME,Pro,6,58,0,,0,0.0,16,0,0,87,3,16.6,4,0,1580.78 €,sombre,us-e1,B,,0,107588,1
CLI-000261,08 Sep 2023,vendredi,TECH,France,TPE,Starter,17,10,3,30.0,4,"0,6",8,1,3,3,1,23.0,4,0,140.3,violet,us-e1,B,Client très satisfait et actif.,46,4027,0
CLI-001504,05 Nov 2024,mardi, Commerce ,France,PME, Starter ,3,40,37,92.5%,115,58.6,8,4,1,1,0,17.2,4,3,570.03 €,clair,eu-w3,control,,59,11218,0
CLI-004666,2024-12-25,mercredi,tech,France,ETI,Business,1,156,81,,15,9.2,26,7,0,4,0,8.4 h,3,1,5369.89 €,sombre,ap-s1,B,Suivi standard.,21,39630,1
CLI-004770,03/08/2023,jeudi, Finance ,Suisse,ETI,enterprise,18,167,73,43.7,15,6.4,40,13,2,2,4,,4,0,12935.34,vert,eu-w3,A,,60,222747,0
CLI-003974,2024-01-08,lundi, Éducation ,Belgique,TPE,STARTER,13,4,1,25.0,8,2.1,8,3,4,1,2,30.5,,0,48.54,vert,ap-s1,B,,6,3144,1
CLI-002450,11/04/2024,jeudi,commerce,Suisse,TPE,Starter,10,8,3,"37,5",1,0.4,8,3,0,6,1,10.5,4,0,104.7,vert,eu-w1,B,,12,1374,1
CLI-003844,2024-03-15,vendredi,COMMERCE,Belgique,ETI,business,11,144,36,25.0,12,7.2,26,5,4,1,3,7.5 h,4,0,6623.75,vert,us-e1,A,Client très satisfait et actif.,67,152081,0
CLI-001587,08/01/2024,lundi, Industrie ,France,tpe,Starter,13,5,3,60.0,39,20.9,8,4,1,0,1,21.3,4,0,"60,8",violet,ap-s1,A,,45,1944,0
CLI-002677,2023-12-04,lundi, Finance ,France, PME ,Enterprise,14,46,0,"0,0",0,"0,0",40,0,0,39,4,6.6,3,0,4101.17,vert,eu-w3,A,,9,60533,1
CLI-002169,10 Jul 2024,mercredi,Finance,France,TPE,Starter,7,11,4,"36,4",14,1.6,8,2,1,2,4,28.1,3,1,127.61,bleu,eu-w1,control,,7,1465,1
CLI-004696,02/10/2024,mercredi,tech,Suisse,TPE,Pro,4,3,1,33.3%,15,0.8,16,6,,1,2,15.0,2,2,73.76,sombre,ap-s1,A,"Client insatisfait, risque de départ.",40,726,0
CLI-000633,2024-06-30,dimanche,industrie,Belgique,PME,Enterprise,7,48,0,"0,0",0,0.0,40,0,0,71,1,"6,9",4,3,3854.6,violet,eu-w1,control,"Compte peu actif, relance nécessaire.",1,53733,1
CLI-002198,04 Jan 2025,samedi,finance,Suisse,PME,Starter,1,51,46,90.2,64,"31,4",8,4,0,0,1,22.7,4,1,740.85 €,vert,eu-w1,B,Compte dans la moyenne.,51,3037,0
CLI-002248,31/05/2024,vendredi,Tech,France,tpe, Pro ,8,2,1,50.0%,27,7.8,16,6,1,1,0,"7,7",3,1,49.4,violet,us-e1,A,Compte dans la moyenne.,49,810,0
CLI-002675,2024-03-31,dimanche,TECH,France,eti,pro,10,147,49,"33,3",13,"2,2",16,4,4,1,1,11.5,3,1,4382.02 €,clair,eu-w1,control,RAS.,62,197629,0
CLI-003001,2024-08-04,dimanche,Éducation,Allemagne,ETI,Pro,6,106,36,34.0,5,1.8,16,4,2,6,0,9.7,4,0,2736.47,clair,eu-w1,A,,47,56098,0
CLI-000116,01/10/2024,mardi,Commerce,Belgique,TPE,starter,4,3,1,33.3%,10,3.6,8,3,1,2,0,"12,3",4,2,26.23,sombre,eu-w3,B,Suivi standard.,7,581,1
CLI-001015,31 Mar 2024,dimanche,Finance,France,TPE,Pro,10,8,7,"87,5",69,48.4,16,9,1,1,1,"11,3",4,0,202.24,bleu,eu-w1,B,RAS.,10,4146,1
CLI-001154,2023-08-31,jeudi,Public,France,PME,Starter,17,11,7,63.6,27,"9,6",8,3,3,1,0,"13,8",4,0,"157,36",vert,ap-s1,B,,73,12129,0
CLI-002002,30/01/2024,mardi,COMMERCE,Canada,PME, Pro ,12,59,9,"15,3",1,0.2,16,2,6,18,6,16.6,2,1,1351.67,sombre,us-e1,A,,10,19951,1
CLI-003781,31 Dec 2024,mardi, Commerce ,, TPE ,Pro,1,10,6,60.0,34,10.9,16,9,0,0,3,,4,0,254.59,sombre,us-e1,B,Suivi standard.,54,1253,0
CLI-003777,2024-07-31,mercredi,Finance,France,TPE,Pro,6,8,4,50.0,26,"13,4",16,3,1,2,3,12.3,3,0,204.79,clair,ap-s1,control,,25,2687,1
CLI-004426,18 Feb 2023,samedi,Finance,France,PME,pro,24,53,17,32.1,6,"0,8",16,4,5,1,2,11.4,4,0,1551.29 €,sombre,us-e1,B,"Compte engagé, ambassadeur potentiel.",62,40706,0
CLI-000010,2023-05-07,dimanche,Commerce,France,TPE, Pro ,21,1,1,100.0%,73,64.5,16,8,2,0,1,10.8,4,0,26.36,bleu,eu-w1,control,RAS.,74,303,0
CLI-004941,2023-08-06,dimanche,Tech,Belgique,TPE,BUSINESS,18,11,8,72.7,43,13.7,26,14,2,0,4,7.6,3,0,"478,15",clair,us-e1,A,,66,7057,0
CLI-001635,2024-04-07,dimanche,TECH,,PME,PRO,10,29,23,"79,3",42,24.4,16,13,2,0,0,8.0,4,0,,bleu,eu-w3,control,,53,31060,0
CLI-003253,2024-10-11,vendredi,Éducation,Suisse,PME,Business,4,50,35,70.0,48,"38,0",26,17,0,1,0,4.7,5,1,"1973,21",clair,us-e1,A,,13,11326,1
CLI-000834,2023-11-29,mercredi,Commerce,Espagne,ETI,Business,14,57,44,77.2,29,12.9,26,8,,1,1,1.8 h,4,0,"2411,27",vert,us-e1,control,,75,108748,0
CLI-004458,09 Mar 2024,samedi,public,Allemagne, PME , Business ,11,48,20,"41,7",10,2.7,26,14,1,9,0,4.8,5,0,2380.61,bleu,eu-w1,B,Suivi standard.,64,39042,0
CLI-002836,12 Nov 2023,dimanche,finance,Belgique,ETI,Enterprise,15,98,25,25.5,1,"0,1",40,1,2,17,6,"3,5",2,0,5648.19,bleu,eu-w3,A,Mécontentement exprimé au support.,51,46315,0
CLI-001815,2024-07-29,lundi,tech,Canada, TPE ,Pro,6,7,5,,51,"34,0",16,8,1,1,3,10.1,4,1,138.79,clair,eu-w3,B,,65,1138,0
CLI-002710,02/02/2024,vendredi,Tech,France, PME ,business,12,26,6,23.1%,1,0.1,26,4,,6,2,4.3,4,1,1136.85 €,vert,ap-s1,A,,57,5593,0
CLI-002749,04 Aug 2024,dimanche,commerce,Espagne,PME,STARTER,6,54,33,61.1,34,"16,8",8,1,0,0,1,,,2,"609,06",vert,us-e1,control,Suivi standard.,14,5993,1
CLI-001619,07 Nov 2023,mardi,Éducation,Belgique,GE,Business,15,765,415,,26,"12,6",26,7,0,0,9,11.3,1,0,31201.7,vert,ap-s1,A,,43,716391,0
CLI-004011,2024-02-29,jeudi,Commerce,Canada,TPE,STARTER,11,8,0,0.0,0,0.0,8,0,0,33,1,6.4,5,2,"81,83",clair,us-e1,A,Faible adoption des sièges.,18,1007,1
CLI-000892,05 Dec 2023,mardi,Tech,Canada,TPE,Starter,14,3,1,33.3,1,0.1,8,2,3,17,2,20.5,5,0,33.65,sombre,us-e1,control,,22,717,1
CLI-003683,23 Dec 2024,lundi,ÉDUCATION,France, TPE ,Pro,1,5,1,20.0%,6,2.6,16,6,,2,0,10.3 h,5,2,"112,94",vert,eu-w3,control,Faible adoption des sièges.,51,370,0
CLI-001377,2023-01-08,dimanche,Éducation,France,tpe,Pro,25,5,4,80.0,55,37.6,16,9,,0,6,19.1,,1,,violet,ap-s1,A,Client très satisfait et actif.,59,7636,0
CLI-001171,2024-12-05,jeudi,Commerce,France,TPE,Business,2,2,1,50.0,26,18.7,26,14,0,0,7,7.2,3,1,90.91,clair,ap-s1,control,,55,1565,0
CLI-001792,2024-05-15,mercredi,Finance,France,ETI,business,9,80,65,81.2,55,46.4,26,12,0,1,0,"4,7",5,2,4111.14 €,vert,us-e1,control,,72,57309,0
CLI-001286,12 Jul 2022,mardi,Commerce,France,PME, Business ,31,19,7,36.8,6,"1,7",26,5,8,8,5,7.7,3,0,1017.66 €,vert,eu-w3,A,,71,13352,0
CLI-004071,31 Dec 2024,mardi,Tech,Belgique,PME,Starter,1,19,15,,40,"7,4",8,5,0,0,1,19.7,3,0,246.0,bleu,us-e1,control,,52,3631,0
CLI-002108,2023-10-10,mardi, Industrie ,France,PME,pro,16,41,10,24.4%,3,0.7,16,0,7,11,1,10.7,3,0,814.92,clair,eu-w3,B,,67,10692,0
CLI-001620,2024-05-14,mardi, Tech ,Allemagne,pme,Pro,9,57,28,49.1%,4,1.2,16,6,2,6,2,16.7,4,1,1333.53,clair,eu-w1,control,,57,36085,0
CLI-003757,29 Mar 2024,vendredi,Tech,France, ETI , Pro ,10,170,46,27.1%,1,"0,3",16,3,4,0,7,,3,0,4457.44,bleu,eu-w1,control,Support très sollicité récemment.,13,105998,1
CLI-004075,17/12/2023,dimanche,Santé,, PME ,PRO,14,25,9,36.0,1,,16,4,1,6,5,20.4,2,0,631.41,clair,us-e1,B,,3,7249,1
CLI-003085,28 Dec 2024,samedi, Santé ,France,PME,Pro,1,24,4,"16,7",1,"0,4",16,4,0,5,3,13.5 h,4,2,480.27,clair,us-e1,A,Déploiement interne limité.,47,2363,0
CLI-002903,24/12/2024,mardi,Tech,Espagne,PME, Business ,1,36,26,72.2%,46,35.6,26,9,0,0,3,7.1,3,1,"1283,62",vert,ap-s1,control,Compte dans la moyenne.,40,8421,0
CLI-003691,05 Jan 2025,dimanche, Santé ,Espagne,PME,Starter,1,25,8,32.0,1,0.1,8,2,1,2,3,23.6 h,3,2,292.4 €,violet,eu-w1,B,RAS.,13,4076,1
CLI-003713,2023-07-04,mardi,finance,,TPE,Business,19,8,2,25.0%,3,0.5,26,12,4,3,6,5.2,,0,,bleu,ap-s1,A,,63,8789,0
CLI-003945,11/10/2024,vendredi,Public,Suisse,tpe,Starter,4,6,2,33.3,19,17.6,8,3,2,1,1,17.3,4,1,"76,65",bleu,us-e1,control,,60,754,0
CLI-002853,2024-01-09,mardi, Commerce ,France,ETI,Pro,13,107,29,27.1,5,0.2,16,6,2,15,2,5.4,4,1,2673.08,vert,eu-w3,A,Compte dans la moyenne.,69,24111,0
CLI-004368,08 Aug 2023,mardi,Finance,France,pme,Pro,18,52,13,25.0%,3,0.7,16,6,5,0,2,7.1,4,0,1111.18,vert,us-e1,control,,69,10934,0
CLI-003422,14/06/2024,vendredi,commerce,France, ETI ,ENTERPRISE,8,54,37,68.5%,38,,40,7,0,0,0,0.5,4,1,"4177,25",violet,us-e1,control,,60,99335,0
CLI-002507,2022-11-09,mercredi,TECH,Espagne,PME, Business ,27,33,19,57.6%,9,1.2,26,9,7,6,7,5.7,4,0,"1470,41",violet,eu-w1,B,Support très sollicité récemment.,75,144688,0
CLI-001200,2024-12-28,samedi,Finance,France, TPE ,pro,1,3,1,33.3%,16,,16,4,0,3,1,11.7,5,2,56.03,vert,eu-w1,control,RAS.,48,322,0
CLI-003254,2023-11-11,samedi,,Suisse,tpe,Starter,15,5,4,80.0,72,56.6,8,4,2,1,5,"34,1",2,0,73.06,bleu,ap-s1,control,,4,1618,1
CLI-000172,2024-03-09,samedi,industrie,Belgique, PME ,Starter,11,29,14,48.3,12,,8,2,1,6,3,22.7,3,2,336.54,vert,us-e1,A,,42,4139,0
CLI-003625,01 Oct 2023,dimanche,Santé,France,PME,PRO,16,10,3,30.0,3,0.8,16,5,3,1,0,,4,0,213.47 €,vert,ap-s1,B,,63,2451,0
CLI-003517,08/07/2023,samedi,Santé,Belgique,TPE,Starter,19,3,2,66.7,14,9.0,8,1,4,0,4,24.6,4,0,34.55,sombre,eu-w1,control,,49,1643,0
CLI-003060,03/08/2024,samedi,Industrie,France, PME ,Enterprise,6,26,17,65.4%,23,15.4,40,23,1,2,0,0.5,3,6,1735.53,vert,ap-s1,control,Compte dans la moyenne.,13,11385,1
CLI-004821,01 Oct 2024,mardi,Commerce,France,TPE, Starter ,4,2,0,0.0,0,0.0,8,0,0,55,4,33.0,2,1,20.92 €,sombre,eu-w1,A,,0,300,1
CLI-003614,05 May 2024,dimanche,Tech,France,PME, Business ,9,17,9,52.9,29,"14,0",26,10,3,0,0,,5,1,765.55,bleu,eu-w3,control,,56,13811,0
CLI-004819,14/12/2023,jeudi,,France,PME,Pro,14,57,27,47.4%,17,"9,7",16,4,5,0,6,16.4,,0,1509.54,violet,us-e1,control,Suivi standard.,52,19805,0
CLI-004651,2024-09-05,jeudi,Commerce,Allemagne,PME, Pro ,5,44,22,50.0,20,3.7,16,3,0,3,0,9.7,4,1,1010.15 €,violet,us-e1,A,,17,9112,1
CLI-003039,18/06/2023,dimanche,public,France,ETI,enterprise,20,217,155,"71,4",43,14.6,40,14,7,1,2,2.4,3,0,18877.64,violet,eu-w1,control,,80,232195,0
CLI-003833,11 Oct 2024,vendredi,Tech,France,PME,Business,4,48,21,43.8,18,6.6,26,7,1,0,0,4.2,4,2,1844.98,violet,eu-w3,control,,59,18155,0
CLI-004149,07/04/2024,dimanche,Industrie,France, PME , Pro ,10,24,11,"45,8",20,4.5,16,3,1,1,0,"6,3",4,1,483.38,bleu,eu-w1,A,,58,13477,0
CLI-002054,07/07/2023,vendredi,finance,France,TPE,Starter,19,11,5,45.5,29,12.7,8,3,0,0,0,5.1,5,0,129.26,bleu,eu-w1,B,,24,3498,1
CLI-001233,18/10/2023,mercredi,Commerce,France, PME ,Starter,16,10,3,"30,0",6,3.3,8,4,6,10,9,22.8,3,0,114.89,clair,us-e1,A,,36,6783,1
CLI-003424,2023-09-18,lundi,Commerce,France,TPE,STARTER,17,7,5,71.4,53,"34,8",8,4,4,1,3,,4,0,84.79,sombre,eu-w1,control,,68,1391,0
CLI-002099,2024-08-03,samedi,,Allemagne,TPE,Starter,6,5,1,"20,0",1,0.5,8,0,0,27,7,37.8,2,0,58.18,vert,ap-s1,control,"Client insatisfait, risque de départ.",0,716,1
CLI-002120,30 May 2024,jeudi,Tech,Espagne,GE,Business,8,804,0,0.0%,0,"0,0",26,0,0,39,5,"7,1",2,1,32673.43 €,bleu,eu-w1,control,"Client insatisfait, risque de départ.",2,1339611,1
CLI-004549,07/01/2025,mardi,Éducation,,tpe, Business ,1,3,1,33.3,8,5.6,26,9,0,6,0,"2,5",5,4,"106,85",violet,eu-w1,B,Suivi standard.,9,701,1
CLI-004544,03/01/2025,vendredi,,Suisse,ETI,business,1,182,56,"30,8",3,"0,7",26,4,0,2,1,5.5 h,4,4,6536.71 €,violet,ap-s1,B,,33,96482,0
CLI-000120,2023-12-12,mardi,Tech,France,ETI, Business ,14,55,42,76.4,30,15.6,26,7,4,0,1,"6,0",2,0,2066.03,sombre,eu-w3,control,Mécontentement exprimé au support.,67,47436,0
CLI-001212,2024-10-25,vendredi,Santé,France,GE,Business,3,499,257,51.5%,13,0.6,26,10,1,1,1,6.5,3,0,20598.2 €,violet,us-e1,A,Compte dans la moyenne.,49,135124,0
CLI-004400,21 Apr 2023,vendredi, Commerce ,Belgique,TPE,Starter,22,10,3,"30,0",10,"6,6",8,4,6,2,2,20.3,4,0,"118,83",sombre,eu-w1,A,"Compte engagé, ambassadeur potentiel.",66,1364,0
CLI-001682,01 Jun 2024,samedi,TECH,Canada,TPE,starter,8,9,7,77.8%,34,7.9,8,3,2,2,7,31.1,2,1,119.34 €,violet,eu-w1,control,Mécontentement exprimé au support.,42,5774,0
CLI-004384,06 Jun 2023,mardi,Santé,Espagne,ETI,Enterprise,20,113,90,"79,6",63,44.1,40,14,2,1,5,"6,0",2,0,9206.91,bleu,ap-s1,control,,62,158543,0
CLI-001732,30/11/2023,jeudi,,Belgique,TPE, Starter ,14,9,7,"77,8",5,,8,4,5,2,1,26.7,2,1,122.96,clair,ap-s1,B,,55,2521,0
CLI-002094,12/07/2023,mercredi,FINANCE,France,eti, Business ,19,85,68,80.0,46,"17,1",26,14,5,2,7,9.2,1,0,4046.15,clair,us-e1,B,,62,209024,0
CLI-001550,03 Apr 2024,mercredi,Tech,France,TPE,STARTER,10,11,8,72.7,26,,8,3,,0,2,15.1 h,4,0,137.74,clair,us-e1,A,RAS.,53,2824,0
CLI-001078,04 Jan 2025,samedi,Commerce,Suisse,TPE,Starter,1,8,5,"62,5",22,7.1,8,3,0,1,3,"24,7",4,1,86.67 €,violet,eu-w1,A,Suivi standard.,0,1777,1
CLI-004248,11 Jan 2024,jeudi,Santé,,ETI,Enterprise,13,146,43,29.5,9,4.6,40,14,3,1,0,1.2,5,0,11497.46,sombre,eu-w1,control,Client très satisfait et actif.,76,131991,0
CLI-000785,2024-06-07,vendredi,Commerce,Espagne,PME, Business ,8,42,9,"21,4",4,2.1,26,7,5,0,1,3.7,4,0,,vert,ap-s1,control,,24,8163,1
CLI-004882,06/05/2023,samedi,Éducation,France,tpe,Starter,21,9,4,44.4,23,9.6,8,2,6,0,0,18.3,,0,129.33 €,clair,ap-s1,control,Client très satisfait et actif.,80,5409,0
CLI-003856,2023-01-14,samedi,Commerce,France,PME,Business,25,36,10,27.8,11,5.6,26,5,8,4,0,7.2,4,0,1634.1,bleu,eu-w1,A,,79,41539,0
CLI-003779,23 Nov 2024,samedi,Finance,Suisse,GE,Pro,2,407,241,59.2,17,11.5,16,2,0,2,2,12.7,2,0,10429.35,sombre,us-e1,control,,58,153937,0
CLI-001526,2025-01-07,mardi,TECH,France,GE,business,1,633,282,"44,5",1,"0,1",26,6,0,26,0,,5,3,27125.25,violet,eu-w3,control,,7,489340,1
CLI-004346,04 Nov 2023,samedi,Public,Espagne, PME ,Pro,15,14,6,"42,9",10,1.4,16,5,2,0,6,"12,5",4,0,"348,18",sombre,eu-w3,B,,63,2570,0
CLI-000320,19/07/2023,mercredi,,Belgique,TPE,Business,19,4,1,25.0,5,0.5,26,6,5,4,1,,5,0,191.04,violet,us-e1,A,"Compte engagé, ambassadeur potentiel.",74,9869,0
CLI-000451,2023-12-01,vendredi,COMMERCE,Canada,PME,Pro,14,48,20,"41,7",12,7.2,16,7,6,0,3,14.3,2,0,"1243,77",sombre,eu-w1,A,,58,18358,0
CLI-004477,11/09/2024,mercredi,SANTÉ,Suisse,PME,Pro,5,15,4,26.7,6,,16,5,2,0,1,3.7,5,0,"376,08",violet,ap-s1,control,RAS.,56,9868,0
CLI-000462,2024-08-03,samedi,Tech,France, PME ,Pro,6,7,4,57.1,24,10.3,16,4,0,1,2,12.0,4,0,"144,87",vert,eu-w3,control,Suivi standard.,51,1188,0
CLI-001976,2024-06-26,mercredi,tech,France,PME,PRO,7,26,22,"84,6",40,27.6,16,6,2,2,3,"12,8",4,1,694.36,bleu,eu-w3,A,RAS.,65,18789,0
CLI-000964,15 Apr 2023,samedi,,France,ETI,Pro,22,102,20,"19,6",1,0.4,16,3,6,17,2,10.5,5,0,2461.31 €,clair,eu-w3,control,Déploiement interne limité.,59,24219,0
CLI-001411,04/11/2024,lundi,commerce,Suisse,ETI,Pro,3,53,42,79.2,69,"42,2",16,8,1,0,7,18.2,2,3,1297.27,sombre,us-e1,control,,0,73400,1
CLI-001462,2023-12-04,lundi,,Allemagne,GE,BUSINESS,14,387,194,50.1%,17,,26,8,2,3,2,3.4,,,17013.43,clair,ap-s1,A,,51,390628,0
CLI-004707,2024-12-29,dimanche,Commerce,France,PME,Business,1,59,32,54.2,41,17.4,26,10,0,0,5,5.3,,3,"2391,94",violet,eu-w3,A,,49,31382,0
CLI-000908,30 Apr 2024,mardi,Finance,France, PME ,Starter,9,48,41,85.4,78,66.4,8,3,3,2,3,18.0 h,5,,782.11,clair,eu-w1,control,"Compte engagé, ambassadeur potentiel.",53,27577,0
CLI-002107,2023-07-19,mercredi,Tech,France,ETI,Business,19,91,15,16.5%,1,0.4,26,3,2,12,4,5.5 h,3,0,3649.81,vert,eu-w3,control,Déploiement interne limité.,64,44893,0
CLI-000274,08 Oct 2023,dimanche, Finance ,,TPE,Starter,16,8,6,75.0,18,"3,6",8,3,4,1,6,"24,2",4,0,82.36,bleu,us-e1,A,Client très satisfait et actif.,63,743,0
CLI-001902,07/10/2023,samedi,industrie,France,pme,BUSINESS,16,20,10,"50,0",21,2.4,26,7,3,0,7,"6,4",2,,891.27,violet,eu-w1,A,,60,13886,0
CLI-003464,2024-06-03,lundi,finance,France,TPE,Pro,8,10,7,70.0,18,4.2,16,7,,3,3,11.0,4,0,"311,14",violet,us-e1,control,Suivi standard.,51,6123,0
CLI-003980,2024-12-26,jeudi,Industrie,Canada, ETI ,Business,1,149,33,22.1,11,0.6,26,8,0,0,0,,5,4,"6792,25",sombre,eu-w1,control,,43,178229,0
CLI-001836,23/12/2024,lundi, Public ,France,PME, Starter ,1,9,0,"0,0",0,0.0,8,0,0,30,6,35.0 h,2,0,80.0 €,violet,ap-s1,A,"Client insatisfait, risque de départ.",8,328,1
CLI-001824,2024-09-07,samedi,Commerce,France,PME, Starter ,5,48,6,12.5,1,0.1,8,1,2,4,7,,4,1,539.36,bleu,ap-s1,B,,14,2654,1
CLI-002711,2023-04-11,mardi,Industrie,Allemagne, PME ,Enterprise,22,8,1,"12,5",5,1.2,40,7,2,12,4,3.8,4,0,674.58 €,clair,eu-w3,control,,72,5532,0
CLI-000789,2023-04-05,mercredi,Santé,Espagne, ETI ,enterprise,22,141,72,51.1,33,17.1,40,18,3,0,3,"4,2",4,0,11229.06,vert,eu-w1,B,,82,147325,0
CLI-003583,31 Aug 2024,samedi,Éducation,France,TPE,Starter,5,9,8,88.9,76,30.0,8,6,2,1,1,27.0,3,3,118.27 €,vert,eu-w1,control,RAS.,49,2328,0
CLI-001119,2023-11-07,mardi,Commerce,France,PME, Pro ,15,22,0,"0,0",0,"0,0",16,0,0,60,0,8.9,5,0,551.5 €,violet,eu-w3,control,Déploiement interne limité.,17,33465,1
CLI-001193,10/01/2025,vendredi, Commerce ,France, ETI ,Business,1,208,146,70.2,48,44.9,26,13,0,0,0,1.0,4,5,9163.84,vert,ap-s1,B,RAS.,51,82658,0
CLI-000233,31/08/2024,samedi,Finance,France,TPE,Starter,5,10,2,"20,0",1,0.5,8,0,0,20,0,"25,3",3,3,92.48,violet,us-e1,control,Déploiement interne limité.,10,531,1
CLI-004190,05/10/2023,jeudi,Santé,Canada,PME,Business,16,7,3,42.9,12,"5,3",26,8,0,1,1,8.2,3,0,328.86,clair,us-e1,control,,30,5933,1
CLI-002824,03/09/2024,mardi,Commerce,Espagne,TPE,Pro,5,10,8,80.0%,81,32.3,16,9,1,2,0,"14,4",4,2,258.99,bleu,ap-s1,control,Suivi standard.,57,8070,0
CLI-004272,29 Jun 2024,samedi,COMMERCE,France,ETI,Pro,7,124,39,"31,5",2,0.4,16,2,1,30,1,6.1,5,1,"3403,91",sombre,eu-w1,control,,52,64198,0
CLI-003881,24 Dec 2024,mardi,COMMERCE,Belgique,eti,Business,1,187,115,"61,5",27,11.1,26,2,0,0,0,3.7,5,0,9184.37 €,clair,ap-s1,B,,53,331372,0
CLI-001053,2023-11-02,jeudi, Santé ,France,TPE, Pro ,15,7,6,"85,7",63,"27,3",16,8,1,0,2,14.6 h,4,0,"172,94",bleu,us-e1,B,,66,5105,0
CLI-002391,2025-01-07,mardi,Public,Belgique,TPE,Pro,1,9,6,66.7,40,24.8,16,6,0,0,0,5.6,5,3,197.21,sombre,eu-w1,B,,20,1617,1
CLI-002522,10 Jun 2022,vendredi, Industrie ,France, PME ,Starter,32,27,13,"48,1",4,,8,1,6,7,1,,5,1,409.23,clair,us-e1,control,,76,14765,0
CLI-004765,2024-01-01,lundi,Tech,Canada,ETI,Starter,13,53,22,41.5%,11,"1,7",8,4,2,1,1,"29,6",4,0,"605,07",violet,eu-w3,control,,21,5458,1
CLI-002490,04/03/2023,samedi,SANTÉ,France,TPE,Pro,23,10,5,"50,0",1,,16,5,3,30,3,11.0,4,0,257.56,violet,ap-s1,A,,55,1267,0
CLI-003981,04 Feb 2024,dimanche,finance,France,pme,Business,12,24,13,54.2,16,"6,8",26,13,2,0,3,"9,2",3,1,1073.14 €,sombre,us-e1,B,,21,34319,1
CLI-002398,08 May 2024,mercredi,Finance,France,PME, Starter ,9,41,20,48.8,9,4.0,8,3,1,4,9,35.2,2,0,"595,5",vert,eu-w1,control,,0,6348,1
CLI-004218,05/04/2024,vendredi,Commerce,Suisse,PME,Pro,10,24,16,66.7,47,"25,7",16,7,3,1,0,,4,0,"559,84",violet,ap-s1,B,,70,2754,0
CLI-002280,06 Jan 2025,lundi,COMMERCE,Suisse, TPE ,PRO,1,2,1,50.0,18,5.8,16,3,0,3,1,10.9,5,3,,sombre,eu-w3,control,,32,500,0
CLI-002635,04 Nov 2023,samedi,COMMERCE,France,GE,Business,15,559,158,"28,3",15,10.8,26,9,1,1,3,7.7,3,0,24260.32,bleu,eu-w1,A,,57,139254,0
CLI-002914,03 Jan 2024,mercredi,COMMERCE,Suisse,ETI, Enterprise ,13,199,96,"48,2",4,0.5,40,11,3,0,0,"4,4",3,0,"13484,78",sombre,ap-s1,A,Compte dans la moyenne.,77,210093,0
CLI-002851,27 Jul 2024,samedi,industrie,France,tpe,STARTER,6,11,9,81.8%,62,55.2,8,6,2,3,0,"14,3",5,1,176.08,bleu,ap-s1,A,,63,5053,0
CLI-001549,06/04/2023,jeudi,Éducation,Belgique, GE ,enterprise,22,313,0,0.0,0,0.0,40,0,0,35,0,4.8,2,0,"23068,42",vert,us-e1,control,,58,208077,0
CLI-003866,2024-12-31,mardi, Industrie ,France,PME,Starter,1,47,0,0.0%,0,0.0,8,0,0,30,6,,,1,516.06,clair,us-e1,control,Déploiement interne limité.,0,11849,1
CLI-002796,09 Dec 2023,samedi,tech,France,PME,Business,14,13,10,76.9,24,,26,8,4,1,0,6.2,3,0,681.95,violet,us-e1,B,Compte dans la moyenne.,67,25723,0
CLI-000627,2024-02-09,vendredi,finance,France,TPE, Starter ,12,5,4,80.0,37,"25,9",8,4,2,1,3,"26,7",4,,60.85 €,sombre,eu-w1,A,,62,748,0
CLI-003802,06 Jan 2025,lundi,Public,France,ETI,Pro,1,73,10,"13,7",4,0.5,16,2,0,2,0,6.1,,2,1355.41,vert,eu-w3,B,,46,4446,0
CLI-000336,08 Jan 2025,mercredi,Finance,France,ETI,Enterprise,1,35,15,42.9,20,"9,1",40,23,0,0,5,2.6,3,2,2680.07,clair,ap-s1,B,Compte dans la moyenne.,12,15384,1
CLI-001488,19 Jul 2023,mercredi,Santé,Allemagne,GE,BUSINESS,19,618,54,8.7%,1,0.1,26,1,2,10,4,"6,1",2,0,24345.66,violet,eu-w1,B,,61,578940,0
CLI-003921,2024-05-15,mercredi,tech,Allemagne,tpe, Starter ,9,7,2,"28,6",7,1.2,8,3,1,2,2,32.7,2,1,66.76,clair,ap-s1,A,,16,1150,1
CLI-004642,05/05/2024,dimanche,Commerce,France,eti,business,9,46,27,58.7,26,"14,6",26,10,1,1,3,8.7,3,1,2192.31,violet,us-e1,B,,61,21572,0
CLI-003918,30/11/2023,jeudi,Commerce,Espagne, GE ,BUSINESS,14,665,528,79.4%,57,31.6,26,19,3,1,1,4.6,4,0,28300.47,bleu,eu-w3,control,Client très satisfait et actif.,76,464128,0
CLI-002345,24 Dec 2024,mardi,Éducation,Suisse,PME,PRO,1,14,10,"71,4",8,2.1,16,4,0,2,3,10.3,5,0,382.93 €,clair,eu-w1,control,,58,7222,0
CLI-002846,2024-05-12,dimanche,éducation,France,TPE,Starter,9,2,1,50.0%,4,1.5,8,3,0,0,0,19.8,4,,18.73 €,sombre,ap-s1,B,,54,300,0
CLI-003203,2024-12-31,mardi, Commerce ,France,GE,Business,1,467,255,54.6,30,14.4,26,6,0,6,2,"5,2",4,3,"16888,71",sombre,us-e1,control,,10,263126,1
CLI-001048,13 Dec 2022,mardi,Public,France,ETI,PRO,26,47,26,55.3,29,"7,4",16,6,5,1,0,13.9,4,0,"1196,27",bleu,us-e1,B,,84,55914,0
CLI-002829,16 Jun 2023,vendredi,Éducation,,GE,Enterprise,20,866,201,23.2,5,"3,2",40,8,3,0,4,3.0,4,0,"56725,27",sombre,us-e1,B,Faible adoption des sièges.,69,1721045,0
CLI-002565,2024-05-04,samedi,,France,TPE,Starter,9,11,7,63.6,29,11.7,8,4,,6,5,27.3 h,3,1,145.53,vert,eu-w1,A,,45,3341,0
CLI-002634,19/10/2022,mercredi,santé,France,GE,ENTERPRISE,28,141,76,53.9%,10,"0,5",40,12,5,2,1,4.9,4,0,13574.62,vert,eu-w1,B,,76,166968,0
CLI-003371,06 Apr 2024,samedi,commerce,France,PME,business,10,24,18,75.0,49,9.3,26,14,2,1,0,"3,4",4,1,926.84,bleu,eu-w3,A,RAS.,56,10640,0
CLI-003179,2024-04-29,lundi,santé,France, ETI ,PRO,9,68,21,30.9,13,2.0,16,4,1,3,0,3.1,4,1,1873.22,bleu,eu-w1,A,,65,32257,0
CLI-002046,29/09/2024,dimanche,Tech,France,GE,enterprise,4,844,533,63.2,14,"3,5",40,22,1,0,2,3.7,4,2,68015.99,violet,eu-w1,A,,46,1003916,0
CLI-002664,30 Nov 2023,jeudi,Industrie,France,ge,Enterprise,14,557,72,,1,0.1,40,1,4,5,0,"0,6",4,1,33504.58,violet,eu-w3,A,,68,302211,0
CLI-000909,26 Jul 2024,vendredi, Commerce ,France,PME, Pro ,6,28,5,17.9,1,"0,1",16,5,1,30,7,14.3,2,3,724.95 €,violet,eu-w1,B,"Client insatisfait, risque de départ.",3,6539,1
CLI-002058,30 Dec 2024,lundi,Éducation,France,ETI,Enterprise,1,47,41,87.2%,76,19.5,40,22,0,0,4,5.8,3,2,"3717,89",sombre,ap-s1,A,,56,45730,0
CLI-004401,08 Jul 2024,lundi,Industrie,Espagne,PME,Pro,7,18,13,72.2,67,"23,7",16,6,1,1,1,5.4,,,"465,59",clair,ap-s1,B,Compte dans la moyenne.,42,12981,0
CLI-002983,2023-09-18,lundi,santé,Allemagne,TPE,Business,17,3,1,33.3%,17,7.2,26,7,7,2,0,3.8,4,,121.33 €,sombre,us-e1,A,,86,2885,0
CLI-000396,15 May 2024,mercredi,,Canada,TPE,Starter,9,7,4,57.1%,1,0.2,8,1,0,27,7,38.7,2,0,"68,97",clair,eu-w1,B,Mécontentement exprimé au support.,0,396,1
CLI-000441,05 Feb 2023,dimanche,Santé,Suisse,pme,Business,24,44,0,0.0,0,0.0,26,0,0,54,2,8.1 h,3,0,2374.6,clair,us-e1,A,,17,99306,1
CLI-002621,01/02/2024,jeudi,TECH,France,pme,Business,12,8,1,"12,5",3,0.2,26,8,3,1,1,6.7,4,0,366.55,sombre,ap-s1,B,Déploiement interne limité.,69,4208,0
CLI-000885,06/02/2024,mardi,TECH,France,ETI,pro,12,62,44,71.0,53,41.0,16,10,1,0,7,19.2,3,0,"1250,39",sombre,eu-w1,B,Support très sollicité récemment.,5,13329,1
CLI-002986,10 May 2024,vendredi,Public,Canada, TPE ,Pro,9,7,2,28.6%,1,,16,4,1,30,0,4.1,5,2,,sombre,us-e1,control,,58,3099,0
CLI-003147,07/01/2024,dimanche,Tech,France,pme,pro,13,26,4,15.4,1,0.1,16,0,10,17,5,18.1 h,1,0,556.54,sombre,us-e1,control,,36,8215,0
CLI-004463,06/08/2024,mardi,Éducation,France,TPE,Starter,6,6,3,"50,0",25,11.5,8,3,1,0,3,23.4,2,2,"78,62",bleu,ap-s1,A,Mécontentement exprimé au support.,34,2708,0
CLI-001426,15 Dec 2023,vendredi,Éducation,France,pme,Pro,14,36,31,86.1%,59,50.8,16,10,,0,3,17.3,2,1,984.86,bleu,us-e1,A,,57,33111,0
CLI-004031,2024-12-25,mercredi,Tech,Allemagne,TPE,Starter,1,7,3,42.9,1,0.1,8,0,0,1,2,23.5,3,5,86.12,vert,us-e1,B,,1,1483,1
CLI-004080,09 Sep 2024,lundi, Santé ,France,PME,PRO,5,20,15,75.0,50,,16,9,1,4,0,11.9,4,0,544.11 €,clair,eu-w1,B,,49,24539,0
CLI-004818,09 Jan 2024,mardi,COMMERCE,Allemagne,tpe,Pro,13,1,1,100.0,45,23.2,16,6,1,1,2,6.2,4,0,30.41,violet,eu-w3,B,,61,1347,0
CLI-002014,10/02/2023,vendredi,industrie,France,ETI,BUSINESS,24,136,75,"55,1",28,,26,11,9,0,1,3.4,4,0,5841.44,sombre,eu-w1,B,Client très satisfait et actif.,88,239499,0
CLI-001293,09 May 2024,jeudi,,Canada,TPE,STARTER,9,1,1,100.0,80,30.1,8,5,1,1,8,"30,8",3,,14.18,violet,us-e1,control,"Multiples tickets ouverts, friction élevée.",47,300,0
CLI-003306,2023-10-30,lundi,Commerce,Espagne,PME,PRO,15,48,0,0.0%,0,0.0,16,0,0,31,3,14.4,3,0,1137.15,violet,ap-s1,B,,29,16784,1
CLI-002738,30 Nov 2023,jeudi,COMMERCE,France,ETI,Pro,14,183,35,"19,1",1,0.3,16,2,6,25,4,"15,2",3,0,4339.46,violet,eu-w1,control,Faible adoption des sièges.,60,142334,0
CLI-002400,2023-04-06,jeudi,tech,France, PME ,business,22,42,13,31.0,1,"0,1",26,5,6,30,0,0.5,5,0,1723.95,sombre,eu-w1,control,,64,38168,0
CLI-000224,2024-10-02,mercredi,Tech,France,PME,Pro,4,51,36,"70,6",24,"11,4",16,7,0,0,3,,4,,"1003,18",vert,us-e1,A,,57,5758,0
CLI-004194,05 May 2024,dimanche,Santé,Espagne, PME ,Business,9,39,8,"20,5",1,0.1,26,11,4,29,0,4.1,5,0,1646.7,clair,us-e1,A,,47,24305,0
CLI-002518,11/05/2024,samedi,finance,Belgique,TPE,starter,9,9,9,100.0,120,89.4,8,4,0,2,1,19.5,4,1,124.48,vert,ap-s1,B,,71,919,0
CLI-003527,30/01/2024,mardi,tech,Suisse, PME ,Starter,12,47,42,89.4,79,45.7,8,5,2,0,2,"28,7",3,0,845.35,clair,eu-w1,B,,57,31193,0
CLI-004844,14/03/2024,jeudi,Santé,France,pme,Business,11,58,12,20.7,1,0.1,26,5,4,11,7,11.2,3,0,"2335,99",bleu,us-e1,B,,54,45972,0
CLI-001721,04/09/2023,lundi, Tech ,Espagne,PME,starter,17,56,12,21.4,3,0.6,8,1,5,10,4,35.7 h,1,0,672.63,sombre,us-e1,B,,57,19856,0
CLI-003463,12/04/2024,vendredi,,France,PME,Pro,10,9,5,,32,"24,7",16,7,2,2,5,8.2,3,1,"242,47",sombre,eu-w3,control,,55,5567,0
CLI-001480,2023-11-09,jeudi,Commerce,Belgique, PME ,Pro,15,48,31,64.6,61,39.0,16,9,1,0,2,"18,6",3,0,1213.88,vert,ap-s1,control,,64,3982,0
CLI-002322,2023-10-09,lundi,Commerce,France,PME,Business,16,36,30,"83,3",48,26.0,26,15,8,0,5,11.2,2,0,2038.54,bleu,eu-w3,B,Mécontentement exprimé au support.,72,48476,0
CLI-002919,01/04/2024,lundi,éducation,France,TPE,STARTER,10,3,2,66.7%,22,"1,1",8,2,4,1,2,28.2,4,1,43.58,bleu,eu-w1,control,Client très satisfait et actif.,64,1072,0
CLI-002115,2024-04-28,dimanche,Commerce,France,pme,Starter,9,8,5,"62,5",27,"1,4",8,3,1,1,0,23.2,4,0,108.43,vert,eu-w3,control,,56,1423,0
CLI-003259,14 May 2023,dimanche,Santé,Belgique,TPE, Starter ,21,8,4,"50,0",37,,8,6,2,1,2,29.3,3,0,121.25,violet,eu-w1,control,,60,2486,0
CLI-001449,06 Jun 2023,mardi,,,eti,enterprise,20,77,51,66.2%,30,"23,9",40,18,3,0,0,3.3,4,0,"7797,0",violet,eu-w3,B,"Compte engagé, ambassadeur potentiel.",82,588206,0
CLI-004032,28/01/2024,dimanche,Santé,France,PME,Pro,12,45,24,53.3,1,0.5,16,4,2,9,12,23.0,2,0,909.24,bleu,eu-w1,control,,24,8947,1
CLI-002452,13/10/2023,vendredi,,Allemagne,PME,pro,16,52,40,76.9,66,"35,8",16,11,5,1,0,,5,0,1519.39,bleu,ap-s1,control,,87,82229,0
CLI-002624,30 Jul 2024,mardi,Industrie,Belgique, PME ,enterprise,6,50,32,"64,0",26,14.8,40,15,1,4,8,1.2 h,1,0,3616.5,vert,eu-w3,control,Mécontentement exprimé au support.,11,106759,1
CLI-001714,02 Nov 2024,samedi,tech,Espagne,TPE,Starter,3,7,5,"71,4",31,17.4,8,3,1,0,9,"42,4",2,2,65.17 €,clair,eu-w3,control,Mécontentement exprimé au support.,6,321,1
CLI-000091,02 May 2024,jeudi,Tech,Allemagne,PME,pro,9,56,22,39.3,14,2.4,16,4,0,2,0,5.2,4,0,1405.59,violet,eu-w1,control,RAS.,59,24204,0
CLI-002848,10 Mar 2024,dimanche,Industrie,France,ETI,business,11,110,8,"7,3",1,"0,1",26,5,4,1,1,7.5,4,2,4427.56,bleu,us-e1,B,Déploiement interne limité.,60,36306,0
CLI-002632,10/09/2024,mardi,commerce,Espagne,PME,Pro,5,38,21,55.3,47,25.0,16,8,2,0,0,,,2,1000.23,violet,ap-s1,A,RAS.,59,28707,0
CLI-004435,2024-03-09,samedi,Industrie,France,ETI,BUSINESS,11,102,80,78.4,53,"46,6",26,12,0,1,0,3.2,5,0,5576.93 €,vert,ap-s1,A,,61,109754,0
CLI-001828,04 Jan 2024,jeudi,Finance,Canada,PME, Enterprise ,13,57,14,"24,6",1,0.1,40,11,6,17,0,"0,5",5,0,3824.7,clair,eu-w1,B,Déploiement interne limité.,75,21954,0
CLI-004736,05 Jun 2024,mercredi,COMMERCE,Espagne,PME,Business,8,17,11,64.7,29,13.0,26,11,0,0,0,3.3,5,,,sombre,eu-w1,control,,68,28866,0
CLI-004586,28 Feb 2024,mercredi,Éducation,France,tpe,starter,11,9,4,"44,4",7,"4,3",8,2,2,1,1,0.5,5,0,115.29,violet,ap-s1,B,,60,2363,0
CLI-004151,07/01/2025,mardi,Finance,Allemagne,pme,business,1,22,18,"81,8",68,57.3,26,16,0,3,1,,5,2,1120.68,clair,eu-w3,control,Suivi standard.,22,11027,1
CLI-002483,08 Jan 2024,lundi,Public,France,PME,Pro,13,32,10,31.2,3,1.9,16,4,3,5,1,,5,0,772.91,vert,eu-w1,B,Client très satisfait et actif.,66,8239,0
CLI-000281,2024-08-05,lundi,Tech,France,TPE, Starter ,6,6,3,50.0,15,,8,2,0,7,3,18.6,5,1,76.8,violet,us-e1,control,,18,1322,1
CLI-003500,05/05/2023,vendredi,TECH,Suisse,TPE, Starter ,21,11,4,36.4,3,,8,3,8,1,0,11.1,5,0,"152,1",clair,us-e1,B,,76,5363,0
CLI-001099,03 Oct 2024,jeudi,Commerce,France,PME, Pro ,4,52,16,30.8,7,3.3,16,5,1,4,0,5.2,3,1,1336.57 €,clair,eu-w1,B,Compte dans la moyenne.,24,53703,1
CLI-002561,03/07/2023,lundi,Public,Belgique,TPE,Starter,19,5,3,60.0,18,11.1,8,3,2,1,5,"41,4",3,0,,violet,eu-w3,control,Suivi standard.,52,429,0
CLI-004204,05/09/2023,mardi,Éducation,France, TPE ,starter,17,3,2,66.7%,1,0.5,8,2,2,6,10,32.5,3,0,36.53,vert,us-e1,A,,14,719,1
CLI-004390,17/10/2023,mardi,COMMERCE,Espagne,tpe,Starter,16,5,4,80.0,62,19.6,8,3,5,0,0,20.6,4,0,55.79,clair,eu-w3,A,,66,823,0
CLI-002458,2024-06-13,jeudi, Commerce ,Allemagne,TPE,business,8,9,5,55.6,35,"16,9",26,13,3,0,1,3.5,3,1,389.45,clair,ap-s1,B,Suivi standard.,45,3832,0
CLI-004986,31/05/2024,vendredi,Finance,Espagne,pme,Business,8,16,8,50.0,12,7.8,26,6,1,2,4,"6,0",3,2,781.58 €,clair,us-e1,B,,48,30122,0
CLI-003570,2023-12-10,dimanche,Commerce,Allemagne,TPE,PRO,14,5,3,60.0,56,"25,2",16,11,2,1,0,5.5,,,139.7,sombre,ap-s1,control,RAS.,71,12601,0
CLI-002500,13 Mar 2024,mercredi,Commerce,France,TPE,Business,11,8,4,50.0,16,4.7,26,12,2,0,1,3.9 h,4,0,351.08 €,clair,eu-w3,control,RAS.,57,13531,0
CLI-004469,05 Jun 2024,mercredi, Commerce ,France,TPE,starter,8,4,2,50.0%,16,"7,6",8,2,1,4,0,,4,0,"49,98",sombre,eu-w1,control,Compte dans la moyenne.,52,369,0
CLI-004846,06 Apr 2023,jeudi,Commerce,France,PME,Business,22,34,6,17.6,1,,26,6,4,9,3,1.6,3,0,1272.59,violet,us-e1,B,,76,25045,0
CLI-003743,2024-07-06,samedi,santé,Allemagne,TPE,Pro,7,6,3,50.0%,29,4.7,16,5,1,1,2,7.2,4,0,143.1,bleu,eu-w1,A,Compte dans la moyenne.,64,704,0
CLI-000747,10 Mar 2024,dimanche,Finance,France,tpe,starter,11,3,1,33.3%,1,"0,3",8,2,4,1,0,17.6,4,,31.53,bleu,eu-w1,B,,60,595,0
CLI-000655,06 Jan 2024,samedi,,Allemagne,GE,Enterprise,13,414,318,76.8,62,45.3,40,17,1,0,1,3.8,4,0,"34121,03",clair,us-e1,A,,80,671502,0
CLI-004102,16/03/2023,jeudi,Tech,France,GE, Business ,23,527,171,32.4,10,,26,9,7,7,1,0.5,5,0,27554.34,sombre,ap-s1,B,Client très satisfait et actif.,77,1491241,0
CLI-004922,19/08/2023,samedi, Commerce ,Allemagne,TPE,Business,18,6,2,33.3%,16,7.3,26,12,5,5,9,8.9,2,0,275.73,clair,ap-s1,A,,61,1130,0
CLI-002556,10/09/2024,mardi, Tech ,Belgique,PME,Starter,5,28,10,35.7,16,3.4,8,3,0,3,6,23.0,3,1,355.13,vert,eu-w3,control,,0,4077,1
CLI-001118,2024-10-24,jeudi,Industrie,Belgique,PME,Business,3,56,20,35.7,1,"0,5",26,11,0,16,2,6.0,,2,1859.84 €,sombre,us-e1,B,,18,7625,1
CLI-002767,09 Jan 2025,jeudi,Industrie,France, PME ,Starter,1,57,19,33.3,5,"2,2",8,1,0,0,1,16.1,4,4,520.99 €,vert,eu-w1,A,RAS.,44,2990,0
CLI-000585,05 Apr 2023,mercredi,Commerce,Belgique,PME,Pro,22,20,8,40.0,2,0.9,16,4,4,17,4,14.8,3,0,516.32,violet,eu-w1,control,,47,7621,0
CLI-003497,07 Jul 2023,vendredi,,France,ETI,Business,19,190,58,30.5%,10,"0,8",26,9,7,0,7,"6,7",2,0,7718.74,bleu,eu-w3,A,"Client insatisfait, risque de départ.",69,107599,0
CLI-002036,2025-01-03,vendredi,Industrie,France,TPE,Business,1,6,1,16.7,1,0.7,26,3,0,25,6,"7,1",3,2,216.68,vert,eu-w1,control,,0,2132,1
CLI-003774,2024-04-29,lundi,Public,France,PME,pro,9,25,18,72.0,51,21.5,16,5,1,1,1,12.7,4,1,545.89,violet,ap-s1,B,RAS.,47,4476,0
CLI-002163,03 Apr 2023,lundi,Santé,,GE,Business,22,401,214,53.4,48,24.3,26,9,7,0,2,3.4,,0,21285.32,sombre,eu-w1,B,,84,628343,0
CLI-003875,29 Dec 2024,dimanche,Commerce,France,TPE,Pro,1,11,9,81.8,45,29.9,16,11,0,0,1,0.5,5,3,315.55 €,vert,us-e1,B,RAS.,63,3105,0
CLI-000916,2024-02-09,vendredi,santé,Canada,PME,Starter,12,41,18,43.9,5,1.9,8,3,1,1,9,43.8,2,0,585.64,vert,eu-w3,B,Mécontentement exprimé au support.,0,12006,1
CLI-002966,30/10/2023,lundi,Santé,France,pme,Pro,15,51,22,,21,10.4,16,9,2,0,6,15.8,3,0,1407.52,clair,eu-w3,B,RAS.,60,40396,0
CLI-002246,28/03/2024,jeudi,TECH,France, TPE ,starter,10,7,2,"28,6",1,0.5,8,3,3,9,1,16.1,5,2,74.85,sombre,us-e1,A,Client très satisfait et actif.,57,430,0
CLI-003439,2024-06-28,vendredi, Public ,France,PME,Pro,7,27,5,18.5,5,"2,0",16,6,2,6,4,12.3,3,2,"567,54",violet,eu-w1,B,,17,3723,1
CLI-004024,2024-05-27,lundi,Industrie,France,TPE,Starter,8,5,3,60.0,40,24.1,8,4,1,0,1,14.0,5,1,49.35 €,violet,ap-s1,control,,67,890,0
CLI-000464,29/03/2024,vendredi,Commerce,Canada,TPE,Starter,10,11,5,45.5%,18,10.7,8,3,1,1,13,"47,7",2,0,148.2,clair,ap-s1,control,,0,4739,1
CLI-004813,2024-05-07,mardi,Commerce,, PME , Pro ,9,40,16,40.0,5,3.2,16,5,3,4,1,18.6,3,1,1013.96,clair,eu-w1,B,,29,13303,1
CLI-000134,29 Jan 2024,lundi,public,Belgique,ETI,Business,12,71,50,70.4,40,"22,5",26,9,0,0,0,5.8,3,0,2749.96 €,sombre,us-e1,A,,59,202947,0
CLI-001843,25 Dec 2024,mercredi,ÉDUCATION,Canada,PME,Pro,1,31,10,"32,3",20,"3,4",16,6,0,0,5,"10,8",3,1,646.28 €,violet,eu-w3,control,,22,4770,1
CLI-002125,2024-09-01,dimanche,public,France,PME,business,5,21,5,23.8%,2,"0,6",26,1,1,18,5,10.1,3,5,882.1,vert,eu-w1,control,,0,18083,1
CLI-004417,16/12/2023,samedi,Public,,PME,Pro,14,44,29,65.9,33,"30,8",16,9,5,2,4,24.5,2,0,1221.39,bleu,ap-s1,B,,52,48074,0
CLI-004241,2024-10-26,samedi, Commerce ,Espagne,TPE,Starter,3,6,2,33.3,1,0.5,8,2,0,29,1,15.7,4,0,59.17,bleu,ap-s1,control,RAS.,11,485,1
CLI-002176,06/05/2023,samedi,PUBLIC,France,PME,Business,21,39,23,59.0,11,1.7,26,9,5,2,2,"2,8",4,0,"1710,76",clair,us-e1,A,Client très satisfait et actif.,70,79961,0
CLI-001790,28 Feb 2024,mercredi,,France,PME,STARTER,11,39,19,48.7,5,1.8,8,1,1,0,8,38.2,,0,469.07,sombre,ap-s1,control,Mécontentement exprimé au support.,0,4231,1
CLI-004934,2023-05-19,vendredi,Santé,France,TPE,STARTER,21,3,2,66.7,24,"7,8",8,3,5,3,0,14.2,4,0,37.53,bleu,ap-s1,A,Client très satisfait et actif.,75,492,0
CLI-003989,29/08/2024,jeudi,Tech,France,pme,pro,5,7,1,,2,"0,6",16,8,1,0,1,11.3,4,1,160.22,bleu,ap-s1,B,,61,1445,0
CLI-003361,03 Jan 2025,vendredi,Santé,Allemagne,PME,Starter,1,27,10,37.0,6,2.0,8,4,0,21,2,16.0,4,2,336.95,clair,eu-w3,A,,1,3039,1
CLI-003520,11 Sep 2024,mercredi,Commerce,France,PME,PRO,5,37,21,56.8,18,"8,8",16,7,2,1,0,11.3,4,0,827.0,bleu,ap-s1,control,,71,14919,0
CLI-001862,09/04/2024,mardi,Santé,,TPE,Pro,10,10,5,50.0,15,5.3,16,0,3,1,0,10.6 h,,0,179.72,violet,eu-w3,control,Suivi standard.,49,1032,0
CLI-003377,2023-12-29,vendredi,Finance,France,PME,Business,13,50,27,54.0,5,2.1,26,1,1,1,4,13.3 h,1,0,"1936,65",violet,ap-s1,control,,47,23821,0
CLI-001542,2023-12-08,vendredi,Commerce,France,pme,PRO,14,30,17,56.7,9,3.8,16,2,4,2,0,2.5,5,0,681.95 €,violet,ap-s1,B,Client très satisfait et actif.,67,13421,0
CLI-003775,16 Feb 2023,jeudi,Santé,Suisse,PME,Pro,24,22,20,90.9,88,43.4,16,10,6,0,0,0.5,5,0,539.43,sombre,us-e1,control,,90,8404,0
CLI-004625,27 May 2024,lundi,Industrie,Canada,TPE,Starter,8,4,0,0.0,0,0.0,8,0,0,72,3,25.5,3,,"41,73",bleu,eu-w3,control,,0,924,1
CLI-003647,2025-01-07,mardi,Industrie,France,PME,Pro,1,32,0,0.0,0,0.0,16,0,0,30,1,10.7,4,1,827.75,sombre,eu-w1,control,Faible adoption des sièges.,9,33938,1
CLI-001130,14 Aug 2023,lundi,Commerce,Belgique,TPE,Starter,18,2,2,100.0,100,"64,2",8,6,,1,2,20.5,,0,33.07,violet,eu-w3,control,"Client insatisfait, risque de départ.",74,3227,0
CLI-004116,01/10/2023,dimanche,Commerce,France,PME,Pro,16,46,29,63.0,24,18.4,16,3,2,1,7,,2,1,1177.51,bleu,ap-s1,A,Mécontentement exprimé au support.,54,18346,0
CLI-004008,31/07/2024,mercredi,PUBLIC,Canada,TPE,Starter,6,1,1,100.0,41,11.2,8,1,,0,0,15.8,5,0,12.45,clair,us-e1,A,Client très satisfait et actif.,58,300,0
CLI-003797,04 Jun 2024,mardi, Santé ,Suisse,pme,Starter,8,13,1,7.7,1,"0,2",8,3,1,0,3,22.4,4,1,122.63,sombre,us-e1,A,,53,1106,0
CLI-000619,2024-12-27,vendredi,Tech,Suisse,pme,PRO,1,35,8,22.9,2,0.1,16,4,0,4,4,7.9,3,2,842.3,vert,ap-s1,control,Faible adoption des sièges.,0,18649,1
CLI-002349,03/01/2024,mercredi,Industrie,France,PME,BUSINESS,13,56,47,83.9,76,,26,18,,2,0,4.2 h,3,0,"2238,41",bleu,ap-s1,control,,66,36710,0
CLI-000853,09 Apr 2024,mardi,tech,Belgique,ETI,Enterprise,10,170,103,60.6,39,23.2,40,15,1,2,0,,5,0,14498.82,clair,ap-s1,A,,76,237781,0
CLI-003118,11 Aug 2023,vendredi,Tech,France, ETI ,Pro,18,123,64,52.0,19,8.1,16,7,4,2,0,10.1,3,0,3474.33,vert,eu-w3,A,,80,119656,0
CLI-001716,2025-01-08,mercredi,Finance,,PME,Pro,1,53,18,34.0,8,2.9,16,3,0,11,0,8.8 h,,1,928.78,clair,eu-w1,B,,44,10662,0
CLI-002897,10 Jan 2024,mercredi,Public,Espagne, TPE ,Starter,13,11,3,27.3,3,"0,2",8,3,2,6,8,25.9,3,0,93.37,violet,us-e1,A,"Multiples tickets ouverts, friction élevée.",11,613,1
CLI-001378,11 Nov 2023,samedi,finance,Belgique,tpe,BUSINESS,15,5,2,40.0,14,,26,8,3,2,3,3.0,4,0,213.38,violet,eu-w1,A,"Compte engagé, ambassadeur potentiel.",66,1575,0
CLI-003475,13 Apr 2024,samedi,Industrie,France,PME,Pro,10,24,22,"91,7",117,40.7,16,7,0,0,8,17.9,2,1,650.01,vert,eu-w3,B,Mécontentement exprimé au support.,44,6929,0
CLI-000371,04 Jun 2023,dimanche,Public,France,TPE,STARTER,20,4,1,"25,0",9,6.6,8,3,4,8,4,33.9 h,2,0,46.42,sombre,us-e1,B,Mécontentement exprimé au support.,53,2246,0
CLI-002138,04 Feb 2024,dimanche,Éducation,France,ETI,Pro,12,91,44,,11,7.1,16,5,2,0,4,19.5,2,0,2313.17,violet,eu-w3,A,,58,94840,0
CLI-003760,08 Apr 2024,lundi, Finance ,Canada,tpe,Pro,10,2,1,50.0,16,7.0,16,5,5,1,0,10.0,4,1,50.96,vert,us-e1,B,Client très satisfait et actif.,68,1337,0
CLI-002785,05/01/2023,jeudi,PUBLIC,Allemagne,TPE,starter,25,6,5,83.3%,49,"40,5",8,3,6,0,7,34.0,2,0,100.38 €,clair,ap-s1,A,"Client insatisfait, risque de départ.",60,3622,0
CLI-000417,10/07/2024,mercredi,Tech,France,ETI,Business,7,172,22,12.8%,1,0.2,26,6,0,25,0,6.4,3,1,6139.83,violet,eu-w3,A,Déploiement interne limité.,0,45312,1
CLI-004694,03/01/2024,mercredi,Éducation,France,GE,Enterprise,13,833,303,"36,4",22,2.8,40,16,3,0,0,0.5,4,0,50910.5,sombre,eu-w1,B,,85,459213,0
CLI-003513,2023-09-13,mercredi,Finance,Belgique,PME,Pro,17,41,11,26.8,8,0.5,16,7,1,3,1,7.7 h,4,0,"1188,1",clair,eu-w3,A,,22,53583,1
CLI-002326,10 May 2023,mercredi,finance,Espagne,PME,Business,21,30,24,"80,0",81,"45,1",26,18,7,1,4,7.9,3,0,1744.53 €,violet,eu-w3,A,RAS.,87,24319,0
CLI-004780,2024-01-29,lundi,Industrie,France,PME,Pro,12,45,31,68.9,45,,16,5,4,1,1,11.4,4,1,1328.24,violet,eu-w3,A,,52,45745,0
CLI-004478,13 Jan 2023,vendredi,Santé,France,PME, Enterprise ,25,24,21,87.5,81,50.4,40,19,5,2,1,3.4 h,5,0,2401.2,bleu,eu-w3,A,,95,236278,0
CLI-001678,02/01/2025,jeudi,commerce,, ETI , Starter ,1,111,79,"71,2",48,"31,7",8,4,0,1,0,17.0,5,2,"1357,69",vert,eu-w1,B,,29,22266,1
CLI-001675,12/04/2024,vendredi,Commerce,Belgique,PME,Pro,10,46,38,82.6,59,46.0,16,7,1,1,9,18.0,2,0,1108.28 €,clair,eu-w1,B,Mécontentement exprimé au support.,45,79973,0
CLI-000132,02/05/2024,jeudi,INDUSTRIE,,PME,Pro,9,47,22,46.8,6,0.3,16,1,1,4,6,18.5,3,1,994.13,clair,eu-w3,control,Compte dans la moyenne.,25,12228,1
CLI-001218,28/10/2024,lundi,public,France, PME ,Business,3,30,14,46.7%,24,14.3,26,7,0,1,10,"11,9",1,2,1394.34,vert,ap-s1,control,"Client insatisfait, risque de départ.",50,32014,0
CLI-001452,2025-01-10,vendredi,TECH,France,TPE,Starter,1,10,3,"30,0",17,,8,4,1,0,7,36.2 h,2,2,"112,63",violet,us-e1,A,,5,646,1
CLI-004446,18/03/2023,samedi,Éducation,France,GE,pro,23,477,129,"27,0",1,"0,4",16,0,5,2,3,10.2 h,4,0,9971.81,vert,eu-w1,A,Client très satisfait et actif.,77,130830,0
CLI-004740,2022-12-10,samedi, Commerce ,Suisse,ETI,Pro,26,30,13,43.3,9,"5,6",16,5,8,0,8,16.5 h,3,0,776.71,clair,us-e1,control,,69,20381,0
CLI-004138,08 Aug 2023,mardi,Finance,Belgique,TPE,STARTER,18,6,2,33.3%,3,"0,2",8,1,3,27,2,24.3,5,0,69.98 €,vert,ap-s1,A,,39,1435,0
CLI-003742,2024-04-14,dimanche,Finance,Espagne, ETI ,Business,10,86,31,36.0%,1,0.1,26,10,3,16,6,11.1,,0,,sombre,eu-w1,A,,5,41727,1
CLI-002007,2023-09-17,dimanche,Industrie,France,GE, Business ,17,468,50,,1,0.3,26,2,3,20,8,7.9,2,0,19042.01,vert,eu-w1,B,"Client insatisfait, risque de départ.",9,124916,1
CLI-001027,31 Aug 2023,jeudi,COMMERCE,Belgique,TPE,Starter,17,2,1,50.0%,11,2.4,8,4,2,5,8,,3,0,24.62,vert,us-e1,control,,43,848,0
CLI-003822,31/12/2024,mardi,finance,Espagne,TPE, Business ,1,5,2,40.0%,1,"0,6",26,5,1,13,3,5.6,3,3,240.07,sombre,eu-w1,control,,18,4725,1
CLI-004173,04 Mar 2024,lundi, Industrie ,France, GE ,Business,11,211,56,26.5,7,4.7,26,1,3,9,1,,4,1,"8350,81",bleu,eu-w3,control,Client très satisfait et actif.,50,75324,0
CLI-000229,2023-09-10,dimanche,Industrie,, PME , Business ,17,45,15,33.3,1,0.2,26,1,6,8,10,"2,2",2,0,"1849,26",vert,ap-s1,B,"Client insatisfait, risque de départ.",66,53074,0
CLI-004562,17 Nov 2023,vendredi,Éducation,Allemagne,TPE,Pro,15,10,4,40.0,6,1.0,16,6,2,8,4,,3,0,285.43,bleu,ap-s1,A,RAS.,60,9128,0
CLI-003601,2024-05-30,jeudi,COMMERCE,Belgique,tpe,Starter,8,8,4,50.0,17,7.3,8,3,1,2,0,13.2,5,2,106.03 €,sombre,eu-w3,A,RAS.,58,1565,0
CLI-001495,12/03/2024,mardi, Finance ,France,PME,Starter,11,24,21,,109,"80,9",8,6,3,0,1,23.9,5,4,362.7,violet,ap-s1,control,,69,15466,0
CLI-001266,11/07/2024,jeudi, Public ,France, PME ,STARTER,7,32,26,81.2,67,49.7,8,3,1,0,3,"27,0",4,1,367.88,bleu,us-e1,A,,54,8748,0
CLI-002627,11/09/2023,lundi,Finance,France, ETI ,Business,17,193,101,52.3,16,"5,5",26,13,4,0,1,9.7,4,0,11343.29,vert,eu-w3,B,"Compte engagé, ambassadeur potentiel.",59,195331,0
CLI-000567,28 Nov 2024,jeudi,Industrie,France,tpe,business,2,7,3,42.9,6,1.2,26,11,0,1,0,,4,3,253.9 €,bleu,us-e1,B,RAS.,17,2498,1
CLI-004137,2023-12-09,samedi,Finance,France,TPE,Starter,14,10,8,80.0,43,"29,2",8,5,4,1,5,28.0,5,1,116.69,sombre,ap-s1,A,,59,2105,0
CLI-002487,04/03/2024,lundi,Tech,,PME, Starter ,11,23,17,73.9,55,26.5,8,5,5,0,5,"37,7",2,0,320.43,violet,ap-s1,A,"Client insatisfait, risque de départ.",13,8145,1
CLI-002961,07/04/2024,dimanche,Industrie,Suisse, PME ,Business,10,38,13,34.2,4,1.0,26,5,3,2,3,,3,1,1669.85,clair,ap-s1,B,Compte dans la moyenne.,50,27386,0
CLI-001691,2025-01-01,mercredi,COMMERCE,Canada,ETI, Business ,1,131,56,42.7,2,1.4,26,12,0,14,3,4.9,3,6,4492.88 €,sombre,eu-w3,control,Compte dans la moyenne.,0,36842,1
CLI-000802,2024-02-27,mardi,INDUSTRIE,Belgique,TPE, Pro ,11,10,2,,4,"0,8",16,6,3,7,1,8.3,5,0,235.96 €,bleu,ap-s1,control,Déploiement interne limité.,58,774,0
CLI-000903,13 Jun 2024,jeudi,Commerce,Belgique,TPE,Starter,8,1,1,100.0,26,9.8,8,4,1,0,1,,4,0,11.67,vert,eu-w1,control,,68,300,0
CLI-002295,2023-06-15,jeudi,Éducation,France,PME, Starter ,20,44,20,45.5,11,"6,8",8,2,4,7,6,37.3,3,0,446.46,bleu,eu-w3,control,,23,10983,1
CLI-002863,2023-11-06,lundi,Public,France,ETI,pro,15,203,66,32.5,1,"0,3",16,6,4,0,6,"15,7",2,0,3940.29 €,vert,us-e1,B,"Client insatisfait, risque de départ.",45,35541,0
CLI-000513,12/08/2024,lundi,Industrie,Suisse,TPE,Starter,6,5,0,0.0,0,0.0,8,0,0,41,0,20.9,5,0,55.78,sombre,eu-w3,A,Déploiement interne limité.,5,320,1
CLI-001112,29/12/2024,dimanche,Tech,France,TPE,Starter,1,11,6,"54,5",44,"20,0",8,3,2,0,3,"26,1",5,4,125.13,clair,eu-w1,control,,10,1129,1
CLI-003387,2025-01-04,samedi,Finance,France,TPE,starter,1,10,0,0.0,0,"0,0",8,0,0,30,0,"12,6",5,3,"99,69",bleu,eu-w3,B,Faible adoption des sièges.,0,736,1
CLI-000632,03/02/2024,samedi,INDUSTRIE,Suisse,PME, Business ,12,43,9,20.9,1,0.5,26,2,1,30,0,4.9,3,,2245.7 €,vert,us-e1,B,,49,193355,0
CLI-003247,29 Dec 2024,dimanche, Commerce ,Espagne,PME,Starter,1,14,8,57.1,24,14.2,8,5,0,0,2,"27,4",3,1,153.16,vert,ap-s1,A,,58,1005,0
CLI-002075,2023-12-02,samedi, Commerce ,Canada,PME,STARTER,14,37,3,8.1%,1,"0,2",8,0,2,7,0,10.5,5,0,375.86,vert,ap-s1,B,Faible adoption des sièges.,36,1233,1
CLI-003961,05 Jun 2024,mercredi,,Suisse,GE,Pro,8,416,0,0.0,0,0.0,16,0,0,78,0,4.9,5,0,9204.93,vert,ap-s1,control,"Compte peu actif, relance nécessaire.",15,143413,1
CLI-000445,2023-03-06,lundi,industrie,France, TPE , Pro ,23,2,2,100.0%,113,,16,9,8,0,0,11.1,5,0,52.48,clair,us-e1,B,"Compte engagé, ambassadeur potentiel.",89,602,0
CLI-002841,30/12/2024,lundi,finance,Suisse,TPE,Starter,1,7,4,57.1,23,5.5,8,4,1,1,0,16.8,5,1,"67,75",bleu,eu-w1,control,,54,300,0
CLI-002388,10/01/2025,vendredi,Finance,France,PME, Enterprise ,1,46,12,26.1,8,"2,2",40,9,0,2,9,7.8,,4,2301.78,sombre,eu-w1,B,,8,15100,1
CLI-004724,16/08/2022,mardi,Éducation,France,PME,PRO,30,21,10,47.6,18,,16,6,9,1,0,,5,0,492.21,bleu,eu-w1,A,"Compte engagé, ambassadeur potentiel.",91,8879,0
CLI-004700,28/10/2024,lundi,tech,France,TPE,pro,3,9,0,"0,0",0,0.0,16,0,0,84,3,11.1,3,0,206.57,violet,eu-w1,B,"Compte peu actif, relance nécessaire.",0,1186,1
CLI-002202,05 Oct 2023,jeudi,Commerce,France,TPE,Starter,16,4,1,25.0,8,"4,3",8,4,3,5,5,28.2,,0,44.75 €,sombre,eu-w1,A,Suivi standard.,64,300,0
CLI-002441,02/04/2024,mardi,Finance,France,PME,Pro,10,7,4,57.1,22,10.5,16,7,2,2,2,10.2 h,2,1,211.59,sombre,ap-s1,A,"Client insatisfait, risque de départ.",42,6073,0
CLI-000981,2024-10-09,mercredi,Tech,France,ge,Enterprise,4,827,513,62.0,48,46.0,40,19,1,0,0,"4,6",4,1,60181.41 €,vert,eu-w1,A,,71,394790,0
CLI-001022,31 Dec 2023,dimanche,ÉDUCATION,France,TPE,STARTER,13,2,1,50.0,15,8.4,8,3,2,1,0,19.0 h,4,1,22.06,vert,ap-s1,control,,52,579,0
CLI-001042,2023-03-17,vendredi, Tech ,Espagne,PME,PRO,23,50,20,"40,0",24,15.6,16,8,6,3,2,"16,6",3,0,1407.36,violet,eu-w3,B,,67,21927,0
CLI-001915,2024-10-04,vendredi, Commerce ,France,TPE,pro,4,8,4,50.0%,8,0.9,16,4,0,1,1,,4,2,194.3 €,bleu,us-e1,A,,2,5576,1
CLI-001832,02/03/2024,samedi,SANTÉ,France,pme, Business ,11,7,3,42.9,15,8.5,26,11,2,1,1,7.9,4,1,308.74,bleu,eu-w3,B,Compte dans la moyenne.,64,5823,0
CLI-001903,11 Sep 2024,mercredi,éducation,France,tpe, Business ,5,5,3,60.0,21,9.1,26,9,1,1,12,"9,4",1,0,230.16,clair,ap-s1,A,Mécontentement exprimé au support.,9,2642,1
CLI-000582,2023-08-06,dimanche,Santé,Canada,PME,BUSINESS,18,49,35,71.4,50,"27,7",26,13,5,2,1,0.5,5,0,"2477,78",bleu,eu-w1,control,Client très satisfait et actif.,83,24381,0
CLI-002569,31/12/2024,mardi,SANTÉ,Allemagne,ETI,Pro,1,80,43,53.8%,17,11.6,16,8,,0,0,"5,0",5,3,"1620,32",bleu,eu-w3,control,Compte dans la moyenne.,35,14615,0
CLI-003036,2024-04-09,mardi,COMMERCE,Allemagne,TPE,Starter,10,5,3,60.0,51,49.3,8,6,3,1,0,11.7,5,1,65.63,bleu,us-e1,control,,75,2260,0
CLI-004606,05 Mar 2023,dimanche,INDUSTRIE,Belgique,TPE,Business,23,1,1,"100,0",52,"24,9",26,4,7,0,6,10.7,4,0,39.77,sombre,eu-w3,control,Client très satisfait et actif.,83,652,0
CLI-004577,14/05/2024,mardi,Industrie,France,PME,Business,9,10,5,50.0,14,"7,0",26,11,1,0,9,6.5,3,0,435.91 €,bleu,us-e1,control,"Multiples tickets ouverts, friction élevée.",23,3574,1
CLI-002238,13 Sep 2023,mercredi,Industrie,Canada,TPE,Starter,17,5,2,40.0,2,0.5,8,3,7,3,2,"25,3",3,0,"61,59",sombre,ap-s1,A,,36,1414,1
CLI-000965,12 Nov 2023,dimanche,Commerce,France,ge,Pro,15,391,142,36.3%,13,"7,9",16,4,6,3,8,11.4,3,0,9797.15,clair,us-e1,control,"Multiples tickets ouverts, friction élevée.",60,200842,0
CLI-002371,2023-06-10,samedi, Éducation ,Canada,PME,Pro,20,31,25,80.6,48,"33,6",16,8,3,5,8,"19,3",2,0,859.71,violet,ap-s1,B,Mécontentement exprimé au support.,55,38773,0
CLI-001817,04/10/2024,vendredi, Finance ,France,PME,Business,4,16,14,87.5,81,"30,1",26,18,1,4,0,0.6,4,1,822.2,clair,us-e1,A,,71,34384,0
CLI-002889,01 Dec 2023,vendredi,Public,France,ETI,PRO,14,218,155,71.1,37,15.1,16,5,4,1,0,"7,3",,0,4482.77,bleu,eu-w3,A,,70,36759,0
CLI-002821,04/05/2024,samedi,COMMERCE,Allemagne, TPE ,STARTER,9,10,8,80.0,41,,8,3,3,0,0,22.1,5,0,113.36,bleu,us-e1,control,"Compte engagé, ambassadeur potentiel.",59,1208,0
CLI-001576,05 Aug 2024,lundi,Tech,France, ETI ,pro,6,121,54,"44,6",26,3.2,16,4,2,1,2,11.4,4,1,"3069,05",sombre,ap-s1,B,,29,47816,1
CLI-000597,2023-11-04,samedi,Tech,France,ETI,Business,15,41,23,56.1,35,23.5,26,13,7,0,1,5.0,5,0,2031.89 €,clair,ap-s1,A,,77,58315,0
CLI-000930,11 Aug 2023,vendredi,finance,Allemagne,TPE,pro,18,7,3,42.9,7,"0,4",16,3,3,3,2,"10,2",2,0,165.86 €,violet,us-e1,control,"Client insatisfait, risque de départ.",48,3536,0
CLI-002534,03/11/2023,vendredi,Finance,Belgique,pme,Starter,15,19,7,36.8,15,3.4,8,1,2,1,0,10.6,4,0,"263,37",clair,us-e1,B,RAS.,53,10150,0
CLI-004923,2023-05-18,jeudi,Santé,Espagne,ETI, Business ,21,94,49,,11,1.6,26,6,2,6,2,"4,5",5,0,4815.03,sombre,us-e1,A,Compte dans la moyenne.,68,75018,0
CLI-002754,28 Dec 2024,samedi,Commerce,France,PME,enterprise,1,52,38,73.1,34,"16,4",40,10,1,1,0,2.5,4,5,3652.42,sombre,eu-w1,control,,54,35940,0
CLI-004601,2024-06-12,mercredi,commerce,France, ETI ,PRO,8,61,0,0.0%,0,0.0,16,0,,51,8,"17,7",1,,1448.6,clair,us-e1,B,"Client insatisfait, risque de départ.",0,17818,1
CLI-003213,2023-07-10,lundi,Santé,Allemagne,TPE,STARTER,19,10,4,40.0,1,0.4,8,3,1,23,5,33.7,4,0,119.25,clair,eu-w1,A,,37,2738,0
CLI-001026,2025-01-03,vendredi,SANTÉ,France,pme,pro,1,24,4,"16,7",4,1.6,16,3,0,0,5,16.2,2,3,515.23,sombre,eu-w3,A,Mécontentement exprimé au support.,4,32532,1
CLI-002167,2023-03-20,lundi,Commerce,France,ETI,Business,23,205,120,58.5%,21,,26,15,2,2,9,8.3,1,1,9871.37,violet,ap-s1,control,,15,372348,1
CLI-003902,01/11/2024,vendredi,Industrie,Allemagne,TPE,business,3,9,6,66.7%,13,5.3,26,6,1,0,0,3.8,5,1,423.21 €,clair,eu-w3,B,RAS.,68,1735,0
CLI-001510,2023-10-14,samedi,COMMERCE,France, PME , Business ,16,44,15,34.1,7,2.9,26,16,3,11,0,6.4,3,0,1801.75,bleu,us-e1,A,RAS.,68,16252,0
CLI-004763,28/12/2024,samedi,Commerce,Suisse, GE , Business ,1,128,43,33.6,1,0.3,26,1,0,6,3,9.7,3,2,5721.05,bleu,eu-w3,A,Compte dans la moyenne.,46,314314,0
CLI-002692,21/12/2022,mercredi,Éducation,France,TPE,pro,26,2,1,50.0,3,"0,6",16,5,9,14,6,,2,0,49.96,bleu,eu-w1,B,,65,1557,0
CLI-000860,27/07/2024,samedi,Industrie,France,ETI,Pro,6,176,116,65.9%,21,8.1,16,7,4,4,9,14.5,3,0,4614.72,clair,ap-s1,B,"Multiples tickets ouverts, friction élevée.",52,60545,0
CLI-001131,05 Jun 2023,lundi, Éducation ,France,TPE,pro,20,7,6,,61,"35,9",16,4,4,1,0,5.2,5,0,203.9,sombre,eu-w3,B,"Compte engagé, ambassadeur potentiel.",65,20064,0
CLI-004023,10/01/2025,vendredi,Finance,Allemagne, ETI ,Business,1,211,133,"63,0",36,11.5,26,12,,1,6,4.6,2,0,7954.44,vert,eu-w1,A,,5,78272,1
CLI-001907,2023-05-09,mardi,éducation,France,PME, Business ,21,13,6,46.2%,19,5.5,26,6,8,2,0,4.8,3,0,,clair,ap-s1,B,,76,28996,0
CLI-004856,2025-01-06,lundi,finance,Allemagne,tpe,pro,1,3,2,66.7,35,5.2,16,4,0,1,2,8.4,5,1,60.65,clair,eu-w3,A,,58,448,0
CLI-002587,25/11/2024,lundi,Santé,Canada,ETI, Enterprise ,2,72,8,11.1,1,0.1,40,1,0,30,3,2.9,4,2,4708.04,vert,us-e1,B,,7,38606,1
CLI-003992,15/04/2024,lundi,TECH,France,TPE,Business,10,7,2,"28,6",4,,26,5,3,4,0,5.2,4,,343.02,bleu,eu-w1,control,Client très satisfait et actif.,51,1406,0
CLI-000306,2025-01-09,jeudi,Finance,Belgique,pme,Starter,1,36,9,25.0%,1,0.2,8,0,0,23,3,21.9,3,3,410.91,sombre,us-e1,A,,1,7076,1
CLI-001326,2024-05-10,vendredi,SANTÉ,Espagne,pme,Business,9,9,4,44.4,14,0.7,26,6,3,1,0,3.2,4,0,369.42,bleu,eu-w1,A,"Compte engagé, ambassadeur potentiel.",46,3635,0
CLI-003973,09/03/2023,jeudi,Finance,France,TPE,enterprise,23,3,2,"66,7",53,31.7,40,22,7,0,0,2.3,4,0,279.49,sombre,ap-s1,A,Client très satisfait et actif.,79,9626,0
CLI-001893,30 Dec 2024,lundi,Santé,France,TPE,Starter,1,9,4,44.4,14,3.6,8,3,0,3,4,36.8,3,1,"113,03",vert,eu-w1,A,RAS.,0,1761,1
CLI-002106,14 Feb 2023,mardi,Éducation,France,pme,Pro,24,30,19,63.3,49,39.1,16,7,5,0,0,10.9 h,4,0,852.73,violet,ap-s1,control,Client très satisfait et actif.,80,34263,0
CLI-001519,06 Jan 2024,samedi, Public ,Canada,GE,enterprise,13,615,0,0.0,0,0.0,40,0,0,75,1,,3,2,41774.54,vert,us-e1,B,,3,308296,1
CLI-001785,11 Jan 2023,mercredi,,France,PME,Pro,25,11,6,54.5,20,"2,7",16,5,4,4,6,17.1,2,0,272.19,bleu,ap-s1,control,,63,9151,0
CLI-004881,27 Dec 2024,vendredi,Industrie,France,PME,starter,1,46,9,19.6%,1,"0,6",8,1,0,30,0,"12,3",5,3,381.07,sombre,us-e1,A,Faible adoption des sièges.,0,7812,1
CLI-001457,16/03/2024,samedi,Public,Suisse,PME,pro,11,8,6,75.0,56,32.9,16,9,2,1,2,12.1,3,0,194.22,sombre,ap-s1,B,Suivi standard.,66,5415,0
CLI-002820,11 Jun 2024,mardi,ÉDUCATION,Suisse,TPE,Business,8,7,3,42.9,24,3.4,26,8,2,1,0,7.7,4,2,305.67 €,sombre,eu-w3,A,RAS.,56,2506,0
CLI-001310,2025-01-07,mardi,Tech,France,TPE,STARTER,1,8,0,0.0,0,0.0,8,0,0,30,9,40.3,2,0,97.62,vert,us-e1,control,,0,480,1
CLI-004686,08/08/2024,jeudi,Santé,Espagne,PME,Business,6,40,30,75.0%,61,19.2,26,7,0,0,4,5.0 h,3,3,1649.66,violet,us-e1,control,Compte dans la moyenne.,11,37876,1
CLI-001336,2023-05-10,mercredi, Commerce ,France,PME,Pro,21,21,7,33.3,24,"15,4",16,5,8,2,2,14.2,3,0,493.11,sombre,us-e1,control,Suivi standard.,68,6065,0
CLI-001566,2025-01-03,vendredi,Tech,Allemagne,TPE,STARTER,1,6,1,16.7%,3,"1,0",8,3,,13,0,17.6,5,4,"68,0",clair,us-e1,A,Faible adoption des sièges.,38,300,0
CLI-002884,07 Jan 2025,mardi,Finance,France,pme,pro,1,46,32,69.6,43,29.7,16,9,0,2,2,,3,0,"1081,92",clair,us-e1,control,,52,7985,0
CLI-001618,26/07/2024,vendredi,Commerce,Belgique,PME,Starter,6,55,34,61.8,43,18.7,8,5,0,0,6,30.6 h,3,0,561.9 €,clair,us-e1,A,,0,9215,1
CLI-002593,2024-10-08,mardi,Finance,France,PME,business,4,18,9,50.0%,42,"8,8",26,14,1,1,10,8.6,3,0,837.38,violet,ap-s1,control,"Multiples tickets ouverts, friction élevée.",21,72098,1
CLI-001122,2024-06-04,mardi, Éducation ,France,PME,Pro,8,29,21,72.4,67,41.9,16,9,2,0,2,10.6,5,0,747.8,clair,us-e1,A,,59,9811,0
CLI-001848,09/07/2024,mardi,Finance,France,PME,business,7,58,47,81.0,67,,26,19,1,0,1,4.4,4,0,"2888,09",violet,eu-w1,B,,65,97098,0
CLI-000918,2023-05-19,vendredi,Industrie,France,ETI,Pro,21,112,53,47.3%,9,6.6,16,3,7,1,4,17.0,1,0,2548.9,violet,eu-w1,control,,59,45982,0
CLI-000151,11/12/2022,dimanche,Éducation,France,TPE,Pro,26,7,3,42.9,10,"4,5",16,4,13,6,4,7.5,4,0,"166,12",vert,ap-s1,B,"Compte engagé, ambassadeur potentiel.",86,1362,0
CLI-000810,04/12/2024,mercredi, Commerce ,Belgique,TPE,Pro,2,9,7,77.8,17,3.5,16,5,0,2,10,"17,1",1,0,244.02 €,violet,ap-s1,A,Mécontentement exprimé au support.,2,9004,1
CLI-003063,31/10/2023,mardi,Finance,France, GE ,BUSINESS,15,898,298,33.2%,1,"0,4",26,2,3,30,12,,2,0,37288.12,bleu,eu-w1,control,Mécontentement exprimé au support.,15,275186,1
CLI-000518,02/07/2024,mardi,,France,PME, Pro ,7,15,2,13.3,1,0.3,16,5,4,4,4,10.9,4,2,384.47,clair,eu-w1,control,,11,6305,1
CLI-002658,2023-05-13,samedi,Public,Canada,GE,Enterprise,21,362,127,35.1%,1,0.3,40,1,1,15,1,3.2,3,0,30088.63,violet,ap-s1,B,,62,271399,0
CLI-001806,06/11/2023,lundi,Commerce,Suisse,PME,Business,15,53,30,"56,6",29,10.3,26,18,3,2,1,,5,0,2350.36,bleu,eu-w1,control,,66,55892,0
CLI-004486,04/03/2024,lundi,Tech,France,PME,Pro,11,32,18,,19,1.1,16,8,2,0,0,8.5,,1,958.97,sombre,us-e1,control,,59,10223,0
CLI-003080,2023-09-13,mercredi,Commerce,France,PME,Business,17,33,28,"84,8",95,70.6,26,12,6,0,1,4.4,,0,1381.69,vert,eu-w1,B,"Compte engagé, ambassadeur potentiel.",88,4532,0
CLI-004064,2023-04-09,dimanche, Santé ,France, PME ,Pro,22,27,22,81.5%,20,9.2,16,9,4,1,5,,3,0,723.53,clair,us-e1,control,Compte dans la moyenne.,59,66449,0
CLI-000645,06/12/2023,mercredi,PUBLIC,Espagne,tpe,starter,14,11,6,"54,5",22,11.4,8,4,1,0,2,26.1,5,0,107.53,sombre,ap-s1,B,RAS.,65,1675,0
CLI-000754,30/01/2024,mardi,éducation,Allemagne,PME,starter,12,29,18,62.1,44,24.4,8,3,2,1,1,18.6,4,0,421.49,bleu,us-e1,control,,60,8986,0
CLI-002412,19/07/2023,mercredi,,Belgique, PME ,Pro,19,38,7,18.4,1,0.3,16,0,5,2,2,14.6,4,0,"888,32",violet,us-e1,A,Déploiement interne limité.,64,37150,0
CLI-002173,15 Aug 2023,mardi,Public,,PME,Starter,18,41,38,92.7,96,43.4,8,6,1,1,1,,2,0,445.72,vert,eu-w3,B,"Client insatisfait, risque de départ.",66,6944,0
CLI-002261,16 Oct 2023,lundi,Commerce,Suisse, ETI ,PRO,16,66,13,19.7,3,0.3,16,4,2,0,2,14.3,3,0,1332.68,clair,eu-w3,B,,62,16392,0
CLI-002558,2023-12-06,mercredi,Public,Canada,PME,pro,14,23,18,78.3,49,"19,1",16,6,3,2,4,10.1,3,0,690.62,bleu,eu-w3,B,RAS.,60,22086,0
CLI-002626,2023-12-03,dimanche,Industrie,France,pme,PRO,14,51,14,"27,5",12,8.9,16,5,2,0,5,14.8,2,0,"1015,47",bleu,us-e1,control,,45,11658,0
CLI-000222,2024-07-08,lundi,,Allemagne,ETI,PRO,7,118,72,"61,0",33,"23,6",16,6,0,1,5,20.0,3,0,"2270,15",bleu,ap-s1,B,,49,14892,0
CLI-001695,06 Jul 2023,jeudi, Commerce ,Espagne,PME,starter,19,10,4,"40,0",18,"1,8",8,2,4,5,3,27.9,2,0,134.17,violet,eu-w3,A,,47,1430,0
CLI-004936,2024-12-25,mercredi, Éducation ,Belgique,TPE,Starter,1,3,1,33.3%,17,"11,9",8,3,0,4,1,"21,4",5,3,"29,32",clair,us-e1,control,RAS.,13,601,1
CLI-003965,2024-01-16,mardi,Santé,France,PME,Pro,13,30,14,46.7%,15,"7,2",16,5,4,2,2,11.3 h,3,0,"814,73",bleu,us-e1,B,Compte dans la moyenne.,65,9353,0
CLI-003835,25/12/2024,mercredi,INDUSTRIE,,PME,STARTER,1,48,20,"41,7",22,7.6,8,3,0,1,0,25.2,4,0,521.92,violet,ap-s1,control,,18,1712,1
CLI-000580,01 Oct 2023,dimanche,Tech,Canada,ETI, Business ,16,74,14,"18,9",2,"0,7",26,5,2,0,0,,5,0,2955.76,sombre,ap-s1,B,,66,12119,0
CLI-003716,2024-11-04,lundi,tech,France,tpe, Starter ,3,10,3,"30,0",3,1.1,8,2,0,3,3,24.7,4,0,101.05,clair,eu-w3,B,,42,1989,0
CLI-003045,2024-08-08,jeudi, Industrie ,France, GE ,enterprise,6,194,78,40.2,7,,40,19,0,9,1,"1,0",2,0,"12981,8",vert,ap-s1,B,Mécontentement exprimé au support.,64,42580,0
CLI-000663,2023-11-04,samedi,Finance,France,ETI,pro,15,206,73,35.4,17,14.1,16,4,4,0,0,7.7 h,5,0,5402.99,clair,ap-s1,A,,65,57596,0
CLI-001750,06 Jan 2025,lundi,Commerce,Allemagne,PME,business,1,29,21,72.4,31,28.6,26,15,0,2,1,8.5 h,4,2,1302.31,violet,ap-s1,control,,58,10679,0
CLI-000755,2024-06-06,jeudi,Éducation,France, PME ,PRO,8,32,0,0.0,0,"0,0",16,0,0,31,1,7.6,5,1,1035.72,sombre,eu-w3,control,Déploiement interne limité.,51,22082,0
CLI-003210,08 Dec 2023,vendredi,Commerce,Espagne, ETI ,Enterprise,14,75,57,76.0,45,22.7,40,27,1,2,2,5.3,4,0,"5888,41",violet,us-e1,control,RAS.,65,217282,0
CLI-000613,04/03/2024,lundi,commerce,France,GE,Business,11,530,268,50.6,1,,26,14,2,29,5,7.4,,2,25998.25,sombre,us-e1,A,Mécontentement exprimé au support.,32,383734,0
CLI-003764,2023-09-09,samedi,Finance,France, TPE , Starter ,17,9,8,88.9,95,46.1,8,5,1,1,0,12.3,5,0,113.62,violet,ap-s1,B,RAS.,70,2888,0
CLI-003135,2024-04-06,samedi,Santé,Suisse,ETI,Business,10,161,113,70.2,84,33.6,26,16,3,1,0,5.9,5,1,7455.05,vert,ap-s1,B,,65,110037,0
CLI-003820,29 Apr 2024,lundi,commerce,Allemagne, ETI ,business,9,63,52,82.5,47,"30,6",26,18,3,0,2,5.7,3,1,"2810,04",sombre,ap-s1,B,Compte dans la moyenne.,63,29955,0
CLI-001224,03 Nov 2024,dimanche,commerce,Canada,PME,Business,3,28,8,"28,6",8,3.0,26,9,0,2,1,5.6,5,2,1065.84,vert,us-e1,A,Suivi standard.,17,44573,1
CLI-000372,12/07/2023,mercredi,Commerce,France,PME,Pro,19,57,29,50.9,31,"16,6",16,8,5,0,1,"13,8",3,0,1628.95 €,bleu,eu-w3,A,Compte dans la moyenne.,82,129567,0
CLI-000605,23 Dec 2024,lundi,éducation,Suisse, TPE ,Pro,1,5,4,80.0,30,17.0,16,7,0,1,5,16.8,,2,151.48,clair,us-e1,A,RAS.,4,4472,1
CLI-003089,2024-05-11,samedi,Éducation,France,pme,Pro,9,25,14,"56,0",11,"9,7",16,9,1,3,5,20.2,2,0,"503,12",vert,eu-w3,control,,44,4951,0
CLI-000081,15/08/2023,mardi,,Espagne,ETI,Enterprise,18,95,65,,15,6.4,40,16,3,0,4,2.1,5,0,10041.03,sombre,ap-s1,control,,63,181140,0
CLI-000308,04 Nov 2023,samedi,santé,France,TPE,Starter,15,8,0,0.0%,0,0.0,8,0,0,77,11,44.9,2,0,70.59,sombre,us-e1,control,,0,2142,1
CLI-002855,2024-11-05,mardi, Tech ,France, PME , Pro ,3,9,5,"55,6",15,7.2,16,7,0,1,8,22.4 h,2,,"253,92",violet,eu-w3,B,,14,7079,1
CLI-000036,27/12/2024,vendredi, Finance ,Belgique,PME,business,1,12,10,83.3%,57,29.6,26,17,0,1,10,"12,4",,0,547.95,sombre,ap-s1,A,,21,5841,1
CLI-000316,31 Dec 2024,mardi,commerce,France,PME,Pro,1,55,12,"21,8",1,0.3,16,3,0,22,0,7.3 h,5,4,"1314,14",sombre,ap-s1,A,,8,9698,1
CLI-003470,2023-07-03,lundi,Finance,Allemagne, TPE ,Pro,19,6,2,33.3,10,"4,4",16,5,2,2,1,4.6,5,0,163.85,vert,eu-w1,B,,51,3896,0
CLI-003297,11 Nov 2023,samedi,Tech,,GE,Business,15,334,135,"40,4",7,4.5,26,3,7,5,3,"5,4",5,0,"14301,76",sombre,eu-w3,A,,76,1008560,0
CLI-004385,28/07/2024,dimanche,Éducation,France,ETI,Business,6,63,12,,5,3.6,26,11,3,0,2,6.3 h,3,3,2781.02,vert,eu-w3,control,Faible adoption des sièges.,51,47889,0
CLI-002859,15 Mar 2024,vendredi,Tech,Belgique,GE,ENTERPRISE,11,688,545,79.2,61,37.7,40,25,1,1,14,6.7,1,0,53272.41,violet,us-e1,A,,36,1223135,0
CLI-003068,05 May 2024,dimanche, Finance ,France, PME ,Starter,9,49,0,0.0%,0,"0,0",8,0,0,123,4,25.2,3,0,"520,18",bleu,ap-s1,control,,0,2559,1
CLI-004568,2023-05-16,mardi,Tech,Allemagne,ETI,Business,21,69,36,"52,2",27,13.3,26,10,1,0,2,6.4,4,0,3508.82 €,sombre,ap-s1,control,,66,71931,0
CLI-004630,14/05/2024,mardi,tech,France,TPE,Starter,9,4,0,0.0%,0,,8,0,0,50,1,"21,0",3,1,"44,5",clair,eu-w1,B,,4,401,1
CLI-004906,08 Oct 2024,mardi,finance,,PME,Pro,4,24,7,29.2,1,"0,6",16,5,0,9,7,,2,2,584.75,violet,us-e1,control,,0,17262,1
CLI-001807,13/06/2023,mardi,Tech,Allemagne,TPE,Pro,20,1,1,100.0%,38,17.3,16,3,7,0,6,"15,7",3,0,25.55,sombre,ap-s1,B,,73,335,0
CLI-003606,28 Jun 2024,vendredi,Commerce,France,GE, Enterprise ,7,628,145,23.1,1,0.5,40,5,0,14,0,,3,0,37769.54,violet,ap-s1,B,Déploiement interne limité.,12,371652,1
CLI-004898,21 Mar 2023,mardi,Santé,Canada,GE,Business,23,837,298,35.6,1,0.3,26,2,2,1,0,2.4 h,5,0,37475.17,clair,eu-w3,B,RAS.,64,1075537,0
CLI-001509,12 Feb 2024,lundi,COMMERCE,France,PME,Business,12,37,19,"51,4",9,4.4,26,6,,3,0,,3,0,"1706,93",clair,ap-s1,A,Suivi standard.,77,29393,0
CLI-002575,2024-03-05,mardi, Commerce ,Espagne,PME,Business,11,47,34,"72,3",31,5.4,26,6,4,2,2,5.6,,0,1865.11 €,sombre,ap-s1,A,Mécontentement exprimé au support.,67,13765,0
CLI-004889,06 Oct 2023,vendredi,,Allemagne,ETI, Enterprise ,16,99,77,"77,8",25,4.3,40,16,4,1,0,,5,0,"7907,4",vert,eu-w3,B,Client très satisfait et actif.,67,116713,0
CLI-004199,2023-09-18,lundi,Santé,Allemagne,PME,PRO,17,49,26,53.1,16,"2,5",16,6,5,2,5,15.9 h,3,0,1235.45,clair,eu-w3,B,,66,7091,0
CLI-000635,09/04/2023,dimanche,éducation,Belgique,GE, Business ,22,531,0,"0,0",0,,26,0,0,45,0,0.5,4,0,"27250,96",bleu,us-e1,B,Déploiement interne limité.,25,469262,1
CLI-002901,2024-08-04,dimanche,Commerce,Suisse,ETI,Business,6,182,128,70.3,40,34.2,26,18,2,1,3,7.4,5,3,"8715,13",vert,us-e1,B,,59,142928,0
CLI-000165,2024-02-14,mercredi,FINANCE,France,eti,ENTERPRISE,12,64,16,25.0,5,,40,1,4,7,1,6.6,4,0,4849.47,bleu,us-e1,A,Client très satisfait et actif.,62,87484,0
CLI-004637,12/09/2024,jeudi,Finance,France, GE ,Enterprise,5,581,477,82.1,111,"61,0",40,28,0,0,1,2.8,5,,53404.63,sombre,ap-s1,A,,62,963420,0
CLI-001739,2023-04-13,jeudi, Santé ,,TPE, Pro ,22,1,1,"100,0",42,24.4,16,4,,1,0,7.9,4,0,25.15,sombre,ap-s1,B,"Compte engagé, ambassadeur potentiel.",83,371,0
CLI-004386,2024-10-07,lundi,Santé,Belgique, ETI ,Pro,4,65,50,76.9%,38,,16,7,0,0,7,21.9,3,3,1674.12,violet,us-e1,A,"Multiples tickets ouverts, friction élevée.",6,38438,1
CLI-002957,13/07/2023,jeudi,Tech,France,TPE,Starter,19,2,1,"50,0",1,0.2,8,2,2,18,7,28.6,3,0,21.44,violet,us-e1,control,"Multiples tickets ouverts, friction élevée.",50,300,0
CLI-004978,13 Mar 2023,lundi,Commerce,France,PME,pro,23,33,31,"93,9",110,71.7,16,11,8,0,0,6.6,5,0,906.53 €,sombre,eu-w3,A,,81,39398,0
CLI-003323,04 Jul 2024,jeudi,Finance,France,tpe,Pro,7,9,4,"44,4",1,"0,5",16,6,1,6,0,"7,4",4,0,208.24,sombre,eu-w3,A,,64,2049,0
CLI-000684,11 Apr 2023,mardi,SANTÉ,France,TPE,Pro,22,10,6,60.0,19,7.5,16,5,4,4,3,16.2,3,0,263.02,vert,us-e1,B,Compte dans la moyenne.,63,3451,0
CLI-003045,2024-08-08,jeudi, Industrie ,France, GE ,enterprise,6,194,78,40.2,7,,40,19,0,9,1,"1,0",2,0,"12981,8",vert,ap-s1,B,Mécontentement exprimé au support.,64,42580,0
CLI-000275,2024-09-28,samedi,Tech,France, TPE , Starter ,4,4,2,50.0,19,3.3,8,2,1,0,7,32.9,2,1,57.54,violet,ap-s1,A,Mécontentement exprimé au support.,1,661,1
CLI-001074,08/07/2024,lundi, Industrie ,France,tpe,Pro,7,9,1,11.1,3,0.6,16,2,4,5,3,14.1,3,0,"163,12",bleu,eu-w3,control,,61,1338,0
CLI-003894,2024-04-10,mercredi,Tech,Belgique,PME,Business,10,12,10,83.3,55,32.2,26,12,3,1,4,8.4 h,2,0,620.02,vert,us-e1,A,,59,24404,0
CLI-004408,08 Sep 2024,dimanche,commerce,France,TPE, Pro ,5,4,3,75.0%,81,"82,9",16,4,1,0,0,9.7,4,,105.42,bleu,eu-w3,A,RAS.,57,1470,0
CLI-002442,04 Jul 2024,jeudi,Santé,France,TPE,Pro,7,9,2,22.2,1,0.2,16,5,0,4,2,,4,,195.17 €,clair,ap-s1,A,,32,640,1
CLI-000038,2024-05-10,vendredi,finance,France,ETI,Enterprise,9,168,92,54.8,22,6.9,40,16,0,0,3,3.8,,1,11478.13,violet,eu-w1,control,,62,122357,0
CLI-004265,24/12/2024,mardi,Éducation,Canada,tpe,Starter,1,4,2,"50,0",14,"0,7",8,0,1,2,0,8.1,4,0,50.07,clair,us-e1,control,,58,2258,0
CLI-004592,11 Mar 2024,lundi,finance,Belgique,pme,Pro,11,19,10,52.6,26,15.6,16,10,,0,1,13.8,4,1,519.18,sombre,eu-w1,A,,49,14900,0
CLI-001500,01/04/2024,lundi,Tech,Allemagne,GE,BUSINESS,10,593,512,"86,3",81,"55,3",26,18,4,0,0,,5,1,24829.74 €,bleu,eu-w3,B,,75,223964,0
CLI-001398,13/12/2023,mercredi,ÉDUCATION,France, TPE ,Starter,14,2,1,50.0,5,1.0,8,0,2,5,6,32.2,3,0,23.84,vert,eu-w1,B,,37,665,0
CLI-004944,09 Dec 2023,samedi,Tech,France,PME,Pro,14,53,32,60.4,19,8.8,16,10,5,1,3,12.7,3,0,"1575,24",clair,eu-w1,B,RAS.,49,49084,0
CLI-000717,25/12/2024,mercredi, Finance ,France, PME ,PRO,1,49,10,20.4,1,0.1,16,2,0,8,8,,3,4,1256.54,violet,us-e1,A,"Multiples tickets ouverts, friction élevée.",0,19577,1
CLI-000750,05/09/2024,jeudi,santé,France, ETI ,BUSINESS,5,103,50,"48,5",8,2.6,26,11,1,7,6,10.9,2,0,4648.77,sombre,us-e1,B,,9,15248,1
CLI-004900,14/05/2023,dimanche,Public,Allemagne,TPE,Pro,21,9,6,"66,7",14,2.2,16,7,4,1,2,12.8,3,0,251.7,bleu,eu-w3,A,Suivi standard.,65,10320,0
CLI-001872,13 Feb 2024,mardi,public,France,GE,business,12,386,165,42.7,6,1.6,26,9,3,9,5,6.6,2,1,12638.26,vert,us-e1,control,,53,124360,0
CLI-004083,03 Aug 2023,jeudi,,France, PME ,Pro,18,13,6,"46,2",2,"0,8",16,3,2,21,1,12.5,5,0,"307,74",clair,us-e1,B,Suivi standard.,61,5047,0
CLI-003469,2023-10-18,mercredi,commerce,France,PME,Business,16,34,17,"50,0",16,3.7,26,19,3,1,0,1.4,4,0,1487.58,vert,ap-s1,A,,77,26836,0
CLI-003345,31/12/2024,mardi, Santé ,France,PME, Starter ,1,45,13,28.9,1,"0,1",8,2,0,16,0,"26,7",2,1,415.43,sombre,ap-s1,B,"Client insatisfait, risque de départ.",1,2385,1
CLI-001840,04/03/2024,lundi, Tech ,France,ETI,Business,11,162,116,"71,6",41,24.3,26,8,3,2,4,3.8,3,,7502.83,vert,ap-s1,control,,58,178417,0
CLI-004156,03/05/2024,vendredi,éducation,Suisse, GE ,BUSINESS,9,495,0,0.0,0,0.0,26,0,0,35,4,8.1,2,1,19438.72,clair,eu-w3,A,,9,239096,1
CLI-004537,05 Oct 2024,samedi, Commerce ,Espagne,ETI,Pro,4,110,91,"82,7",43,,16,7,1,2,0,6.0,5,2,2636.3,bleu,eu-w1,control,,74,34588,0
CLI-004911,2023-06-09,vendredi,FINANCE,France,TPE,PRO,20,1,1,"100,0",1,0.1,16,3,4,4,0,,4,0,21.44,clair,eu-w1,A,Client très satisfait et actif.,77,1055,0
CLI-001354,08/09/2023,vendredi,,Belgique, ETI ,PRO,17,41,17,41.5,14,8.1,16,4,3,2,2,13.8,,0,"1094,27",vert,eu-w3,A,,56,35892,0
CLI-002102,2024-11-10,dimanche,Éducation,Suisse, ETI ,Business,3,152,64,42.1,14,7.4,26,10,0,4,2,,3,0,6781.87,violet,eu-w1,B,,49,155712,0
CLI-002563,06/01/2023,vendredi,Industrie,France,ETI,Pro,25,44,18,40.9,13,3.4,16,5,4,1,1,14.5,3,0,1147.89,violet,eu-w3,A,Compte dans la moyenne.,68,27297,0
CLI-001947,06 Mar 2024,mercredi,TECH,France, ETI ,Pro,11,97,59,,14,9.1,16,3,3,3,10,20.3,2,2,2504.11,vert,ap-s1,B,"Client insatisfait, risque de départ.",0,51334,1
CLI-002318,25/12/2024,mercredi,Santé,France, TPE ,Starter,1,6,1,16.7%,2,"0,4",8,2,0,8,2,"16,6",4,3,"75,56",vert,eu-w3,B,Déploiement interne limité.,7,682,1
CLI-001213,2024-10-07,lundi, Industrie ,France,tpe, Pro ,4,6,5,83.3,49,21.1,16,8,0,2,3,,2,1,"158,91",bleu,eu-w3,control,,47,2867,0
CLI-003776,10 Feb 2024,samedi,finance,Espagne,TPE,starter,12,9,4,44.4,17,2.3,8,2,1,3,4,29.0,3,0,117.23,vert,ap-s1,B,,48,3076,0
CLI-000064,03 Apr 2024,mercredi,Commerce,France,tpe,pro,10,3,2,66.7,33,15.0,16,9,1,2,0,,,0,62.66 €,clair,eu-w3,B,,53,873,0
CLI-000483,02/02/2024,vendredi,Industrie,France,PME,Enterprise,12,41,8,"19,5",1,0.4,40,4,3,15,0,1.2,4,,3444.27,clair,eu-w3,B,,64,36716,0
CLI-002272,07/01/2025,mardi,Finance,France,PME,Business,1,51,32,62.7,1,0.8,26,6,0,11,0,2.0,4,2,1971.33,vert,eu-w3,control,,43,16165,0
CLI-003093,12/08/2024,lundi,finance,Belgique,TPE,Starter,6,2,1,50.0,9,3.4,8,4,0,0,2,,3,2,19.51,sombre,ap-s1,control,Compte dans la moyenne.,20,300,1
CLI-001706,27 Jul 2024,samedi,Tech,Allemagne,TPE, Starter ,6,9,3,33.3,2,0.7,8,3,0,12,1,16.9,4,,"92,47",vert,eu-w3,B,Compte dans la moyenne.,12,1289,1
CLI-004644,31 Dec 2024,mardi,INDUSTRIE,Belgique,TPE,STARTER,1,6,3,50.0%,13,"5,1",8,2,0,3,4,27.7,3,,"67,87",sombre,ap-s1,control,,8,890,1
CLI-002082,2023-09-10,dimanche,Finance,France,PME,enterprise,17,55,44,80.0,28,18.4,40,23,6,0,5,4.9,5,0,4707.33,bleu,eu-w3,control,"Compte engagé, ambassadeur potentiel.",77,104220,0
CLI-001972,09 Jul 2023,dimanche,Éducation,Canada, ETI ,Pro,19,143,87,60.8,41,20.9,16,9,6,0,6,10.2,4,0,3847.31,clair,ap-s1,control,"Compte engagé, ambassadeur potentiel.",76,82025,0
CLI-002333,08 Jan 2025,mercredi, Industrie ,Belgique,PME, Starter ,1,6,2,33.3,13,"6,0",8,5,0,2,1,"17,5",5,4,"60,96",clair,eu-w3,control,,9,1000,1
CLI-003420,2024-03-12,mardi,éducation,Suisse,TPE,starter,11,8,1,12.5%,1,"0,3",8,2,3,5,8,"32,9",3,0,84.47,sombre,us-e1,B,"Multiples tickets ouverts, friction élevée.",19,1732,1
CLI-001150,11 Dec 2023,lundi,éducation,Belgique,PME,Starter,14,59,0,0.0,0,0.0,8,0,0,48,0,20.0,,1,637.09,sombre,eu-w3,control,Faible adoption des sièges.,55,12016,0
CLI-001720,2024-09-07,samedi,TECH,France,ETI,starter,5,195,59,30.3,8,4.5,8,1,0,1,0,"13,9",5,0,2597.1,vert,eu-w3,control,,49,44722,0
CLI-002128,29/03/2024,vendredi, Tech ,France,TPE,BUSINESS,10,8,5,62.5%,18,7.0,26,5,2,1,0,5.3,3,1,"434,87",vert,eu-w1,A,Suivi standard.,51,38155,0
CLI-004778,28/06/2024,vendredi,Finance,France,GE, Business ,7,239,74,31.0,15,8.3,26,5,1,1,4,,3,1,8830.08 €,violet,us-e1,B,,54,94129,0
CLI-001759,31/08/2024,samedi,FINANCE,France,PME,Pro,5,48,13,27.1%,1,0.3,16,6,,9,0,0.6 h,5,0,1202.27 €,violet,eu-w1,A,RAS.,59,16760,0
CLI-003372,11/03/2024,lundi,Industrie,Canada,PME,Pro,11,33,27,"81,8",42,"23,7",16,7,0,0,4,17.7,4,0,901.12,sombre,us-e1,control,,59,17734,0
CLI-003727,05 Sep 2023,mardi,SANTÉ,France,TPE,Starter,17,1,1,100.0,44,14.7,8,3,7,3,4,28.4,2,0,12.31,clair,us-e1,control,Mécontentement exprimé au support.,63,828,0
CLI-003307,2023-07-10,lundi,commerce,France,pme,Business,19,11,1,"9,1",1,0.1,26,1,7,30,0,2.3,5,0,517.79,vert,eu-w1,B,Déploiement interne limité.,72,11039,0
CLI-001374,10/08/2023,jeudi, Commerce ,France,tpe,Starter,18,8,4,50.0%,34,20.5,8,5,4,8,0,14.1 h,4,0,"115,41",vert,us-e1,B,"Compte engagé, ambassadeur potentiel.",66,9274,0
CLI-004085,30/06/2024,dimanche, Industrie ,France,PME,business,7,22,18,81.8,59,59.7,26,18,0,1,5,8.8,,0,1046.03,violet,ap-s1,control,"Client insatisfait, risque de départ.",45,12008,0
CLI-004665,2024-05-14,mardi,commerce,Allemagne,PME,Enterprise,9,29,9,31.0,8,1.0,40,11,5,1,10,4.0,,1,2465.35,violet,eu-w1,A,"Multiples tickets ouverts, friction élevée.",57,22237,0
CLI-003240,2024-08-02,vendredi,Commerce,Espagne,TPE,Starter,6,8,3,37.5,19,4.2,8,3,,5,2,25.8,3,0,93.94,violet,ap-s1,control,,6,1078,1
CLI-002001,23 Nov 2024,samedi,Commerce,Suisse,pme,Pro,2,52,28,53.8%,27,12.8,16,7,1,1,6,17.2,3,3,1155.36,vert,eu-w3,control,Compte dans la moyenne.,0,4737,1
CLI-004965,2024-04-15,lundi,FINANCE,Allemagne,TPE,Business,10,1,1,100.0,1,0.3,26,7,2,30,0,0.5,5,1,41.5,clair,ap-s1,control,,62,1157,0
CLI-000869,10 May 2024,vendredi,Commerce,France,ETI,Starter,9,138,17,12.3%,1,0.1,8,1,1,30,3,21.9,3,2,1337.47,clair,us-e1,A,,8,13161,1
CLI-002872,2024-01-08,lundi,Santé,France,tpe,Business,13,9,5,55.6,3,0.5,26,4,2,25,5,"6,0",4,0,414.95,clair,us-e1,control,,18,6465,1
CLI-001919,2024-05-07,mardi,Santé,France, GE ,Business,9,135,85,63.0,37,18.6,26,6,1,2,1,2.6 h,4,0,6252.27,sombre,eu-w3,control,RAS.,52,82030,0
CLI-002488,02 Dec 2023,samedi,Tech,Canada,TPE,BUSINESS,14,1,1,100.0%,31,13.4,26,16,4,0,7,"8,5",,1,42.39,bleu,eu-w1,A,,51,348,0
CLI-004541,30/05/2024,jeudi, Industrie ,France,GE, Enterprise ,8,645,305,47.3%,28,14.4,40,18,0,0,0,4.8 h,3,0,58075.93,vert,eu-w1,A,,58,333356,0
CLI-001541,2024-07-08,lundi,Tech,Belgique,pme,Business,7,30,0,0.0,0,0.0,26,0,0,103,3,"7,1",4,1,1147.16,bleu,eu-w3,control,,0,8466,1
CLI-004975,31/01/2024,mercredi,Éducation,Suisse,pme,Pro,12,33,22,66.7,18,,16,7,3,1,2,"15,9",,0,"750,75",clair,eu-w3,control,Compte dans la moyenne.,66,36321,0
CLI-002374,28 Dec 2024,samedi,Industrie,Espagne,PME, Starter ,1,11,7,63.6,34,7.7,8,4,0,1,0,11.9,4,1,134.74,bleu,eu-w1,control,RAS.,55,773,0
CLI-004550,11 Dec 2024,mercredi,public,France,PME,Business,2,29,13,44.8,16,"9,1",26,12,1,1,5,6.9,2,1,1335.77,clair,eu-w3,B,"Client insatisfait, risque de départ.",8,49290,1
CLI-002954,19 Jan 2023,jeudi,Commerce,France,ETI, Business ,25,170,131,77.1,40,10.0,26,3,3,0,5,"5,7",3,0,8674.47,bleu,ap-s1,control,,66,199166,0
CLI-004693,06 Jan 2025,lundi, Commerce ,Canada,PME,Pro,1,8,4,50.0,21,7.9,16,6,0,1,1,17.4,3,1,"213,59",bleu,eu-w3,A,,34,3328,0
CLI-004524,23/12/2024,lundi,Éducation,France,GE,Pro,1,757,0,0.0,0,0.0,16,0,0,30,0,5.1,4,0,15590.37,vert,eu-w3,A,Faible adoption des sièges.,7,332387,1
CLI-003269,13/04/2024,samedi,ÉDUCATION,France,PME, Enterprise ,10,13,8,"61,5",45,"23,4",40,18,1,1,1,2.5,3,0,"988,43",violet,eu-w1,control,,66,24315,0
CLI-002423,19/03/2023,dimanche,COMMERCE,Belgique,TPE,STARTER,23,9,0,,0,"0,0",8,0,0,45,6,22.1,4,0,122.79 €,bleu,eu-w3,B,,19,2114,1
CLI-001255,18/10/2023,mercredi,Finance,Allemagne, TPE ,Pro,16,9,7,"77,8",58,,16,8,2,1,8,18.9,,0,273.57,violet,us-e1,A,Support très sollicité récemment.,61,8749,0
CLI-003252,2024-01-13,samedi,Tech,Canada,GE, Enterprise ,13,259,101,39.0%,1,"0,4",40,14,1,30,0,0.5 h,,0,20082.97,clair,eu-w3,A,,47,1317443,0
CLI-000902,02 Oct 2024,mercredi,Santé,Belgique, ETI ,Business,4,39,28,71.8,42,"14,6",26,12,0,0,0,3.2 h,3,2,1784.64,sombre,ap-s1,A,,58,26341,0
CLI-003840,05 Oct 2024,samedi,Industrie,France, TPE , Starter ,4,11,6,54.5,23,"20,9",8,3,0,0,5,,3,0,149.96,bleu,eu-w3,B,Compte dans la moyenne.,55,8116,0
CLI-003186,2024-12-06,vendredi,commerce,France, PME ,pro,2,57,45,78.9,56,"45,6",16,8,0,1,0,"13,2",5,1,1389.54,sombre,us-e1,control,Suivi standard.,61,43298,0
CLI-002930,05 Aug 2024,lundi,,France,GE,Business,6,704,398,56.5,21,10.5,26,13,2,0,3,8.4,3,2,33331.66,clair,eu-w3,B,,25,1038615,1
CLI-004713,14/08/2023,lundi,Industrie,France,TPE, Starter ,18,6,2,"33,3",1,0.3,8,2,,10,8,"31,7",2,0,74.87 €,bleu,us-e1,A,"Client insatisfait, risque de départ.",54,1351,0
CLI-003402,2023-11-16,jeudi,Industrie,Allemagne,GE,Business,15,535,318,59.4,11,3.6,26,11,1,8,0,,5,0,23051.29,sombre,eu-w3,B,,68,151216,0
CLI-000280,16 Mar 2024,samedi,Public,Belgique,tpe,Starter,11,1,1,"100,0",32,19.4,8,3,2,1,0,11.7 h,4,0,11.49 €,vert,ap-s1,A,,56,300,0
CLI-003704,12 May 2023,vendredi,Éducation,France,TPE,STARTER,21,11,9,81.8,33,,8,2,3,0,1,15.0,4,,141.93,violet,ap-s1,A,,75,2677,0
CLI-002912,01 Nov 2023,mercredi, Éducation ,Espagne,PME, Starter ,15,52,46,88.5,64,62.3,8,3,4,2,2,24.8,4,0,649.7 €,sombre,us-e1,control,,68,4795,0
CLI-004081,01/06/2024,samedi,Industrie,Espagne,PME,Pro,8,27,21,77.8,54,30.7,16,6,0,3,2,13.7,3,0,756.39,violet,ap-s1,control,,50,27911,0
CLI-002090,25 Aug 2024,dimanche,éducation,France,GE,enterprise,5,458,95,20.7,2,0.2,40,17,2,1,2,0.5,5,0,37304.99 €,vert,ap-s1,B,Déploiement interne limité.,70,397671,0
CLI-003346,05/12/2024,jeudi,industrie,France,TPE,Starter,2,5,4,80.0%,94,81.3,8,6,1,1,0,"9,2",5,1,66.94,violet,us-e1,B,Compte dans la moyenne.,56,4117,0
CLI-002993,2024-08-01,jeudi,COMMERCE,France,pme,pro,6,53,18,34.0,22,11.0,16,7,1,0,5,16.2,1,3,1119.98,violet,eu-w3,control,,13,46838,1
CLI-003035,30/12/2024,lundi,SANTÉ,Suisse, PME ,starter,1,9,3,33.3,1,0.2,8,1,0,4,1,23.3 h,3,,,clair,us-e1,control,,9,914,1
CLI-004153,02/04/2024,mardi,Finance,Canada,ETI,Business,10,143,43,30.1,1,0.7,26,10,1,30,9,7.3,3,0,6212.26,vert,us-e1,control,,21,122257,1
CLI-000007,26 Jul 2024,vendredi,,Espagne,TPE,Starter,6,8,7,"87,5",88,53.2,8,5,0,1,5,,5,1,97.79,violet,eu-w3,control,Suivi standard.,47,1844,0
CLI-002026,2025-01-04,samedi,Tech,France,tpe,Starter,1,8,5,62.5,21,9.3,8,4,0,0,3,18.4,4,3,65.41,sombre,eu-w1,control,,13,644,1
CLI-004954,14 Jul 2024,dimanche,Commerce,France,PME,Business,7,16,10,62.5,38,20.9,26,13,0,2,5,7.3,2,0,"916,56",vert,eu-w1,B,Mécontentement exprimé au support.,23,23299,1
CLI-001257,09/05/2024,jeudi,finance,France,pme,Enterprise,9,20,7,,1,0.1,40,5,3,20,6,2.5,3,1,1557.47,clair,ap-s1,B,RAS.,24,25543,1
CLI-004247,08/01/2024,lundi,Tech,France,PME,Pro,13,36,19,"52,8",25,10.6,16,5,2,1,5,,3,0,941.17,vert,eu-w3,control,,53,15435,0
CLI-004698,05/07/2023,mercredi,,France,TPE,Starter,19,4,3,75.0,30,"8,5",8,1,3,1,2,19.1,5,0,46.24,sombre,eu-w1,control,Client très satisfait et actif.,65,1175,0
CLI-002343,01/01/2025,mercredi,ÉDUCATION,France,TPE, Business ,1,8,6,75.0,64,39.9,26,4,1,0,0,2.5 h,5,1,380.82 €,sombre,ap-s1,A,,47,9680,0
CLI-003748,06/03/2024,mercredi,Industrie,Suisse,pme,Business,11,15,4,26.7,1,0.2,26,5,1,23,4,4.7,3,1,,sombre,ap-s1,B,Compte dans la moyenne.,57,12541,0
CLI-004687,2023-11-10,vendredi,ÉDUCATION,Allemagne,TPE,pro,15,4,1,25.0,1,0.3,16,2,4,13,7,18.3,1,0,102.83,vert,ap-s1,control,,46,4385,0
CLI-000987,20 Jul 2023,jeudi,Industrie,France,PME, Pro ,19,10,5,"50,0",18,11.9,16,5,3,0,0,"9,7",4,0,274.89 €,vert,eu-w1,A,"Compte engagé, ambassadeur potentiel.",67,5184,0
CLI-004391,2023-11-02,jeudi,Finance,Belgique,PME,Starter,15,6,1,16.7,1,0.1,8,1,5,24,7,31.5 h,2,0,67.56,vert,eu-w1,A,Mécontentement exprimé au support.,37,1939,0
CLI-004791,29 Nov 2023,mercredi,Finance,Canada,ETI,BUSINESS,14,86,61,70.9,36,"12,0",26,7,3,1,2,,3,0,4491.65,clair,ap-s1,control,,74,99445,0
CLI-001002,31 Dec 2024,mardi,industrie,France,ETI,starter,1,61,41,67.2,29,22.6,8,5,0,1,0,12.1,5,,673.01,violet,us-e1,B,,45,8830,0
CLI-002750,2024-12-26,jeudi,,Belgique,TPE,Starter,1,7,0,0.0,0,0.0,8,0,0,30,3,13.9,2,3,75.22,vert,eu-w3,A,Mécontentement exprimé au support.,28,555,0
CLI-004357,2024-10-30,mercredi,Finance,Belgique,ETI, Business ,3,174,80,46.0,7,3.5,26,8,1,2,1,3.3,3,,7302.94,bleu,us-e1,control,,44,161687,0
CLI-003744,06/11/2023,lundi,TECH,Allemagne,PME,Pro,15,48,34,"70,8",36,15.4,16,4,6,1,5,12.4,3,0,"1380,64",vert,eu-w1,control,,55,39624,0
CLI-000657,11/11/2023,samedi,Finance,Espagne, TPE , Business ,15,3,1,33.3,3,1.5,26,5,0,2,5,,2,0,140.06,violet,us-e1,control,,4,5513,1
CLI-001139,11 Nov 2023,samedi,Éducation,,TPE,Pro,15,1,1,100.0,12,5.6,16,4,2,0,1,16.1,,0,17.95,vert,us-e1,control,"Client insatisfait, risque de départ.",60,300,0
CLI-002877,19/10/2022,mercredi,COMMERCE,France,GE,pro,28,398,212,53.3,14,8.6,16,5,6,1,4,18.1,2,0,,sombre,us-e1,A,,71,260344,0
CLI-003895,02/01/2025,jeudi,TECH,France,PME,PRO,1,31,13,41.9%,13,5.2,16,3,0,3,3,,3,1,720.31 €,sombre,us-e1,A,,43,4725,0
CLI-002200,06 Aug 2024,mardi,Tech,France,GE, Enterprise ,6,242,51,"21,1",7,3.6,40,17,1,1,2,6.5,2,0,16631.2,vert,eu-w3,B,,13,204564,1
CLI-003714,15 Nov 2023,mercredi,Éducation,France,TPE,Pro,15,10,5,50.0,33,22.0,16,6,2,1,5,13.3,3,0,"282,74",violet,us-e1,control,RAS.,49,4173,0
CLI-002965,2023-09-06,mercredi,Public,Canada,ETI,business,17,140,71,50.7,22,"7,1",26,7,4,1,8,9.4,1,0,6590.84,bleu,eu-w3,control,"Client insatisfait, risque de départ.",51,237798,0
CLI-002801,2025-01-02,jeudi,Tech,Belgique,pme,Business,1,24,21,87.5,86,"65,6",26,17,0,0,0,3.1 h,5,1,,sombre,ap-s1,control,,60,15819,0
CLI-004163,2025-01-08,mercredi,finance,Espagne,PME,Pro,1,21,9,"42,9",14,8.4,16,4,0,4,3,"14,2",3,,556.68,sombre,us-e1,control,,40,11868,0
CLI-004298,17 Jan 2023,mardi,Finance,Espagne,ETI,Enterprise,25,107,38,35.5%,17,"11,2",40,15,4,1,0,7.5 h,3,0,9790.13,sombre,eu-w3,A,,86,272949,0
CLI-000704,2024-12-25,mercredi,SANTÉ,Canada, TPE ,PRO,1,6,0,"0,0",0,0.0,16,0,0,30,7,"14,1",3,0,120.66,sombre,eu-w3,B,Support très sollicité récemment.,4,1484,1
CLI-000537,2023-08-07,lundi,Éducation,France, TPE ,pro,18,9,6,66.7%,33,1.8,16,5,3,2,1,7.9,3,0,204.0,violet,eu-w3,A,Compte dans la moyenne.,73,4684,0
CLI-001240,12 Jul 2023,mercredi,INDUSTRIE,Allemagne,eti,pro,19,200,0,0.0,0,0.0,16,0,0,54,2,17.4,1,0,4353.57,violet,us-e1,A,,2,46409,1
CLI-003659,2024-05-04,samedi, Tech ,,PME,BUSINESS,9,56,0,0.0,0,0.0,26,0,,47,5,,3,0,2692.91 €,bleu,ap-s1,A,Faible adoption des sièges.,0,30915,1
CLI-004855,17/06/2023,samedi,TECH,France,PME,Pro,20,41,4,9.8,1,,16,1,6,5,0,1.1,5,0,1051.68,bleu,eu-w1,A,,81,37082,0
CLI-003074,2023-07-17,lundi,Industrie,France,TPE,Business,19,10,3,"30,0",1,0.5,26,12,4,9,1,5.3,3,0,"442,78",violet,ap-s1,control,Suivi standard.,68,16702,0
CLI-000675,2023-12-03,dimanche,Finance,Espagne,eti,Enterprise,14,201,153,76.1,54,31.1,40,19,2,2,0,"0,5",4,0,15370.25,violet,ap-s1,A,,73,289883,0
CLI-000163,12/06/2022,dimanche,Finance,France,TPE,Pro,32,11,5,45.5%,7,1.9,16,6,7,22,0,6.7,4,0,"231,55",bleu,us-e1,control,Compte dans la moyenne.,80,4367,0
CLI-000589,2024-12-08,dimanche,Industrie,France, TPE ,Business,2,10,8,"80,0",33,14.9,26,12,1,3,1,5.6,3,2,503.67,violet,ap-s1,control,,54,10325,0
CLI-000879,07/07/2023,vendredi,Commerce,Suisse,ETI,Enterprise,19,40,13,32.5,17,5.1,40,21,6,1,2,"4,5",4,0,3082.21,violet,eu-w1,B,,85,90987,0
CLI-002440,15 Aug 2023,mardi,éducation,Suisse,PME,Business,18,50,0,0.0,0,0.0,26,0,0,92,1,5.9,4,0,"2439,4",violet,us-e1,control,,9,40006,1
CLI-002952,2024-02-01,jeudi,Éducation,France,PME,Pro,12,25,13,52.0,21,9.7,16,9,3,1,0,13.6,4,0,635.96,bleu,us-e1,control,,63,10951,0
CLI-004767,17/05/2023,mercredi,Finance,France,TPE,starter,21,8,5,"62,5",1,0.1,8,4,2,20,1,"16,9",4,0,105.36,clair,eu-w1,A,Suivi standard.,70,3024,0
CLI-001459,2025-01-10,vendredi,FINANCE,France,GE,Enterprise,1,647,365,56.4,18,4.4,40,19,0,3,1,,4,5,32091.86,clair,eu-w1,B,,41,526307,0
CLI-001897,03 Apr 2024,mercredi,COMMERCE,France,TPE,starter,10,10,3,30.0,9,4.0,8,2,1,3,9,50.6,2,1,92.85,vert,eu-w3,B,"Client insatisfait, risque de départ.",3,381,1
CLI-002296,08/08/2023,mardi,Industrie,France, PME ,Pro,18,43,0,0.0,0,0.0,16,0,0,115,1,,3,0,842.43 €,violet,us-e1,control,,0,15888,1
CLI-004263,08/01/2025,mercredi,Tech,France,TPE,Pro,1,11,8,72.7,72,24.7,16,8,1,3,3,17.0,3,0,261.13,violet,eu-w1,B,Suivi standard.,44,1927,0
CLI-001433,09 May 2023,mardi,Santé,France,ge,ENTERPRISE,21,845,779,92.2,93,90.2,40,29,5,2,5,3.7,2,0,89402.85,violet,us-e1,A,"Client insatisfait, risque de départ.",83,2000000,0
CLI-003538,2023-07-07,vendredi,Finance,France,ETI,Pro,19,43,27,62.8,33,24.6,16,6,5,1,0,"2,3",5,,1139.87,sombre,us-e1,B,,68,57016,0
CLI-003072,2024-05-28,mardi,Industrie,France,GE,Pro,8,468,100,21.4,7,4.1,16,5,2,2,2,"20,7",1,2,11530.27,vert,eu-w1,B,,15,283645,1
CLI-003485,06 Aug 2024,mardi,Finance,France,PME, Pro ,6,25,5,20.0,5,1.8,16,3,1,11,0,,5,1,"558,52",bleu,us-e1,B,Faible adoption des sièges.,58,24731,0
CLI-000168,08/01/2024,lundi, Public ,France,PME, Business ,13,9,2,22.2,1,0.4,26,11,2,4,3,9.4,4,0,426.89,bleu,eu-w3,control,,60,4551,0
CLI-004422,04/05/2024,samedi,Tech,Allemagne,PME, Starter ,9,56,18,32.1,17,6.3,8,4,2,1,1,11.6,4,0,"754,24",vert,eu-w1,B,,50,5566,0
CLI-004354,2023-08-01,mardi,Éducation,France,eti,Business,18,158,41,"25,9",4,0.9,26,9,,17,6,"7,4",,0,8541.47,bleu,ap-s1,A,Mécontentement exprimé au support.,56,154088,0
CLI-004184,2024-11-26,mardi,Éducation,France,PME,starter,2,23,14,60.9%,42,9.1,8,5,3,1,1,28.4,3,2,"300,06",sombre,eu-w3,control,RAS.,46,7874,0
CLI-002608,12 Feb 2024,lundi,Public,France,TPE,Starter,12,11,5,45.5%,1,0.7,8,3,4,30,5,27.9,3,0,121.7,violet,eu-w3,B,RAS.,43,599,0
CLI-000283,29 Nov 2023,mercredi,industrie,France,ETI, Business ,14,166,10,6.0,1,0.1,26,2,3,1,6,7.1,2,0,6932.4,violet,eu-w1,A,"Client insatisfait, risque de départ.",30,136430,1
CLI-001330,09 Jan 2025,jeudi,Industrie,Espagne, PME , Starter ,1,16,9,"56,2",16,8.8,8,2,0,2,7,39.2,1,3,175.34,bleu,ap-s1,A,,0,3019,1
CLI-004542,14 May 2024,mardi,,France,GE, Enterprise ,9,317,133,42.0,10,1.3,40,10,1,4,1,"2,7",4,2,27867.02 €,vert,us-e1,A,,53,228510,0
CLI-002284,12 Jul 2023,mercredi,Tech,,TPE,PRO,19,1,1,100.0,60,"28,5",16,7,2,1,4,,4,0,23.73 €,clair,eu-w1,A,,58,300,0
CLI-000905,2024-04-12,vendredi,tech,France,eti,Enterprise,10,56,40,,66,57.1,40,21,4,2,7,"2,8",3,0,,clair,eu-w1,B,"Multiples tickets ouverts, friction élevée.",57,61317,0
CLI-004614,10/01/2025,vendredi, Tech ,Belgique,ETI,business,1,105,54,51.4,25,14.8,26,9,1,0,5,,3,6,4335.25,bleu,eu-w1,control,,33,21329,0
CLI-000986,07 Jul 2024,dimanche,Commerce,France, TPE , Pro ,7,3,2,66.7,19,1.8,16,8,0,3,4,"13,8",3,1,76.28,vert,eu-w1,B,,9,563,1
CLI-001128,31 Jul 2024,mercredi, Finance ,France,PME,Pro,6,34,15,44.1,25,1.2,16,6,1,3,4,20.5 h,3,1,973.05,clair,eu-w3,control,,10,12766,1
CLI-001827,2023-05-16,mardi,Industrie,France,PME,Business,21,47,22,46.8,21,"11,8",26,13,2,2,6,10.1,2,0,2288.12,clair,eu-w1,A,,29,56288,1
CLI-004599,08 Dec 2023,vendredi,,France,TPE,Starter,14,2,1,50.0,37,24.1,8,4,3,0,0,"25,0",4,0,26.78,violet,eu-w1,control,,70,1010,0
CLI-004405,02 Sep 2023,samedi,Industrie,Allemagne,TPE,starter,17,7,2,28.6,9,"3,4",8,2,4,0,0,15.8 h,3,0,91.67,violet,us-e1,A,,66,1654,0
CLI-004948,29/12/2024,dimanche,Tech,Allemagne,TPE,Starter,1,2,1,"50,0",18,4.5,8,4,0,0,0,25.1,,4,20.74,clair,ap-s1,A,Compte dans la moyenne.,5,300,1
CLI-003893,04 Feb 2024,dimanche,Finance,France,PME, Starter ,12,25,12,,26,10.4,8,4,4,1,2,26.3,3,0,320.71,clair,eu-w1,A,,31,7101,1
CLI-000690,08/11/2024,vendredi,Finance,Belgique,PME,BUSINESS,3,7,2,28.6%,1,,26,4,0,5,2,6.6,3,0,,bleu,us-e1,control,,47,2116,0
CLI-001467,01/06/2024,samedi,Tech,France,pme, Enterprise ,8,25,5,20.0,1,0.2,40,12,5,4,0,3.5,5,1,1975.85,clair,eu-w3,control,,67,34024,0
CLI-001404,30 Oct 2024,mercredi, Industrie ,Suisse,TPE,Starter,3,11,1,"9,1",1,0.1,8,0,0,3,3,"19,7",4,3,,violet,eu-w3,control,Faible adoption des sièges.,0,804,1
CLI-003950,15 Mar 2024,vendredi, Tech ,France, TPE , Business ,11,6,4,"66,7",42,7.5,26,13,2,0,4,5.5,2,0,"255,04",clair,ap-s1,control,"Client insatisfait, risque de départ.",56,3764,0
CLI-000713,06 Oct 2024,dimanche,INDUSTRIE,France,pme,BUSINESS,4,27,20,74.1,52,29.5,26,15,2,3,0,,4,3,1386.14,vert,ap-s1,A,Compte dans la moyenne.,53,37509,0
CLI-003175,2024-07-30,mardi,Tech,France,PME, Pro ,6,8,2,25.0%,2,"0,4",16,0,1,8,2,"17,0",2,0,"138,43",clair,eu-w3,control,Mécontentement exprimé au support.,19,1476,1
CLI-000328,14 Apr 2024,dimanche, Finance ,Canada,eti,Enterprise,10,55,24,43.6%,29,10.7,40,15,5,4,0,4.3,3,1,"4764,53",bleu,eu-w3,B,,77,78138,0
CLI-001267,2024-02-14,mercredi,PUBLIC,France,PME,pro,12,51,34,66.7,71,"60,5",16,10,3,1,1,12.5,4,0,1405.36,bleu,ap-s1,A,,62,27657,0
CLI-001018,13 Oct 2023,vendredi,santé,Espagne,TPE,STARTER,16,5,3,60.0%,9,5.5,8,4,3,0,0,16.7,3,0,59.87 €,vert,eu-w1,A,,67,1178,0
CLI-003400,03/02/2023,vendredi,Public,Belgique, ETI ,BUSINESS,24,100,86,86.0%,62,50.7,26,7,4,2,1,6.2,3,,5466.01 €,clair,us-e1,control,,83,147910,0
CLI-000239,01/10/2023,dimanche,Finance,France,TPE,Pro,16,9,5,55.6,40,17.9,16,6,2,0,0,"14,7",4,0,272.86,clair,us-e1,control,,72,12977,0
CLI-001511,2023-07-03,lundi,,Allemagne,PME, Pro ,19,30,20,"66,7",16,6.5,16,4,5,1,6,12.3 h,4,0,767.33,violet,eu-w3,A,,78,39011,0
CLI-004026,18 Sep 2023,lundi,Tech,Allemagne,PME,Pro,17,49,42,"85,7",32,"21,4",16,6,4,0,1,,5,,"1263,77",sombre,eu-w3,A,,74,21762,0
CLI-004485,2024-10-27,dimanche,Commerce,Allemagne,TPE,Pro,3,4,2,50.0,24,"11,0",16,5,0,0,7,"19,0",3,1,100.45,vert,ap-s1,control,,4,1071,1
CLI-004437,05/10/2024,samedi,Public,Espagne,ETI,PRO,4,184,145,78.8,72,40.9,16,9,2,1,0,6.6 h,3,0,"5191,91",bleu,eu-w1,control,,63,204354,0
CLI-001798,2024-07-03,mercredi,Public,Espagne, TPE ,starter,7,9,8,88.9,101,,8,3,1,1,1,26.4 h,4,1,111.01 €,bleu,ap-s1,A,,52,1001,0
CLI-000813,04/01/2025,samedi,éducation,Espagne, TPE ,Starter,1,11,1,9.1,1,0.1,8,0,0,2,3,25.9,3,3,93.65 €,clair,eu-w1,B,,0,614,1
CLI-003956,02/03/2024,samedi,,France,ETI,Business,11,214,0,0.0,0,"0,0",26,0,0,72,2,6.6,3,0,10388.83,sombre,us-e1,A,,0,264084,1
CLI-004022,06 Dec 2022,mardi,Commerce,Belgique,TPE,starter,26,4,2,50.0,25,6.6,8,4,4,0,1,20.6,4,0,"54,66",clair,us-e1,A,"Compte engagé, ambassadeur potentiel.",40,1703,1
CLI-000382,01/12/2024,dimanche,éducation,France,pme,business,2,45,0,0.0%,0,0.0,26,0,0,60,2,,,0,"2260,42",clair,eu-w1,B,,8,31510,1
CLI-003768,11 Mar 2024,lundi,Santé,Belgique,GE,Business,11,814,422,"51,8",36,26.2,26,10,3,1,1,7.6,4,0,29250.97,clair,ap-s1,control,,67,959432,0
CLI-002177,08/01/2025,mercredi,Finance,France,ETI,pro,1,199,94,47.2,19,,16,4,0,2,0,6.6,5,3,5212.24,violet,eu-w1,B,,36,175236,0
CLI-001011,2024-07-30,mardi,Santé,Belgique,GE,BUSINESS,6,654,362,55.4,30,16.8,26,13,1,1,0,"3,6",,0,"29720,7",sombre,eu-w3,A,RAS.,64,194968,0
CLI-001243,13 Jan 2024,samedi,Public,France,pme,enterprise,13,37,10,27.0,1,0.7,40,17,4,30,1,0.5 h,3,0,2195.4 €,vert,eu-w3,control,Suivi standard.,55,19803,0
CLI-000598,2024-04-13,samedi,COMMERCE,Belgique,TPE,Starter,10,7,5,71.4%,48,20.5,8,2,0,1,7,42.3,2,0,88.2,bleu,ap-s1,B,,0,1013,1
CLI-001622,2023-12-08,vendredi,Finance,Suisse,TPE,STARTER,14,6,2,33.3,15,1.9,8,3,3,1,0,6.9,5,0,69.88,sombre,eu-w1,control,,74,1490,0
CLI-004066,04 Mar 2023,samedi,commerce,France,ETI,ENTERPRISE,23,130,56,43.1%,4,"0,2",40,16,1,1,0,2.5,4,0,9693.99,clair,eu-w3,A,,64,325912,0
CLI-002038,01/03/2024,vendredi,santé,France,eti,BUSINESS,11,164,70,42.7,25,"23,4",26,6,1,0,7,6.2,4,0,8259.22,violet,us-e1,A,Support très sollicité récemment.,58,223494,0
CLI-002031,27/12/2024,vendredi,Santé,France,PME,Enterprise,1,33,21,63.6%,22,13.1,40,19,1,0,1,0.6,,3,2344.68,sombre,eu-w1,control,,57,24994,0
CLI-000526,10/09/2024,mardi,Commerce,France,TPE,Starter,5,2,1,"50,0",21,"3,7",8,4,3,1,0,"8,3",5,0,"26,3",vert,us-e1,control,,51,1035,0
CLI-002686,2024-03-16,samedi,Finance,France,TPE,Pro,11,5,1,"20,0",5,1.0,16,4,2,3,1,15.0,5,0,103.45,vert,eu-w3,control,Faible adoption des sièges.,66,509,0
CLI-004723,03 Apr 2024,mercredi,TECH,France, PME ,starter,10,15,13,86.7,57,"42,4",8,3,1,8,1,26.4,3,,"186,25",violet,ap-s1,A,Suivi standard.,49,1833,0
CLI-001080,2024-02-02,vendredi,Commerce,, TPE ,Pro,12,7,5,"71,4",25,"1,3",16,7,2,3,4,"20,4",1,0,169.55,clair,ap-s1,control,"Client insatisfait, risque de départ.",15,2781,1
CLI-001609,26 Aug 2024,lundi,Finance,France,PME,Starter,5,43,25,"58,1",14,"3,9",8,3,0,1,0,"6,9",5,1,538.66,clair,us-e1,A,Suivi standard.,55,3534,0
CLI-004534,12/07/2022,mardi, Public ,,PME,Business,31,56,32,57.1%,17,8.2,26,8,1,1,0,1.6,3,0,2823.6,vert,ap-s1,A,,81,53253,0
CLI-002095,12 Apr 2024,vendredi,Finance,France,TPE, Pro ,10,5,1,"20,0",1,0.2,16,1,4,10,4,14.9,,1,75.0,vert,us-e1,A,Déploiement interne limité.,48,300,0
CLI-001160,2022-12-11,dimanche,Commerce,France,TPE, Starter ,26,3,1,33.3,1,0.1,8,1,7,19,1,,4,0,"34,57",clair,eu-w3,A,,69,3402,0
CLI-004484,07 May 2023,dimanche,Éducation,France,PME,Business,21,17,6,35.3,6,0.3,26,11,7,7,6,14.4,1,0,"668,99",sombre,ap-s1,B,,51,31269,0
CLI-000866,07 Jun 2024,vendredi,Public,Suisse,TPE,Pro,8,7,1,14.3,1,0.4,16,2,1,30,3,18.7,2,1,155.96,sombre,us-e1,B,"Client insatisfait, risque de départ.",10,767,1
CLI-003626,10 Feb 2024,samedi, Finance ,France,tpe,STARTER,12,4,2,50.0%,28,"12,5",8,4,1,0,0,16.6 h,5,1,54.0 €,clair,eu-w3,B,,71,487,0
CLI-003933,08/03/2024,vendredi,éducation,France, ETI ,Business,11,54,17,31.5%,11,2.3,26,11,3,6,2,10.2,2,0,2736.14,violet,eu-w3,B,Mécontentement exprimé au support.,10,80771,1
CLI-003636,11 Sep 2023,lundi,,Allemagne,TPE,Pro,17,10,3,30.0%,4,0.2,16,4,5,4,0,5.6,3,0,"203,87",clair,eu-w3,A,Suivi standard.,57,1505,0
CLI-001470,05/10/2022,mercredi,Santé,Canada,TPE,pro,28,9,0,0.0,0,"0,0",16,0,0,36,1,10.2,3,1,267.65,sombre,eu-w3,A,Faible adoption des sièges.,54,6584,0
CLI-001274,12/04/2024,vendredi,COMMERCE,Canada,ETI,Business,10,130,59,45.4%,27,10.4,26,5,1,2,0,4.7,3,1,"5808,44",sombre,eu-w1,B,RAS.,43,38103,0
CLI-004227,12 Apr 2024,vendredi, Finance ,France,PME,Starter,10,56,14,"25,0",1,"0,1",8,1,3,24,0,0.5,5,0,545.46,bleu,eu-w1,B,,55,8946,0
CLI-001892,06/07/2024,samedi,finance,,eti,Enterprise,7,88,61,69.3,21,"11,5",40,11,1,1,2,,4,1,8781.35 €,vert,us-e1,control,,62,129613,0
CLI-002066,2024-09-02,lundi,Commerce,Allemagne,TPE,Starter,5,5,3,60.0%,20,"9,9",8,1,2,0,0,18.3,5,0,66.62 €,clair,ap-s1,control,,55,1202,0
CLI-004684,2024-12-30,lundi,Tech,France,PME,Pro,1,37,17,45.9%,1,"0,2",16,0,0,30,2,13.5 h,3,3,819.35,sombre,eu-w1,control,,0,8062,1
CLI-001090,09 Jan 2024,mardi,ÉDUCATION,France,PME,Pro,13,32,17,53.1%,33,"13,6",16,8,4,2,5,"15,5",1,0,862.37,violet,eu-w3,control,,39,19093,1
CLI-004525,06 Jan 2025,lundi,Industrie,France,PME,Business,1,32,22,68.8,21,"14,0",26,11,0,0,0,9.6,5,2,1530.35,clair,us-e1,control,Suivi standard.,56,46431,0
CLI-002369,10/07/2024,mercredi,Finance,Canada,TPE,pro,7,9,2,22.2%,1,0.1,16,2,3,2,5,14.0,3,2,217.81,vert,us-e1,control,,55,9466,0
CLI-003643,29/12/2024,dimanche,Commerce,France,PME,Starter,1,42,16,38.1,1,0.5,8,1,0,14,0,19.2,4,0,546.46,vert,ap-s1,B,,13,8514,1
CLI-001249,13 Jul 2024,samedi,Public,France,TPE,STARTER,7,10,5,50.0,25,7.5,8,3,0,1,1,15.4,5,,120.81,vert,ap-s1,A,Suivi standard.,51,2080,0
CLI-001347,2024-06-30,dimanche,Éducation,Suisse,tpe, Starter ,7,11,7,63.6,43,,8,3,1,0,3,,3,0,138.84,bleu,eu-w3,A,,51,6603,0
CLI-000077,2024-03-07,jeudi, Éducation ,France,PME,Pro,11,45,5,11.1,1,,16,1,2,30,6,18.5,2,0,1137.79,bleu,eu-w1,A,,1,54113,1
CLI-001168,24/11/2024,dimanche,TECH,France,tpe, Pro ,2,4,2,"50,0",27,7.7,16,6,0,0,8,19.8 h,1,5,84.45,bleu,us-e1,A,Mécontentement exprimé au support.,0,554,1
CLI-001599,2024-02-06,mardi, Tech ,France, TPE ,Business,12,8,4,50.0,27,8.2,26,8,2,1,1,3.7,4,0,320.63,violet,eu-w3,B,RAS.,64,7099,0
CLI-003912,28/11/2024,jeudi,Commerce,Suisse,tpe,Pro,2,1,1,100.0,22,12.3,16,4,0,0,1,11.4,3,1,17.5,clair,ap-s1,A,,39,300,0
CLI-000792,16 Sep 2023,samedi,Santé,Canada,TPE,Pro,17,8,4,50.0,21,"10,6",16,6,6,4,2,11.6,2,0,"192,5",sombre,eu-w3,B,,61,1894,0
CLI-002117,06/09/2024,vendredi,commerce,Allemagne,TPE,starter,5,1,1,100.0,51,22.4,8,4,2,1,3,23.2,,3,11.74,clair,us-e1,control,,46,1155,0
CLI-003486,07/07/2024,dimanche,Commerce,Espagne,PME, Pro ,7,12,5,41.7,6,"2,6",16,4,2,2,3,"15,8",4,3,248.78 €,bleu,ap-s1,control,,12,3876,1
CLI-001327,26 Dec 2024,jeudi,éducation,Allemagne,TPE,Starter,1,9,7,77.8,45,15.9,8,2,0,0,5,"26,8",4,0,109.08,vert,us-e1,A,Suivi standard.,20,2415,1
CLI-003746,09/07/2023,dimanche,Industrie,France,TPE,STARTER,19,8,5,62.5,32,"13,4",8,1,5,2,1,23.4,3,0,108.14,vert,eu-w3,B,,72,9045,0
CLI-002432,04 Dec 2023,lundi,tech,France,TPE,BUSINESS,14,9,8,88.9%,64,39.9,26,14,3,1,1,1.4,5,0,"512,32",violet,us-e1,B,"Compte engagé, ambassadeur potentiel.",78,6722,0
CLI-000921,2023-05-13,samedi,Tech,Espagne,TPE,BUSINESS,21,9,5,55.6,13,,26,10,6,3,4,6.3,4,0,504.89,vert,ap-s1,B,Client très satisfait et actif.,64,48025,0
CLI-002104,31 Dec 2024,mardi,Finance,France,ETI,enterprise,1,39,9,23.1%,1,"0,1",40,1,1,3,1,1.6,3,0,"3043,08",clair,ap-s1,control,,24,74860,1
CLI-001479,2023-07-09,dimanche,santé,Suisse,TPE,starter,19,10,4,40.0,12,"4,8",8,3,5,2,4,33.7,3,0,112.22,bleu,us-e1,A,,65,2024,0
CLI-002530,2023-10-15,dimanche,SANTÉ,,PME,Business,16,56,47,83.9%,76,25.9,26,17,6,1,0,,5,0,2585.66,clair,eu-w1,control,,80,110253,0
CLI-001393,30/09/2023,samedi,Éducation,France, PME ,Pro,16,54,34,63.0,44,"25,3",16,6,2,0,0,6.3,5,0,1222.13,clair,us-e1,B,,73,15032,0
CLI-001751,30/11/2023,jeudi,Tech,Allemagne,PME,Pro,14,47,41,87.2,51,33.8,16,11,3,1,1,,4,0,1083.45,violet,eu-w1,B,,70,21322,0
CLI-003799,18 Aug 2023,vendredi,Public,Espagne, ETI , Business ,18,61,0,"0,0",0,"0,0",26,0,0,103,1,3.2 h,3,0,2859.97,violet,ap-s1,control,,0,28142,1
CLI-002751,09 Jul 2024,mardi,,France, PME ,BUSINESS,7,23,14,60.9,23,13.7,26,13,3,1,2,5.9 h,4,1,1004.3,vert,eu-w3,A,,59,9059,0
CLI-000751,12 Aug 2023,samedi,COMMERCE,France,TPE,Starter,18,6,1,16.7%,1,"0,5",8,3,3,7,4,24.9,3,0,72.26 €,violet,eu-w3,B,Déploiement interne limité.,54,1126,0
CLI-001941,02/06/2023,vendredi,Tech,Belgique,PME,Pro,20,7,5,71.4,32,14.3,16,10,3,0,4,17.6,4,0,178.71,clair,us-e1,B,,57,2345,0
CLI-003339,2024-01-02,mardi,Finance,Allemagne,TPE,Starter,13,6,4,"66,7",38,19.4,8,5,,0,0,16.2,4,0,72.5,clair,ap-s1,control,,73,1605,0
CLI-004418,2024-12-27,vendredi,éducation,Suisse,TPE,Starter,1,3,1,"33,3",1,0.1,8,3,1,6,3,29.7,2,2,35.28,sombre,ap-s1,B,Mécontentement exprimé au support.,5,636,1
CLI-004901,05 Feb 2024,lundi,tech,Suisse,ETI,Business,12,199,155,"77,9",109,71.6,26,17,2,0,3,4.9,3,2,10865.51,sombre,ap-s1,B,,56,71278,0
CLI-002289,2025-01-03,vendredi, Industrie ,France,PME,Business,1,22,9,"40,9",17,7.7,26,9,1,7,0,3.9,,0,919.05,vert,ap-s1,A,RAS.,49,5275,0
CLI-004834,2024-12-28,samedi,COMMERCE,Canada,ETI,Business,1,102,57,55.9,21,5.1,26,6,0,0,0,5.6,4,0,"5001,85",violet,eu-w1,control,,45,86132,0
CLI-003914,06/01/2025,lundi,INDUSTRIE,France,ge,Business,1,689,296,43.0%,20,"8,5",26,2,0,1,1,"4,3",3,2,"24732,91",vert,ap-s1,B,,42,385339,0
CLI-004322,11 Jul 2023,mardi,Finance,France,TPE,Pro,19,11,2,18.2,1,"0,4",16,3,7,18,7,14.5,2,0,286.83,sombre,eu-w3,A,,53,4704,0
CLI-003677,06 Jan 2025,lundi, Commerce ,France,ETI,Enterprise,1,120,75,62.5,37,26.6,40,24,0,0,2,2.6 h,4,2,"9056,13",sombre,us-e1,B,,59,163373,0
CLI-004356,24/11/2024,dimanche,Finance,France,PME,Enterprise,2,34,13,38.2,8,"3,9",40,9,2,3,4,6.6,3,2,2637.46 €,violet,eu-w3,B,,45,67044,0
CLI-004132,2023-12-08,vendredi, Éducation ,France,PME,Pro,14,47,24,51.1,38,16.9,16,9,5,2,1,18.5,2,,1351.94,violet,eu-w1,control,,60,12194,0
CLI-005000,2024-07-29,lundi,Commerce,France, PME ,BUSINESS,6,10,5,50.0,44,19.2,26,11,3,1,1,3.8 h,4,2,,vert,eu-w1,B,Client très satisfait et actif.,51,13249,0
CLI-000463,2023-10-16,lundi,Tech,France,TPE,Starter,16,3,3,100.0,89,24.4,8,4,4,0,0,23.3 h,4,0,39.27,bleu,eu-w3,control,Client très satisfait et actif.,64,805,0
CLI-001945,29 Mar 2024,vendredi,santé,Suisse, TPE ,Starter,10,11,0,0.0,0,0.0,8,0,0,78,2,"27,2",3,0,"143,43",clair,eu-w1,A,"Compte peu actif, relance nécessaire.",0,3646,1
CLI-004960,2024-04-27,samedi,Éducation,France,TPE,Starter,9,7,4,57.1%,22,"8,2",8,2,4,2,2,19.2,5,0,87.3,sombre,us-e1,B,Client très satisfait et actif.,56,1074,0
CLI-002413,2023-08-12,samedi,Tech,Espagne,TPE,STARTER,18,11,2,18.2,1,0.1,8,2,4,2,2,20.8,3,0,140.52,vert,eu-w1,A,,58,4955,0
CLI-004668,02 Oct 2023,lundi,tech,France,PME,STARTER,16,41,13,31.7,1,"0,1",8,1,2,15,0,12.4,5,0,383.21 €,clair,ap-s1,A,,54,2200,0
CLI-002370,2025-01-01,mercredi,Éducation,Belgique, PME ,PRO,1,37,29,78.4%,50,43.8,16,10,0,0,0,"7,5",5,3,,violet,ap-s1,A,,49,4415,0
CLI-000878,2023-12-15,vendredi,industrie,France, PME ,Starter,14,49,34,69.4,41,32.2,8,3,6,2,5,29.6,3,0,657.82,vert,ap-s1,A,,62,18340,0
CLI-001734,14 Sep 2023,jeudi,Éducation,France,pme, Pro ,17,48,24,50.0,22,1.1,16,3,2,0,3,14.1,2,0,"1331,15",sombre,us-e1,control,Mécontentement exprimé au support.,50,54577,0
CLI-003192,2023-09-30,samedi, Public ,Espagne, GE ,Business,16,433,311,71.8,64,12.0,26,11,2,0,0,5.3,5,1,19660.42,violet,eu-w1,B,Compte dans la moyenne.,82,274066,0
CLI-000960,25 Nov 2024,lundi,Public,France,pme,Pro,2,52,0,0.0,0,0.0,16,0,0,60,2,10.5 h,3,1,1106.1,violet,ap-s1,A,,0,8163,1
CLI-001723,09/01/2025,jeudi,finance,France,ETI,Business,1,201,21,10.4,1,"0,1",26,1,0,3,7,,1,2,7534.59,sombre,eu-w3,A,,2,154459,1
CLI-001741,2024-05-07,mardi,Santé,France,PME,STARTER,9,57,16,28.1%,2,0.4,8,2,0,12,2,19.6,,1,690.65 €,violet,eu-w3,B,Compte dans la moyenne.,58,5097,0
CLI-002736,2023-11-30,jeudi,Industrie,France, TPE ,Pro,14,2,1,50.0,11,6.4,16,6,1,3,0,6.7,5,0,59.1 €,clair,eu-w1,control,,66,582,0
CLI-004838,14 Jul 2023,vendredi, Finance ,France,ETI, Business ,19,216,148,68.5,31,"8,5",26,12,5,1,0,3.0,5,0,"11049,85",violet,eu-w3,control,Client très satisfait et actif.,93,154035,0
CLI-003163,02/01/2025,jeudi, Commerce ,France,TPE,Pro,1,6,5,83.3,85,18.7,16,11,0,1,0,,4,4,169.44,clair,ap-s1,control,,43,5697,0
CLI-002152,2024-03-08,vendredi,Tech,Espagne,eti,business,11,142,44,31.0,9,2.0,26,9,0,1,0,5.4,4,0,6337.93,violet,eu-w1,A,Suivi standard.,68,109139,0
CLI-004157,03 Oct 2023,mardi,Tech,Belgique,TPE,Starter,16,7,4,57.1%,18,14.3,8,3,6,1,3,38.4,3,0,86.4,vert,eu-w1,B,,68,2125,0
CLI-001582,2023-10-04,mercredi,Finance,Canada,ETI,Enterprise,16,84,74,88.1%,97,85.0,40,24,1,1,4,"2,1",3,0,6963.51,violet,ap-s1,control,,77,57101,0
CLI-004109,2022-11-08,mardi,TECH,France, TPE ,Starter,27,11,5,45.5,19,"8,2",8,2,10,1,0,14.6,3,0,143.28,vert,eu-w1,B,,80,5757,0
CLI-000245,06/12/2024,vendredi,Éducation,Allemagne,GE,Business,2,860,83,9.7,1,,26,6,1,2,4,"5,2",2,,29159.91 €,sombre,us-e1,A,,15,549956,1
CLI-002473,11 Mar 2024,lundi, Finance ,Belgique,tpe,Starter,11,2,1,"50,0",7,2.6,8,3,2,3,3,,4,0,"23,94",violet,us-e1,A,RAS.,59,648,0
CLI-002224,16 Sep 2023,samedi,Public,Allemagne,pme,Business,17,34,12,"35,3",11,5.0,26,5,7,4,2,7.4 h,4,,1828.25,bleu,eu-w3,B,Client très satisfait et actif.,74,85452,0
CLI-000859,2025-01-01,mercredi, Commerce ,,PME, Pro ,1,46,18,"39,1",11,2.7,16,3,0,2,1,"6,5",3,4,994.76 €,clair,ap-s1,B,RAS.,7,19577,1
CLI-000548,15 Feb 2024,jeudi,SANTÉ,Canada, ETI ,Pro,12,110,60,54.5%,18,13.6,16,7,1,2,5,,,0,"2728,11",violet,ap-s1,control,,56,24608,0
CLI-001088,02 Sep 2024,lundi,Commerce,France,ge,Business,5,499,63,12.6,1,"0,1",26,7,2,15,1,4.2,4,1,25520.37 €,violet,us-e1,A,Faible adoption des sièges.,71,418534,0
CLI-004226,10/12/2023,dimanche,industrie,France,GE,Business,14,339,317,"93,5",135,,26,23,1,0,4,6.2,4,0,19631.69,vert,eu-w3,control,RAS.,64,579527,0
CLI-002457,2024-07-10,mercredi, Tech ,Belgique,PME,PRO,7,42,22,"52,4",22,5.7,16,4,0,3,5,11.9,4,1,"1180,34",vert,eu-w1,control,RAS.,52,30972,0
CLI-000724,2024-02-11,dimanche,,France,ETI,Pro,12,136,34,25.0%,1,0.5,16,2,3,16,2,13.0,5,0,2651.24,bleu,eu-w1,control,,67,45654,0
CLI-003489,05 Aug 2023,samedi,Tech,Allemagne,GE,Enterprise,18,425,77,18.1,1,0.2,40,6,0,1,1,2.6 h,5,0,"27677,65",bleu,eu-w3,B,Faible adoption des sièges.,62,90783,0
CLI-004101,2024-07-27,samedi,éducation,Belgique,PME,pro,6,20,13,65.0,20,6.7,16,5,2,1,4,12.8,4,,555.15,violet,eu-w1,control,RAS.,43,9560,0
CLI-000581,2025-01-10,vendredi,FINANCE,Suisse,PME,Business,1,22,7,31.8,1,0.5,26,7,0,30,2,3.1,4,1,922.51,vert,eu-w3,B,,9,6052,1
CLI-003121,2024-01-08,lundi,éducation,France,PME, Pro ,13,51,40,78.4%,111,"72,3",16,11,1,2,3,18.1,2,1,1398.82,bleu,eu-w1,B,,16,25235,1
CLI-001796,31 Dec 2023,dimanche, Éducation ,France,PME,business,13,29,8,27.6,7,5.1,26,11,,3,3,9.7,3,0,1184.65,sombre,ap-s1,A,,62,6800,0
CLI-004250,2024-05-03,vendredi,SANTÉ,,TPE,PRO,9,11,2,"18,2",2,"1,2",16,5,2,2,0,10.4,,0,289.44,violet,us-e1,B,,57,5221,0
CLI-003145,12/10/2024,samedi, Tech ,France,PME,pro,4,56,8,14.3,1,0.1,16,4,,5,0,10.4,4,3,"1202,55",sombre,ap-s1,A,,49,17750,0
CLI-003548,2024-12-28,samedi,ÉDUCATION,France, PME ,Pro,1,10,3,30.0,4,2.0,16,3,0,26,2,11.1,3,3,257.77,sombre,us-e1,A,RAS.,28,1902,0
CLI-003291,01 Jun 2024,samedi,Finance,France,ETI,Pro,8,215,54,25.1,5,1.8,16,3,1,7,4,16.9,3,1,,vert,eu-w1,A,,54,130536,0
CLI-004982,03/11/2023,vendredi,Commerce,Suisse,tpe,Enterprise,15,10,4,40.0%,9,2.0,40,16,0,4,13,"8,9",1,0,865.25,bleu,ap-s1,A,,0,9224,1
CLI-003654,20/05/2023,samedi,,France,PME,Pro,21,45,14,31.1,3,0.5,16,9,4,10,3,12.8,3,0,1010.19 €,bleu,ap-s1,control,RAS.,65,20709,0
CLI-000848,12/05/2024,dimanche,Tech,France, TPE ,Pro,9,9,1,11.1%,1,"0,2",16,3,1,18,0,0.5,5,0,179.91,clair,ap-s1,control,,55,1623,0
CLI-002436,04/04/2024,jeudi,Industrie,Belgique,ETI, Business ,10,116,57,49.1,16,"6,1",26,8,1,1,6,5.8,4,1,5756.1,clair,eu-w1,B,,21,127440,1
CLI-001929,28/11/2024,jeudi, Commerce ,Suisse, ETI ,Enterprise,2,149,28,18.8%,1,"0,1",40,5,0,5,2,7.3,2,3,9729.89,clair,ap-s1,B,"Client insatisfait, risque de départ.",11,191484,1
CLI-000110,09 Feb 2024,vendredi,Public,France,ETI,Pro,12,36,14,"38,9",3,1.1,16,6,5,2,0,0.5,5,0,854.75,vert,us-e1,control,Client très satisfait et actif.,66,14719,0
CLI-003125,24/09/2024,mardi,COMMERCE,Belgique,ge,Business,4,574,512,89.2%,70,"48,9",26,12,,0,2,1.9 h,4,2,26413.26,sombre,eu-w1,B,,49,628107,1
CLI-000030,17 Nov 2023,vendredi,tech,Suisse,ETI,Starter,15,95,70,73.7,42,27.9,8,2,4,1,5,22.0,5,0,1487.34,violet,us-e1,A,,72,26832,0
CLI-000102,09 Jan 2025,jeudi, Finance ,France, PME ,Starter,1,23,0,0.0,0,0.0,8,0,0,30,1,16.8,5,3,272.64,violet,eu-w3,A,,1,12072,1
CLI-001725,17 Nov 2023,vendredi,FINANCE,Espagne,pme,Pro,15,38,2,"5,3",1,0.1,16,0,3,7,4,17.7 h,3,1,"930,41",sombre,ap-s1,control,,64,18310,0
CLI-001196,05 Jul 2024,vendredi, Santé ,France,PME,Business,7,56,39,"69,6",39,18.6,26,9,0,0,0,2.8,4,0,"2696,08",clair,ap-s1,control,Suivi standard.,67,75167,0
CLI-001525,12 Apr 2024,vendredi,Industrie,France,PME,pro,10,22,19,"86,4",58,"28,3",16,9,2,0,3,"15,1",3,0,"637,57",clair,ap-s1,B,,71,7319,0
CLI-002640,03/04/2024,mercredi,commerce,Espagne,TPE,Starter,10,10,7,70.0%,40,,8,2,2,1,3,29.9,4,1,104.48,bleu,eu-w1,B,Suivi standard.,51,1285,0
CLI-001204,07 Mar 2024,jeudi,Éducation,Canada,PME, Pro ,11,43,5,11.6,1,0.3,16,0,3,5,5,,3,0,"925,48",sombre,us-e1,A,Faible adoption des sièges.,46,10625,0
CLI-002136,01/01/2025,mercredi,Public,France, ETI , Pro ,1,123,75,61.0,15,"11,4",16,7,,1,3,12.0,3,1,"2834,76",bleu,us-e1,B,,47,58113,0
CLI-004319,13/10/2023,vendredi,Santé,France,PME,ENTERPRISE,16,54,20,37.0,20,7.5,40,15,6,3,1,3.3 h,5,0,5392.16,sombre,eu-w3,control,"Compte engagé, ambassadeur potentiel.",79,225500,0
CLI-001403,12 Sep 2023,mardi,INDUSTRIE,Suisse,TPE,Pro,17,7,4,57.1,10,3.4,16,2,0,4,1,"9,6",3,1,149.57,sombre,ap-s1,B,Compte dans la moyenne.,56,2208,0
CLI-001219,29/06/2024,samedi,éducation,France,pme,Business,7,22,5,22.7,2,0.1,26,7,1,30,2,"6,0",4,0,"864,15",clair,eu-w1,control,Déploiement interne limité.,54,28344,0
CLI-004433,13/08/2024,mardi,COMMERCE,Espagne,GE,Enterprise,6,430,0,0.0,0,0.0,40,0,0,45,0,,4,1,"36056,85",bleu,ap-s1,B,,2,1034832,1
CLI-001044,10/08/2023,jeudi,commerce,Belgique,PME, Starter ,18,19,13,68.4,1,0.6,8,1,1,30,2,"28,6",3,0,"208,62",bleu,ap-s1,B,,39,6501,0
CLI-004632,2024-05-09,jeudi,Tech,France,TPE,starter,9,7,7,,101,108.0,8,6,1,0,0,17.8,4,0,98.29,bleu,ap-s1,A,Compte dans la moyenne.,32,2660,1
CLI-002918,2024-06-03,lundi, Commerce ,Suisse, PME ,business,8,8,2,25.0,1,,26,5,2,25,2,5.9,4,1,351.29,bleu,us-e1,A,,47,13251,0
CLI-004371,04 Nov 2023,samedi, Finance ,Allemagne,PME,PRO,15,49,32,65.3,27,18.3,16,7,5,1,1,11.4,3,,1093.84,vert,ap-s1,B,,67,21527,0
CLI-004310,23 Dec 2024,lundi,Finance,France,PME,Pro,1,41,37,,80,41.1,16,12,0,0,2,9.0,4,2,1250.18,sombre,eu-w1,B,,65,10251,0
CLI-000712,05 Jan 2025,dimanche,industrie,France, PME ,BUSINESS,1,46,20,43.5%,13,2.6,26,1,0,0,2,8.4,3,0,,violet,eu-w1,A,Suivi standard.,17,15624,1
CLI-000402,31/07/2024,mercredi,commerce,Espagne,TPE,Pro,6,4,3,75.0,53,27.9,16,8,1,0,0,12.8,2,0,110.51,vert,ap-s1,control,Mécontentement exprimé au support.,59,2990,0
CLI-002086,2024-12-31,mardi,commerce,France, TPE ,business,1,11,7,63.6,25,16.6,26,10,0,0,6,5.3,2,4,"435,74",vert,eu-w1,A,,5,3930,1
CLI-000501,2024-08-29,jeudi,Industrie,France,TPE,Starter,5,6,3,50.0,22,12.0,8,3,0,0,4,26.9 h,5,2,76.96,bleu,eu-w3,A,,34,947,0
CLI-000578,05/07/2024,vendredi, Industrie ,Suisse,ETI, Pro ,7,140,70,50.0,42,12.6,16,6,1,3,3,9.5 h,3,1,"2883,24",sombre,us-e1,control,,10,18914,1
CLI-000092,2025-01-03,vendredi, Finance ,France, TPE ,Pro,1,6,1,16.7%,3,"0,2",16,6,0,3,12,22.5,2,3,166.43,clair,eu-w1,A,,0,2320,1
CLI-000479,03/04/2024,mercredi,Éducation,Allemagne,tpe,starter,10,6,5,83.3%,100,"110,9",8,6,1,0,0,"17,9",5,,74.12,sombre,ap-s1,B,RAS.,70,300,0
CLI-004953,02/11/2023,jeudi,ÉDUCATION,France,ETI,business,15,113,73,64.6%,23,11.7,26,11,3,1,5,6.6 h,2,0,5264.46,violet,ap-s1,A,,54,138139,0
CLI-003051,11/10/2024,vendredi, Santé ,Allemagne,ETI,Business,4,127,72,56.7,22,3.4,26,12,3,0,6,,4,1,7154.55,bleu,eu-w3,A,,67,328537,0
CLI-000973,30 Jun 2024,dimanche,tech,France, ETI ,Business,7,191,134,70.2,41,17.1,26,13,3,0,2,4.1,3,1,8978.92,vert,us-e1,control,,63,139892,0
CLI-002034,2023-06-13,mardi,INDUSTRIE,France,ETI,Business,20,198,167,84.3,74,26.3,26,17,3,0,3,7.4,3,0,10604.98,violet,us-e1,B,Compte dans la moyenne.,71,669598,0
CLI-003293,13 Nov 2023,lundi,Industrie,Suisse,tpe,Starter,15,5,4,80.0,68,37.5,8,4,,0,2,28.9,4,0,63.55,bleu,ap-s1,A,Client très satisfait et actif.,56,1199,0
CLI-003857,11 Jun 2024,mardi,PUBLIC,France,GE,Business,8,653,476,72.9,45,"24,0",26,8,2,1,5,5.7,,3,30640.09,clair,eu-w3,A,RAS.,51,376873,0
CLI-001709,2023-03-19,dimanche, Industrie ,France,TPE,business,23,7,3,42.9,23,"17,8",26,13,5,4,3,9.1,5,0,386.23,bleu,eu-w1,B,"Compte engagé, ambassadeur potentiel.",74,23120,0
CLI-000337,08 Jan 2025,mercredi, Éducation ,Suisse,TPE,Starter,1,3,3,100.0,89,"98,8",8,5,0,0,4,26.5,3,2,,clair,eu-w3,A,,33,554,0
CLI-000536,12 Jul 2024,vendredi,commerce,Belgique,PME,Business,7,41,34,82.9%,61,36.2,26,10,0,0,1,3.3,4,1,2414.54 €,violet,ap-s1,B,,58,237591,0
CLI-004415,30 Dec 2023,samedi,Industrie,Belgique, TPE ,Business,13,2,0,"0,0",0,0.0,26,0,0,89,3,,3,1,"90,29",vert,us-e1,A,"Compte peu actif, relance nécessaire.",0,1037,1
CLI-002477,2024-06-28,vendredi, Finance ,Belgique,PME,Business,7,16,8,"50,0",4,"1,4",26,2,0,1,5,,2,0,678.01,sombre,us-e1,control,"Client insatisfait, risque de départ.",45,47257,0
CLI-000340,12 Jan 2024,vendredi,Industrie,Suisse,PME,Business,13,18,4,22.2,9,4.8,26,2,3,0,6,"10,3",3,0,664.38,vert,eu-w1,A,Faible adoption des sièges.,44,11985,0
CLI-003111,12 Aug 2022,vendredi,INDUSTRIE,France, TPE ,Starter,30,11,3,27.3,1,"0,4",8,3,,0,8,35.3,3,,103.81 €,vert,eu-w3,control,"Multiples tickets ouverts, friction élevée.",64,1021,0
CLI-003712,2023-11-01,mercredi,santé,France,ETI,Enterprise,15,50,39,78.0,71,50.2,40,17,1,0,6,,3,0,,bleu,eu-w1,control,,61,146393,0
CLI-000221,02/01/2025,jeudi, Tech ,France,PME,Enterprise,1,34,29,85.3,74,21.4,40,24,0,3,0,1.1,5,1,2608.99,bleu,us-e1,A,Compte dans la moyenne.,57,29951,0
CLI-000746,11 Sep 2024,mercredi,éducation,France,PME,Pro,5,9,6,66.7,56,42.2,16,8,1,0,5,13.2,3,1,"277,97",clair,us-e1,A,RAS.,53,11169,0
CLI-001745,03 Jul 2023,lundi,santé,Belgique,TPE,Starter,19,8,2,25.0,1,0.1,8,2,7,18,1,"20,3",2,0,84.7,clair,us-e1,A,"Client insatisfait, risque de départ.",55,1111,0
CLI-002544,2023-09-13,mercredi, Finance ,Canada,ETI,business,17,53,37,69.8%,48,30.1,26,13,3,0,0,4.1,5,0,2409.53,vert,us-e1,A,,84,23710,0
CLI-000003,2024-08-13,mardi,Tech,France, ETI ,business,6,111,80,72.1,53,"15,5",26,12,2,0,0,8.4,4,1,5110.81,clair,eu-w3,control,RAS.,66,100581,0
CLI-001961,13/08/2024,mardi,Public,Allemagne,ETI,Enterprise,6,78,37,47.4,24,8.2,40,14,0,1,2,2.3,2,0,6541.18,bleu,ap-s1,B,Mécontentement exprimé au support.,61,439829,0
CLI-002656,2024-08-06,mardi,Tech,Allemagne,tpe,Starter,6,6,1,16.7%,1,0.1,8,0,0,30,9,40.9,2,0,56.26,clair,us-e1,B,"Client insatisfait, risque de départ.",0,323,1
CLI-002799,2024-11-07,jeudi,Finance,,GE,Enterprise,3,442,0,0.0,0,0.0,40,0,0,90,2,4.9,3,2,"30284,5",clair,ap-s1,B,,0,124166,1
CLI-003413,2023-12-01,vendredi,Public,Espagne,ETI,business,14,104,0,0.0%,0,0.0,26,0,0,61,2,4.5,4,0,"5660,09",bleu,us-e1,A,Usage en forte baisse ce trimestre.,1,357378,1
CLI-003133,04/08/2024,dimanche, Éducation ,France,pme,pro,6,7,6,85.7,77,42.7,16,12,2,3,0,9.4,5,2,"184,56",sombre,eu-w1,A,,69,6054,0
CLI-004538,01 Mar 2024,vendredi,,Belgique,pme,Pro,11,12,4,33.3%,1,"0,5",16,2,3,24,1,10.9,4,2,280.42,violet,eu-w3,control,,55,7358,0
CLI-001155,12/08/2024,lundi,Éducation,France,eti,BUSINESS,6,90,66,73.3,26,,26,9,1,0,5,5.7,2,5,"3230,93",sombre,ap-s1,B,,0,188105,1
CLI-000519,01/01/2025,mercredi,Industrie,Suisse,PME,Pro,1,51,7,13.7,1,"0,2",16,4,,0,0,5.6,5,4,"1074,54",violet,us-e1,B,,38,4406,0
CLI-002282,27 Apr 2024,samedi,santé,Canada,PME,Business,9,10,9,90.0,80,"51,4",26,15,0,0,0,3.0,5,2,522.37,clair,ap-s1,A,RAS.,60,14135,0
CLI-003411,19 Aug 2023,samedi,Industrie,France,PME,Pro,18,20,18,,84,"93,7",16,15,6,1,0,12.5,,0,563.48,bleu,ap-s1,B,Client très satisfait et actif.,69,19868,0
CLI-002510,25 Sep 2024,mercredi,commerce,France,PME,Enterprise,4,43,26,60.5,17,9.4,40,13,1,0,1,3.5,4,1,2586.66,violet,us-e1,A,,54,21211,0
CLI-004189,2024-12-28,samedi,Industrie,France,PME, Business ,1,42,5,"11,9",1,0.3,26,2,0,8,5,"8,9",3,2,"1548,44",violet,eu-w1,control,,4,19046,1
CLI-002676,31 Oct 2024,jeudi, Tech ,France,pme,Business,3,10,4,40.0,12,"7,1",26,11,0,1,2,8.4,3,1,473.07 €,violet,ap-s1,B,,53,12025,0
CLI-000891,10/01/2025,vendredi,Industrie,France,PME,business,1,12,9,"75,0",91,"46,0",26,19,0,0,2,5.5,4,3,477.35 €,clair,us-e1,A,Compte dans la moyenne.,31,4306,1
CLI-000156,2024-04-01,lundi,Tech,France,eti,BUSINESS,10,172,14,8.1,1,0.1,26,3,2,18,5,,1,1,"6012,79",violet,eu-w1,control,Mécontentement exprimé au support.,0,103540,1
CLI-002378,03/04/2024,mercredi,Santé,France, PME ,Pro,10,13,4,30.8,1,"0,3",16,2,2,15,0,,4,2,"271,81",sombre,eu-w1,A,,19,1114,1
CLI-002357,2023-05-08,lundi, Tech ,France,PME,Enterprise,21,9,4,44.4,26,13.9,40,13,5,1,2,4.3,3,0,749.12,sombre,eu-w3,control,,72,14743,0
CLI-003184,01 Jul 2024,lundi, Commerce ,Suisse, TPE ,PRO,7,11,8,72.7,46,5.9,16,7,3,1,7,17.0,4,0,261.72 €,violet,eu-w3,control,,23,7082,1
CLI-001955,08/08/2023,mardi,FINANCE,Canada,ETI,PRO,18,137,80,58.4%,27,22.2,16,7,2,1,5,"14,8",4,0,2887.72 €,bleu,us-e1,control,,61,30783,0
CLI-001985,11/01/2024,jeudi,commerce,Belgique,ETI,Pro,13,72,12,16.7,1,0.1,16,0,3,1,0,10.7,4,0,"1717,41",vert,eu-w1,A,Déploiement interne limité.,58,69006,0
CLI-000228,2024-04-07,dimanche,PUBLIC,France,GE,Enterprise,10,766,306,39.9,1,0.1,40,17,1,3,0,"5,4",5,1,63785.75,vert,us-e1,A,Suivi standard.,59,784565,0
CLI-000941,2024-05-14,mardi,tech,France, ETI , Business ,9,172,148,"86,0",97,"63,2",26,19,3,1,0,3.2,4,0,8150.61,bleu,ap-s1,A,Client très satisfait et actif.,80,100253,0
CLI-002347,31 Aug 2023,jeudi,Commerce,France, TPE ,Starter,17,10,0,0.0,0,"0,0",8,0,0,35,0,5.2,5,0,134.75,clair,eu-w3,A,,52,3646,0
CLI-000300,2024-05-15,mercredi,tech,Belgique,tpe,Enterprise,9,8,2,25.0%,12,"8,5",40,16,1,0,1,2.7,3,1,689.7,bleu,us-e1,B,Suivi standard.,60,67866,0
CLI-004955,09 Sep 2024,lundi,Éducation,Canada, ETI ,pro,5,161,117,"72,7",53,37.8,16,8,5,1,1,"10,1",5,2,4183.85,clair,eu-w3,control,"Compte engagé, ambassadeur potentiel.",84,37738,0
CLI-001632,2024-12-31,mardi,Industrie,Allemagne,TPE,Starter,1,2,1,50.0,3,0.6,8,2,1,1,0,20.0,3,3,18.84,violet,ap-s1,A,,8,300,1
CLI-004874,01/10/2023,dimanche, Commerce ,Espagne,PME,Business,16,7,2,,14,"4,0",26,9,6,2,1,4.9,5,0,310.0,sombre,eu-w3,B,,88,4830,0
CLI-001748,03/06/2024,lundi,industrie,Canada,ETI, Starter ,8,80,9,11.2,1,0.1,8,2,0,19,8,38.1,,0,,bleu,ap-s1,B,,1,9595,1
CLI-000756,28 Feb 2024,mercredi,,Espagne,GE,Enterprise,11,811,45,5.5,1,0.2,40,1,4,11,1,6.1,2,1,44352.96,vert,us-e1,A,Mécontentement exprimé au support.,20,509172,1
CLI-002865,2024-07-27,samedi,Éducation,France,ETI,Pro,6,88,81,"92,0",66,54.2,16,11,0,1,1,18.0,2,1,2379.4 €,clair,us-e1,A,"Client insatisfait, risque de départ.",48,76093,0
CLI-001682,01 Jun 2024,samedi,TECH,Canada,TPE,starter,8,9,7,77.8%,34,7.9,8,3,2,2,7,31.1,2,1,119.34 €,violet,eu-w1,control,Mécontentement exprimé au support.,42,5774,0
CLI-001699,2023-10-11,mercredi,Finance,Canada,PME,Enterprise,16,28,11,"39,3",13,1.6,40,10,6,1,8,7.4,,0,"2246,54",sombre,ap-s1,B,"Client insatisfait, risque de départ.",52,35001,0
CLI-004701,2024-08-11,dimanche,FINANCE,France,pme,Business,6,27,13,"48,1",16,7.4,26,11,2,1,1,8.4,1,0,1205.32,sombre,eu-w3,B,,60,30639,0
CLI-002127,2023-07-15,samedi,Commerce,Allemagne,TPE,Pro,19,3,2,"66,7",10,"3,2",16,4,5,4,2,"10,8",4,0,"75,34",violet,us-e1,control,,72,2904,0
CLI-000700,10 Apr 2024,mercredi,Santé,Canada,PME,Business,10,8,6,"75,0",54,42.7,26,10,1,0,0,1.3,5,2,386.62,clair,eu-w1,B,,67,6658,0
CLI-000238,2023-03-14,mardi,éducation,Belgique,TPE,starter,23,1,1,100.0,19,"1,0",8,3,5,4,0,16.6,5,0,10.44,clair,us-e1,control,Client très satisfait et actif.,57,385,0
CLI-004325,01/06/2024,samedi,Tech,France,PME,Starter,8,52,32,61.5%,21,6.9,8,3,1,0,2,,3,2,511.23,bleu,ap-s1,A,Suivi standard.,12,2096,1
CLI-001064,13 Mar 2024,mercredi,Finance,France,pme,Business,11,53,34,"64,2",36,"7,6",26,11,5,2,2,"6,3",4,0,"2545,38",violet,ap-s1,A,Client très satisfait et actif.,73,93925,0
CLI-003648,29 Apr 2024,lundi,tech,Espagne,PME,Starter,9,29,0,"0,0",0,0.0,8,0,0,104,3,24.3,4,0,"424,01",sombre,ap-s1,B,Usage en forte baisse ce trimestre.,0,31292,1
CLI-002087,04 Mar 2023,samedi,Tech,France,tpe,Pro,23,10,9,"90,0",90,85.4,16,9,8,4,2,14.4,4,0,307.81,clair,eu-w1,B,,86,7825,0
CLI-004653,2023-10-08,dimanche,COMMERCE,France,TPE, Starter ,16,11,2,18.2,1,0.2,8,2,,3,3,25.5 h,,0,"148,25",sombre,ap-s1,control,,71,8753,0
CLI-002900,2024-10-01,mardi,COMMERCE,Allemagne, TPE ,Pro,4,5,5,100.0,80,61.9,16,11,0,1,0,6.0,5,1,"136,76",vert,us-e1,B,,64,1906,0
CLI-001869,2024-08-13,mardi,Finance,France,TPE,Enterprise,6,9,5,55.6,28,11.4,40,14,0,1,4,2.0,4,0,"612,77",violet,eu-w1,control,RAS.,56,3517,0
CLI-003357,10/07/2024,mercredi,Commerce,France,PME,enterprise,7,30,23,76.7,38,"23,4",40,18,0,2,5,4.2,4,1,"2861,4",bleu,eu-w1,B,,59,61005,0
CLI-004037,2023-11-03,vendredi,Tech,Suisse,pme,Starter,15,6,4,66.7,30,,8,2,4,1,4,36.4,2,0,"83,93",violet,us-e1,control,,52,2615,0
CLI-000664,17/04/2023,lundi,Tech,Espagne,TPE,Starter,22,8,3,37.5,4,"1,3",8,2,4,15,0,15.1 h,3,0,92.17,violet,eu-w3,B,,67,2494,0
CLI-000329,2024-06-09,dimanche,Santé,France,PME, Enterprise ,8,45,26,57.8%,26,,40,11,2,2,3,"2,7",5,4,"3936,2",sombre,eu-w1,A,,60,54871,0
CLI-000898,2023-01-20,vendredi, Finance ,France,PME,Starter,25,38,0,0.0%,0,0.0,8,0,0,32,2,19.8,4,0,417.84,violet,eu-w1,A,,49,14390,0
CLI-000731,2024-08-10,samedi, Industrie ,France,PME,business,6,22,6,"27,3",5,3.3,26,5,3,9,9,"5,9",2,2,"922,75",violet,eu-w1,B,"Client insatisfait, risque de départ.",10,15133,1
CLI-000906,05/07/2024,vendredi,SANTÉ,,TPE,Starter,7,2,2,100.0,45,13.9,8,2,0,1,2,24.1 h,3,1,22.08,bleu,us-e1,A,RAS.,57,300,0
CLI-002303,13/07/2023,jeudi,Commerce,France,pme,Pro,19,26,16,"61,5",44,11.4,16,9,3,1,7,17.6,2,0,595.18,vert,eu-w3,B,,48,4880,0
CLI-002302,27/04/2024,samedi, Santé ,Canada,TPE,Business,9,2,1,50.0,6,1.9,26,5,3,1,4,9.2,,0,82.65,clair,us-e1,B,,59,949,0
CLI-000556,2024-06-13,jeudi,finance,France,pme, Pro ,8,23,9,39.1,7,,16,2,1,4,2,11.5 h,4,0,467.0 €,vert,eu-w1,control,,46,4212,0
CLI-001178,01/12/2023,vendredi,,France,GE,enterprise,14,218,69,"31,7",2,"1,0",40,20,7,12,2,2.4,3,0,19549.6,violet,eu-w1,B,,66,609166,0
CLI-003632,2024-04-13,samedi,public,France, TPE ,Pro,10,11,5,"45,5",4,0.2,16,5,3,5,1,10.6,4,1,309.99,sombre,ap-s1,A,,58,8388,0
CLI-003153,04/09/2024,mercredi, Tech ,Allemagne,PME, Pro ,5,6,3,"50,0",20,"1,0",16,9,0,3,3,,3,0,116.03,sombre,eu-w1,A,,21,1903,1
CLI-003934,08 Feb 2024,jeudi, Santé ,France,PME,BUSINESS,12,43,26,,3,"1,8",26,7,3,20,2,5.8,,0,"1527,12",sombre,us-e1,B,,59,11270,0
CLI-003987,09 Nov 2023,jeudi,Industrie,France,TPE,Business,15,3,1,33.3,1,0.1,26,1,7,1,0,2.8,5,,116.91,sombre,ap-s1,A,,79,1534,0
CLI-002317,2024-08-09,vendredi, Commerce ,Allemagne,TPE,Business,6,10,5,"50,0",26,6.7,26,11,1,1,1,5.0,3,0,397.53,violet,eu-w1,A,Suivi standard.,49,1630,0
CLI-003185,29/06/2024,samedi,Industrie,Belgique,GE,Enterprise,7,819,199,"24,3",4,1.8,40,8,3,0,4,2.8,3,0,"58735,95",vert,eu-w1,A,Faible adoption des sièges.,59,529798,0
CLI-004933,2024-05-11,samedi,Finance,Suisse,TPE, Starter ,9,10,5,50.0,21,10.7,8,4,2,1,3,"29,1",2,0,128.96,violet,eu-w3,control,Mécontentement exprimé au support.,32,4124,0
CLI-002004,2024-04-11,jeudi,INDUSTRIE,France,eti,Enterprise,10,105,56,53.3,25,16.6,40,21,0,0,0,2.3,5,1,7861.64,vert,us-e1,control,,66,219183,0
CLI-004741,02/12/2023,samedi,Commerce,Belgique, TPE ,STARTER,14,10,7,70.0,31,7.9,8,3,3,0,5,29.6,3,1,115.05,sombre,us-e1,control,,5,4340,1
CLI-004564,06 May 2023,samedi,,Canada,TPE,Pro,21,9,7,"77,8",61,43.7,16,7,4,1,7,11.6,3,1,280.43,violet,eu-w3,control,"Multiples tickets ouverts, friction élevée.",61,7818,0
CLI-001328,2023-07-18,mardi,industrie,France,PME,Business,19,48,37,"77,1",51,27.5,26,8,6,0,0,"4,8",5,0,2383.95,sombre,eu-w3,A,"Compte engagé, ambassadeur potentiel.",83,52781,0
CLI-002067,2025-01-08,mercredi,Industrie,Espagne,TPE,STARTER,1,9,4,44.4,11,4.5,8,4,0,4,2,27.7,,3,115.46,sombre,eu-w1,control,,1,1799,1
CLI-002501,01 Jan 2024,lundi,Commerce,France,TPE, Pro ,13,9,2,22.2,5,"2,4",16,5,4,7,6,16.7,2,0,242.02 €,sombre,ap-s1,A,,41,8732,0
CLI-002982,2023-04-13,jeudi,Commerce,France, PME ,pro,22,13,4,30.8%,12,8.2,16,6,4,1,1,7.2 h,3,0,372.86,violet,us-e1,B,,77,12841,0
CLI-002940,10/07/2024,mercredi,Santé,France,TPE,STARTER,7,2,1,50.0,12,8.6,8,3,2,10,1,15.7,4,0,21.89,violet,ap-s1,B,,59,413,0
CLI-003885,2024-10-28,lundi,Public,Allemagne,TPE,Pro,3,5,3,,26,15.1,16,5,0,0,2,14.2,4,2,"120,07",bleu,eu-w3,B,Suivi standard.,60,1083,0
CLI-000069,2024-12-30,lundi,industrie,France,TPE,starter,1,9,3,33.3,8,"2,2",8,2,0,1,1,19.9,5,3,112.91,vert,us-e1,A,,47,3241,0
CLI-004321,2024-01-10,mercredi,Éducation,Belgique,TPE,Business,13,1,1,100.0%,89,37.8,26,9,,0,7,7.7,2,1,58.14,sombre,ap-s1,control,"Client insatisfait, risque de départ.",57,2193,0
CLI-004574,09 Sep 2023,samedi,Industrie,France,PME, Pro ,17,11,9,81.8,43,21.1,16,7,,0,5,"16,1",4,0,297.5,bleu,us-e1,B,"Compte engagé, ambassadeur potentiel.",49,8050,0
CLI-004467,04/12/2023,lundi,Industrie,France,ETI,Enterprise,14,102,48,,15,8.7,40,7,6,1,4,2.6,2,,7865.9,sombre,us-e1,A,,58,58050,0
CLI-004755,11 Feb 2023,samedi,Santé,France,GE,business,24,860,359,41.7,1,"0,2",26,5,7,22,0,"3,0",5,0,37956.17,vert,eu-w1,B,,64,684729,0
CLI-000822,11/08/2023,vendredi, Commerce ,Espagne,pme,Pro,18,49,45,"91,8",145,99.8,16,12,4,3,2,10.8,3,0,1570.76 €,bleu,eu-w1,A,,73,48945,0
CLI-002713,09/01/2025,jeudi,Tech,France,pme,Business,1,57,18,"31,6",7,3.0,26,9,0,5,2,4.6,3,2,2617.56 €,clair,eu-w3,control,,39,15025,0
CLI-004448,02 Jul 2024,mardi,Finance,France,TPE, Starter ,7,4,2,50.0,20,8.7,8,4,1,0,3,,4,2,"55,61",vert,ap-s1,control,,21,2645,1
CLI-001279,2023-09-06,mercredi,Tech,France,TPE,Starter,17,3,1,33.3%,1,0.1,8,1,2,11,2,32.4,,0,37.16 €,clair,ap-s1,B,RAS.,3,1066,1
CLI-001774,20/06/2023,mardi,Tech,Suisse,pme,Pro,20,30,23,76.7,46,2.3,16,7,3,1,1,,4,0,784.52,vert,eu-w3,A,,71,39242,0
CLI-000243,2024-09-03,mardi,Tech,France,PME,Starter,5,42,26,61.9,52,"16,8",8,5,0,0,2,"24,0",4,1,"514,73",vert,us-e1,control,Suivi standard.,48,6331,0
CLI-002682,08/01/2025,mercredi,Tech,France,TPE,Starter,1,5,1,20.0,1,0.1,8,0,0,11,9,"35,1",1,0,61.58,sombre,ap-s1,B,,0,959,1
CLI-001700,13/03/2024,mercredi, Industrie ,France,GE,Business,11,194,90,46.4,24,15.9,26,8,0,1,1,5.0,3,1,8850.22 €,clair,eu-w1,B,,61,137886,0
CLI-002499,04/06/2024,mardi,TECH,France,TPE,Pro,8,6,3,50.0,7,1.9,16,3,1,2,1,13.5,3,0,182.82,vert,ap-s1,control,RAS.,13,7346,1
CLI-003094,2024-12-06,vendredi,,France,TPE,business,2,1,0,0.0,0,0.0,26,0,0,58,0,"5,6",3,2,,sombre,eu-w3,B,,8,852,1
CLI-001187,04 Mar 2024,lundi,Tech,, PME ,Pro,11,50,34,68.0%,72,50.4,16,12,2,1,0,11.0,5,1,1559.64 €,sombre,eu-w3,A,RAS.,74,19184,0
CLI-001207,2023-09-04,lundi,industrie,France,eti,ENTERPRISE,17,78,55,70.5,48,23.1,40,14,3,0,0,,4,0,6762.39,bleu,ap-s1,control,"Compte engagé, ambassadeur potentiel.",68,188535,0
CLI-003008,20/04/2023,jeudi,Industrie,France,PME,Business,22,52,39,,60,26.4,26,9,2,1,0,4.7,5,0,2401.47,violet,eu-w3,control,,87,49230,0
CLI-000628,2024-04-14,dimanche,Finance,Canada,TPE, Starter ,10,1,1,"100,0",20,4.2,8,3,2,0,4,32.6,2,0,10.41,vert,us-e1,B,,33,300,0
CLI-003923,15/01/2024,lundi,INDUSTRIE,Espagne,PME,Pro,13,20,2,10.0,1,0.4,16,3,4,18,3,12.6,4,0,443.83,bleu,ap-s1,control,Faible adoption des sièges.,59,20381,0
CLI-000976,2024-05-04,samedi,santé,Suisse,ETI, Business ,9,141,27,19.1,1,0.4,26,6,3,14,4,,,2,6089.37,clair,eu-w1,B,,4,174765,1
CLI-000431,29/11/2023,mercredi,PUBLIC,France,PME, Starter ,14,23,0,0.0,0,0.0,8,0,0,53,6,"25,9",1,0,,bleu,eu-w3,B,"Client insatisfait, risque de départ.",0,1205,1
CLI-003957,17/05/2023,mercredi, Commerce ,France,tpe,Enterprise,21,10,0,0.0%,0,,40,0,0,88,3,6.0,4,0,874.94,bleu,eu-w3,A,,19,48069,1
CLI-002399,30 Apr 2024,mardi,Commerce,France,PME,BUSINESS,9,21,3,14.3,1,0.3,26,2,0,3,1,8.3,2,2,744.23,vert,ap-s1,A,,14,9764,1
CLI-001783,10/10/2024,jeudi,,France, TPE ,STARTER,4,10,1,10.0%,1,0.2,8,1,1,10,1,23.9 h,3,4,100.21,sombre,ap-s1,B,Déploiement interne limité.,0,657,1
CLI-001477,05 May 2024,dimanche,éducation,Belgique,eti,Enterprise,9,204,112,,2,"0,2",40,14,5,2,3,4.3,2,0,"13833,55",clair,ap-s1,control,Mécontentement exprimé au support.,68,465084,0
CLI-001097,20 Mar 2023,lundi,Finance,France,TPE,starter,23,8,3,"37,5",17,"10,2",8,4,6,6,4,26.4,3,0,120.35,violet,eu-w3,B,,71,8092,0
CLI-003948,01 Jan 2025,mercredi,Éducation,France, PME ,Pro,1,51,40,78.4%,67,"29,7",16,9,0,0,1,13.4,3,4,1215.33,bleu,ap-s1,A,,7,7973,1
CLI-000252,14 Jan 2023,samedi,TECH,France,pme, Business ,25,53,32,"60,4",23,12.8,26,12,3,0,2,7.3 h,3,,,clair,us-e1,B,RAS.,64,84587,0
CLI-003244,08 Jan 2024,lundi,COMMERCE,Suisse,PME,enterprise,13,32,6,"18,8",1,0.3,40,10,,3,2,"0,8",3,0,2579.13,vert,eu-w3,A,,61,46528,0
CLI-002725,03 Apr 2023,lundi, Tech ,France,PME,Business,22,55,20,36.4,1,"0,2",26,6,3,1,9,10.2 h,2,0,"2580,47",vert,eu-w3,control,"Client insatisfait, risque de départ.",15,59248,1
CLI-004282,30/11/2023,jeudi,tech,Espagne,PME, Business ,14,13,7,"53,8",33,"13,4",26,11,2,1,3,6.4 h,4,,450.62,sombre,us-e1,B,,69,4434,0
CLI-001029,2023-11-06,lundi,Éducation,France, PME ,PRO,15,15,0,"0,0",0,0.0,16,0,0,32,5,"21,0",2,0,"252,15",violet,us-e1,control,"Client insatisfait, risque de départ.",37,1034,0
CLI-001890,07/12/2024,samedi,tech,France,PME,Pro,2,33,13,39.4%,13,6.3,16,4,0,1,5,23.4,2,1,942.04,vert,eu-w3,A,"Client insatisfait, risque de départ.",20,40941,1
CLI-003187,2024-06-13,jeudi, Industrie ,Allemagne, PME ,business,8,54,26,48.1,16,7.1,26,10,1,2,2,5.1,3,0,2377.64,violet,us-e1,control,,57,144275,0
CLI-001754,29/02/2024,jeudi,INDUSTRIE,France,ETI,pro,11,62,46,74.2%,35,"17,2",16,7,4,1,2,"7,5",4,1,1524.91,clair,eu-w3,control,Client très satisfait et actif.,56,27509,0
CLI-004639,2025-01-06,lundi, Éducation ,Allemagne,ETI,business,1,151,45,29.8%,10,"7,0",26,5,0,1,4,"5,6",3,0,5995.72 €,clair,eu-w3,A,,47,68831,0
CLI-003334,30/06/2024,dimanche,Commerce,France,PME,business,7,43,28,"65,1",7,"4,0",26,10,2,3,1,3.8,3,0,2053.74,vert,ap-s1,A,Compte dans la moyenne.,54,52206,0
CLI-004727,27/04/2024,samedi,TECH,Espagne,eti,Business,9,49,4,8.2,1,0.3,26,8,,11,4,7.7,2,0,1868.27,bleu,eu-w3,control,"Client insatisfait, risque de départ.",41,16852,0
CLI-003081,30 Oct 2023,lundi,éducation,France,eti,Business,15,57,14,24.6,3,1.7,26,5,4,4,0,,5,0,"1591,57",vert,eu-w1,control,Déploiement interne limité.,76,7831,0
CLI-004140,01/10/2024,mardi,finance,Espagne,ETI,Business,4,190,0,"0,0",0,0.0,26,0,0,120,1,4.8,3,3,7783.43 €,sombre,eu-w3,A,Usage en forte baisse ce trimestre.,0,44677,1
CLI-001054,2024-09-09,lundi,COMMERCE,France,PME,Starter,5,22,9,40.9,7,"4,3",8,1,2,4,2,17.6,3,0,226.87 €,vert,ap-s1,A,Suivi standard.,48,10418,0
CLI-003852,21/04/2023,vendredi,Commerce,,ETI,Pro,22,184,118,64.1,34,5.3,16,10,6,0,3,15.8,4,0,5394.46,vert,eu-w1,A,,62,163668,0
CLI-001965,23/08/2022,mardi,COMMERCE,France,TPE,starter,30,6,4,,47,36.9,8,3,8,1,5,30.6,4,0,77.3,bleu,ap-s1,B,,80,2726,0
CLI-002588,10 Jan 2023,mardi,TECH,France, PME , Business ,25,29,21,72.4,43,36.1,26,15,11,0,9,8.1,1,0,1652.58,clair,us-e1,B,Mécontentement exprimé au support.,45,21682,1
CLI-003600,30 Nov 2024,samedi,SANTÉ,France,TPE,STARTER,2,5,4,80.0,85,,8,5,0,1,1,19.2,5,2,62.28,bleu,ap-s1,A,,52,2043,0
CLI-000087,23 Dec 2024,lundi,éducation,France,tpe, Pro ,1,10,2,20.0%,1,"0,1",16,0,0,25,2,17.7,1,2,171.02,clair,ap-s1,B,Mécontentement exprimé au support.,1,701,1
CLI-004563,05/03/2023,dimanche,Tech,Allemagne, PME ,Business,23,34,16,47.1%,1,0.2,26,7,5,9,2,3.8,3,0,1788.24 €,violet,ap-s1,B,Compte dans la moyenne.,64,108510,0
CLI-002330,27 Jul 2024,samedi, Santé ,Belgique, PME ,Pro,6,20,4,"20,0",1,"0,4",16,1,0,16,5,"18,5",2,0,"438,18",bleu,ap-s1,B,,3,7545,1
CLI-000196,07 Apr 2024,dimanche,Commerce,France,pme,BUSINESS,10,38,15,39.5%,4,"1,3",26,1,1,1,3,12.0,3,1,1496.93,bleu,ap-s1,control,Suivi standard.,47,44189,0
CLI-004238,2023-08-31,jeudi,tech,,eti,Enterprise,17,32,28,87.5,82,,40,19,6,2,0,1.5,5,0,2485.8,clair,eu-w1,control,,83,44844,0
CLI-001701,2023-01-05,jeudi,Public,Suisse,PME,PRO,25,16,5,31.2,13,6.0,16,5,,4,1,12.8,4,0,378.58,sombre,ap-s1,A,,68,11176,0
CLI-003883,14/04/2024,dimanche,commerce,Allemagne,ETI,pro,10,60,0,"0,0",0,0.0,16,0,0,68,3,16.9 h,3,1,1428.79 €,violet,eu-w3,B,,3,52722,1
CLI-001781,11/02/2023,samedi,,France,TPE,Starter,24,6,1,"16,7",1,0.1,8,0,5,8,8,34.5,2,0,68.16,violet,eu-w1,A,Mécontentement exprimé au support.,58,2012,0
CLI-003639,04 May 2023,jeudi,éducation,France,pme,pro,21,51,24,47.1,26,15.6,16,2,2,2,0,"11,3",4,0,1352.72,sombre,ap-s1,B,,69,61008,0
CLI-004968,2023-12-31,dimanche,Tech,Espagne,PME,Starter,13,49,17,34.7%,14,,8,2,5,2,2,21.3,4,1,482.8,violet,eu-w1,A,Client très satisfait et actif.,62,5543,0
CLI-004962,2023-12-30,samedi,Finance,Suisse,PME,Pro,13,15,2,13.3,1,0.2,16,0,1,7,1,6.3,5,1,325.43,vert,eu-w1,control,,47,6404,0
CLI-004476,2024-07-01,lundi,Industrie,France,ETI,Business,7,89,21,23.6,5,"1,4",26,10,1,3,0,3.1,5,0,3992.53 €,violet,ap-s1,A,Faible adoption des sièges.,67,26191,0
CLI-002240,03/12/2024,mardi,Public,Espagne,PME, Pro ,2,31,22,"71,0",48,,16,6,1,0,0,,5,2,955.68,clair,us-e1,B,,26,27428,1
CLI-000276,10/09/2024,mardi,commerce,France,ETI,Enterprise,5,59,0,0.0,0,"0,0",40,0,0,74,2,1.6,4,0,"4603,04",bleu,us-e1,B,Usage en forte baisse ce trimestre.,0,64166,1
CLI-003690,2023-03-04,samedi,,France,PME,Starter,23,23,9,"39,1",20,"12,8",8,3,8,1,3,31.9,2,0,275.81 €,clair,eu-w1,B,,62,9725,0
CLI-002976,2024-07-01,lundi,PUBLIC,France, TPE ,STARTER,7,11,2,18.2,1,0.3,8,2,1,8,5,30.4,4,0,129.28,vert,eu-w1,A,Déploiement interne limité.,54,1696,0
CLI-003962,15 Dec 2023,vendredi,TECH,France, PME ,PRO,14,58,0,0.0,0,"0,0",16,0,,84,2,14.3,4,1,1562.52 €,bleu,eu-w3,A,Usage en forte baisse ce trimestre.,1,12813,1
CLI-001993,12/05/2023,vendredi, Commerce ,Espagne,PME,Pro,21,45,4,8.9%,1,0.2,16,3,6,8,0,6.5,3,0,1135.2,sombre,eu-w1,A,,93,35373,0
CLI-003112,08 Nov 2024,vendredi,Santé,France,TPE, Starter ,3,8,4,,17,10.7,8,3,1,0,2,27.2,4,3,90.72,violet,ap-s1,control,Suivi standard.,3,967,1
CLI-004513,15 Mar 2023,mercredi,Public,France, PME ,Business,23,36,0,0.0,0,0.0,26,0,0,46,2,3.9,3,0,1397.83,bleu,us-e1,control,Faible adoption des sièges.,15,28656,1
CLI-000565,2024-07-14,dimanche,Public,Canada,GE,Enterprise,7,134,82,61.2,12,6.9,40,11,1,9,0,"1,8",2,2,10791.47,clair,ap-s1,A,,61,309715,0
CLI-004511,28/11/2024,jeudi,Éducation,Belgique,TPE,starter,2,1,1,100.0%,48,,8,4,1,0,0,9.4,4,2,"11,55",clair,eu-w1,A,,48,300,0
CLI-002746,04/02/2024,dimanche,Tech,France,ETI, Enterprise ,12,80,60,75.0,51,"34,4",40,18,6,1,0,0.5,5,0,6486.83 €,vert,eu-w3,control,"Compte engagé, ambassadeur potentiel.",80,148938,0
CLI-001095,05/01/2025,dimanche,Finance,France, TPE , Starter ,1,3,2,"66,7",32,12.2,8,3,0,1,0,19.3 h,5,2,35.35,clair,eu-w1,A,Compte dans la moyenne.,53,300,0
CLI-001493,2024-04-02,mardi,,Espagne,TPE,Starter,10,11,3,27.3%,4,1.3,8,2,3,14,1,16.4,3,0,"133,89",bleu,eu-w3,A,,48,3403,0
CLI-002631,2024-04-05,vendredi,industrie,Canada, TPE ,Starter,10,5,3,60.0%,41,,8,3,1,0,1,,,1,59.67,sombre,us-e1,control,,50,1028,0
CLI-002145,17 Dec 2023,dimanche,industrie,Espagne,PME,Business,14,13,9,69.2,41,"17,6",26,6,6,0,5,,4,0,515.11,bleu,eu-w1,control,,38,2534,1
CLI-001417,18 Jun 2023,dimanche,Finance,Allemagne,PME,business,20,25,1,"4,0",1,0.1,26,1,4,7,5,8.4,4,1,1010.53,bleu,ap-s1,A,Déploiement interne limité.,56,12430,0
CLI-004782,2024-12-31,mardi,Santé,France,GE, Enterprise ,1,698,0,0.0,0,0.0,40,0,0,30,0,1.2,3,4,"57264,34",sombre,eu-w3,B,Faible adoption des sièges.,12,704351,1
CLI-004339,2024-09-07,samedi,Finance,France,ETI, Enterprise ,5,90,53,58.9,26,"6,4",40,23,1,1,0,"0,7",4,1,7183.72,vert,us-e1,B,RAS.,62,359330,0
CLI-001177,2024-10-24,jeudi,,Belgique,tpe,STARTER,3,1,1,,56,36.9,8,3,0,1,7,37.4,2,,"14,92",sombre,eu-w1,B,,1,575,1
CLI-001642,12/07/2023,mercredi,Industrie,France,PME,Enterprise,19,17,14,"82,4",29,"13,6",40,17,5,0,0,0.5,5,0,1523.03,bleu,eu-w1,A,"Compte engagé, ambassadeur potentiel.",95,41213,0
CLI-001521,14/03/2024,jeudi,finance,France,GE, Starter ,11,486,351,72.2,36,"24,3",8,5,1,1,0,11.8,5,0,"6536,47",bleu,eu-w3,B,Suivi standard.,65,128638,0
CLI-003559,2024-01-08,lundi,Public,Allemagne, ETI ,Business,13,153,108,70.6%,39,18.3,26,14,4,0,3,"5,3",3,1,6606.75,vert,ap-s1,A,,63,232954,0
CLI-001117,30 Dec 2024,lundi,Public,Allemagne,PME,Business,1,10,4,40.0,13,9.1,26,6,0,1,3,"8,5",3,1,343.74,bleu,eu-w1,A,RAS.,45,1409,0
CLI-004991,2024-06-10,lundi,COMMERCE,Espagne,GE,Business,8,829,341,41.1,14,,26,15,2,2,3,7.5,3,0,39276.39,bleu,ap-s1,control,Suivi standard.,57,386480,0
CLI-004899,11 Dec 2024,mercredi,ÉDUCATION,France,PME,Business,2,46,42,91.3,90,"58,3",26,15,0,0,0,3.0,3,2,2072.32,clair,ap-s1,A,Compte dans la moyenne.,52,22091,0
CLI-001606,2024-06-13,jeudi,industrie,Belgique,TPE,Pro,8,5,4,80.0%,75,31.0,16,6,2,0,4,15.9,2,1,112.68,sombre,eu-w1,control,Mécontentement exprimé au support.,54,370,0
CLI-001560,01/10/2023,dimanche,Finance,Allemagne,TPE, Starter ,16,2,1,"50,0",8,3.2,8,4,5,1,6,,3,0,"25,24",violet,ap-s1,control,,60,621,0
CLI-000192,07/09/2023,jeudi, Éducation ,France, PME ,BUSINESS,17,22,15,68.2%,50,33.8,26,9,1,1,3,5.9,4,0,1080.25,clair,eu-w1,B,Compte dans la moyenne.,56,26574,0
CLI-003512,15 Dec 2023,vendredi,Industrie,France,ETI,Pro,14,163,66,"40,5",10,0.5,16,6,2,1,1,8.7,5,,4628.24,clair,eu-w3,control,,68,220119,0
CLI-001162,27 Dec 2024,vendredi,FINANCE,Belgique,TPE, Pro ,1,1,1,100.0,58,"37,8",16,9,1,1,7,,4,5,19.41,bleu,ap-s1,control,Support très sollicité récemment.,16,300,1
CLI-001438,2023-08-19,samedi,,Suisse,ETI,Business,18,106,61,57.5,28,"13,9",26,7,1,1,4,7.1,4,0,5764.21,violet,eu-w1,control,,75,151253,0
CLI-000955,14/06/2024,vendredi,éducation,France,TPE,STARTER,8,4,3,75.0,36,,8,4,0,0,3,40.6,3,0,49.53,violet,eu-w1,A,RAS.,29,1218,1
CLI-003191,10/03/2023,vendredi,santé,France,ETI,Business,23,202,32,15.8,1,0.3,26,6,6,22,4,"8,9",1,0,,clair,ap-s1,B,,60,379076,0
CLI-003722,2025-01-02,jeudi,Éducation,,PME,Pro,1,8,6,"75,0",46,"22,5",16,6,0,0,3,14.5,,1,167.53,violet,ap-s1,A,,43,549,0
CLI-002503,2023-09-06,mercredi, Tech ,Belgique,eti,Enterprise,17,139,20,"14,4",1,0.1,40,11,5,11,1,"0,5",4,0,9397.92 €,clair,eu-w3,A,,79,238895,0
CLI-003261,2023-09-15,vendredi,Finance,Allemagne,PME,Enterprise,17,28,24,85.7,76,74.7,40,40,2,2,1,,3,0,2500.82,sombre,ap-s1,B,,73,120990,0
CLI-000393,2024-08-31,samedi,Commerce,France,tpe,Starter,5,5,4,80.0%,75,"30,8",8,3,1,0,0,13.1,4,0,63.03,violet,ap-s1,B,,69,1706,0
CLI-003913,01 Jan 2025,mercredi,COMMERCE,France,PME,Business,1,11,3,27.3,2,,26,8,1,13,2,3.1,4,2,526.0,vert,eu-w3,A,RAS.,17,4745,1
CLI-003592,2024-05-08,mercredi, Commerce ,,eti,enterprise,9,154,63,40.9,10,"1,2",40,10,1,1,1,3.9,4,,9145.62,sombre,eu-w3,control,,61,97492,0
CLI-001418,15/03/2024,vendredi,FINANCE,France, PME ,Pro,11,31,14,45.2,16,7.2,16,3,3,2,1,"11,1",3,1,788.51,bleu,eu-w3,B,,53,12285,0
CLI-002999,15/07/2023,samedi,Santé,France,ETI,business,19,44,21,47.7,11,4.0,26,10,3,1,5,8.4,3,0,2159.6,vert,ap-s1,A,Suivi standard.,65,35417,0
CLI-003924,10/07/2024,mercredi,Éducation,Belgique,ETI,STARTER,7,181,61,"33,7",9,"4,0",8,2,2,5,5,36.2,2,0,"2008,85",bleu,eu-w3,A,Mécontentement exprimé au support.,0,18120,1
CLI-002769,17/02/2023,vendredi,TECH,Belgique,TPE,STARTER,24,6,1,"16,7",1,0.3,8,2,6,24,0,20.5,3,0,65.07,sombre,eu-w3,B,,56,587,0
CLI-003723,02/04/2024,mardi,Finance,France, PME ,Starter,10,13,6,46.2,11,,8,3,3,1,7,"28,8",3,0,168.92,vert,ap-s1,control,"Multiples tickets ouverts, friction élevée.",49,4432,0
CLI-001005,2023-09-11,lundi,industrie,France,PME,Pro,17,20,10,50.0,17,10.6,16,6,3,1,2,,4,0,"572,8",bleu,eu-w1,B,Client très satisfait et actif.,59,33348,0
CLI-002723,10/05/2024,vendredi,Éducation,Belgique, TPE ,Starter,9,6,2,33.3,1,0.1,8,2,3,30,1,15.5,4,0,71.87,clair,eu-w1,B,Suivi standard.,6,530,1
CLI-004553,2024-12-25,mercredi,INDUSTRIE,Suisse,TPE,pro,1,11,5,45.5,20,8.6,16,5,0,0,3,"18,5",3,0,322.5,clair,eu-w1,control,Suivi standard.,60,11107,0
CLI-004300,26 Dec 2024,jeudi,Finance,Suisse,ETI,Business,1,170,131,77.1,61,31.3,26,8,0,0,0,4.7,3,1,9590.51,clair,ap-s1,control,,24,110099,1
CLI-004935,2024-11-29,vendredi, Finance ,Belgique,GE,Business,2,783,550,70.2,49,52.8,26,9,,1,1,2.5,4,0,,violet,ap-s1,B,,69,397885,0
CLI-002521,2023-09-11,lundi, Public ,France,PME,Starter,17,52,33,63.5,14,5.8,8,3,7,2,0,0.5,5,0,630.33,clair,eu-w1,A,Client très satisfait et actif.,71,7753,0
CLI-003376,27 Apr 2024,samedi,Commerce,France,TPE,Pro,9,11,6,54.5,12,0.9,16,7,0,7,6,20.4,3,1,238.57,vert,eu-w3,B,,3,2543,1
CLI-002018,29/05/2024,mercredi,Tech,Allemagne,ETI,Enterprise,8,211,58,,6,0.3,40,14,2,3,1,"0,5",4,0,12537.74,sombre,eu-w3,A,,69,61686,0
CLI-003955,10 Oct 2023,mardi,ÉDUCATION,Canada,ETI, Enterprise ,16,91,54,59.3,37,25.3,40,16,2,2,0,5.5,4,0,8821.31,violet,eu-w3,A,,66,238705,0
CLI-004745,15/12/2023,vendredi, Public ,France,PME,STARTER,14,56,28,50.0,18,3.0,8,4,7,0,5,"25,4",,1,568.82 €,vert,ap-s1,control,,59,10728,0
CLI-004928,30/12/2024,lundi,Industrie,France,PME,Enterprise,1,37,1,2.7,1,"0,2",40,1,0,12,4,0.7,2,2,2459.3,clair,eu-w3,control,Mécontentement exprimé au support.,10,26216,1
CLI-001362,2023-08-04,vendredi,Tech,Suisse, TPE ,STARTER,18,3,1,33.3,1,"0,5",8,1,4,3,4,"24,1",3,0,33.14,bleu,ap-s1,control,,50,1277,0
CLI-001447,2023-12-04,lundi,Santé,France,tpe,Pro,14,6,6,,100,65.7,16,7,1,2,4,,4,1,165.28,clair,eu-w1,B,RAS.,63,6370,0
CLI-002032,2024-09-07,samedi,tech,France,TPE,Starter,5,10,3,30.0,8,5.5,8,5,1,8,2,18.6,3,2,89.53,violet,eu-w3,B,Compte dans la moyenne.,4,881,1
CLI-001528,27/12/2024,vendredi,Tech,France,tpe,Pro,1,3,1,33.3,5,1.8,16,1,0,5,4,"17,3",4,2,62.35 €,vert,us-e1,A,Suivi standard.,4,307,1
CLI-000211,2023-09-30,samedi,Tech,France,PME,Pro,16,58,35,60.3,48,,16,7,1,2,5,18.0,3,0,1582.6,clair,eu-w1,A,,46,15573,0
CLI-000679,27/10/2024,dimanche,Commerce,France,TPE,Business,3,2,1,50.0%,33,10.6,26,14,1,1,0,5.1,,2,82.58,vert,us-e1,control,,45,1422,0
CLI-004159,29 Aug 2024,jeudi,commerce,France, TPE ,Business,5,5,3,60.0,2,1.1,26,6,1,13,1,4.3,4,0,"244,97",violet,eu-w3,A,Suivi standard.,61,2009,0
CLI-004271,30 Oct 2024,mercredi, Public ,France, PME ,business,3,29,8,27.6,1,0.3,26,8,1,23,0,"2,2",5,0,1361.52,sombre,us-e1,control,,52,32377,0
CLI-004387,2024-12-07,samedi,Santé,France,PME, Starter ,2,15,12,80.0%,72,43.3,8,5,0,2,0,,5,1,155.69,sombre,eu-w3,control,,51,2681,0
CLI-004147,13 Oct 2023,vendredi,Commerce,France,PME,Pro,16,18,15,83.3,53,40.5,16,8,3,0,1,,4,0,495.95,sombre,us-e1,A,,77,7727,0
CLI-004806,23 Dec 2024,lundi,Éducation,Espagne, PME , Starter ,1,57,13,22.8%,1,0.4,8,1,0,2,5,24.0,1,2,589.63,violet,ap-s1,control,"Client insatisfait, risque de départ.",0,1934,1
CLI-000558,05/10/2023,jeudi,tech,France,PME,pro,16,35,11,31.4,1,,16,3,4,21,1,15.2 h,2,0,1058.41,vert,eu-w3,A,,55,22565,0
CLI-004797,2023-10-10,mardi,public,France,pme,PRO,16,21,0,,0,0.0,16,0,0,84,1,14.0,4,0,529.25,clair,eu-w1,control,,19,5642,1
CLI-003703,02 Feb 2024,vendredi,Tech,France, TPE ,STARTER,12,1,1,"100,0",21,9.2,8,3,0,0,1,17.3,4,1,10.53,violet,eu-w1,control,,57,300,0
CLI-000989,2024-05-07,mardi, Industrie ,France, PME ,Business,9,57,12,21.1,1,0.2,26,1,1,1,2,7.0,3,1,1983.34 €,clair,eu-w3,A,Faible adoption des sièges.,50,24395,0
CLI-001494,17/11/2022,jeudi,Commerce,Allemagne,ETI, Business ,27,92,21,22.8%,1,"0,6",26,9,6,2,4,6.8,,0,,bleu,eu-w1,control,,66,73384,0
CLI-000800,25/12/2024,mercredi,Commerce,Espagne,PME, Business ,1,11,5,45.5,1,0.3,26,9,0,11,4,6.7,2,0,464.47,sombre,us-e1,control,"Client insatisfait, risque de départ.",46,1523,0
CLI-000639,06 Sep 2023,mercredi,ÉDUCATION,Suisse,ETI,ENTERPRISE,17,202,180,89.1%,65,50.3,40,13,5,1,5,"0,5",4,0,15746.24,vert,us-e1,A,,74,219503,0
CLI-004439,11 Jan 2024,jeudi,COMMERCE,France,TPE,PRO,13,9,2,22.2,1,0.4,16,4,5,20,0,11.7,3,1,216.01 €,sombre,eu-w1,control,Faible adoption des sièges.,61,2480,0
CLI-000128,28/12/2024,samedi,tech,,ETI,Business,1,186,74,"39,8",3,0.7,26,7,0,12,1,"6,4",4,4,8535.37,violet,ap-s1,A,Compte dans la moyenne.,8,258963,1
CLI-004077,09/05/2024,jeudi,Finance,France,TPE,Business,9,10,3,30.0%,14,7.5,26,11,,2,0,1.2,4,1,527.3,clair,eu-w1,A,,56,9512,0
CLI-003784,07 Apr 2023,vendredi,Éducation,France,TPE,STARTER,22,11,0,0.0%,0,0.0,8,0,0,88,3,,2,0,"100,52",sombre,eu-w3,A,Usage en forte baisse ce trimestre.,0,1896,1
CLI-003717,2023-09-16,samedi,Tech,France,GE,Business,17,136,71,"52,2",10,"2,0",26,5,5,5,3,"7,9",3,1,"6328,29",sombre,us-e1,A,,67,290595,0
CLI-004225,15/01/2024,lundi,Industrie,Espagne,PME,Starter,13,46,17,"37,0",3,1.4,8,3,4,2,1,11.8,4,0,"520,95",clair,eu-w3,control,"Compte engagé, ambassadeur potentiel.",63,7262,0
CLI-000562,2024-01-31,mercredi,Tech,Allemagne,PME,Pro,12,21,0,0.0,0,0.0,16,0,0,84,4,,1,0,526.34,sombre,ap-s1,control,"Compte peu actif, relance nécessaire.",0,13380,1
CLI-000988,11 Dec 2024,mercredi,Commerce,France,TPE,Starter,2,4,3,75.0,69,30.0,8,4,,0,5,35.8 h,3,0,46.07,clair,eu-w1,A,,1,756,1
CLI-004229,2023-11-15,mercredi,commerce,France,PME,Pro,15,56,25,44.6,15,4.0,16,4,1,4,0,20.1,2,0,1635.14,sombre,us-e1,A,"Client insatisfait, risque de départ.",61,32180,0
CLI-002215,06 Dec 2024,vendredi,Commerce,France,ETI,enterprise,2,96,21,21.9%,8,1.3,40,25,1,5,6,3.4,1,4,"7379,53",violet,ap-s1,B,"Client insatisfait, risque de départ.",6,108922,1
CLI-004912,04 Jan 2025,samedi, Industrie ,France,ETI,Business,1,161,147,"91,3",74,62.1,26,17,0,1,0,4.5,5,,8526.99 €,violet,us-e1,A,,62,118866,0
CLI-001136,29 Jun 2024,samedi,Commerce,France,tpe, Starter ,7,11,6,54.5,16,0.8,8,2,3,5,4,26.9 h,2,0,126.44,clair,us-e1,B,,50,2177,0
CLI-001408,2024-08-26,lundi,Public,Belgique,TPE,Pro,5,4,2,50.0,23,"10,9",16,4,0,3,7,12.2,3,1,96.95,vert,eu-w1,control,"Multiples tickets ouverts, friction élevée.",15,1033,1
CLI-002157,2023-12-10,dimanche,Commerce,Canada,pme, Business ,14,20,9,45.0%,20,3.0,26,8,2,1,8,7.4 h,,0,"913,07",violet,eu-w3,control,Mécontentement exprimé au support.,53,32944,0
CLI-000123,30/07/2024,mardi,Commerce,France,pme,Business,6,6,1,16.7%,2,0.7,26,6,2,4,3,,3,2,279.39,clair,eu-w3,control,,46,3666,0
CLI-002454,2024-08-30,vendredi,SANTÉ,France,PME,Pro,5,53,34,64.2,35,13.6,16,3,0,0,0,4.5,5,2,"1241,98",bleu,ap-s1,B,,51,19350,0
CLI-004605,23/12/2024,lundi, Public ,Espagne,PME,Starter,1,22,0,0.0%,0,0.0,8,0,0,30,5,35.8,3,1,"226,29",vert,eu-w1,control,,0,3897,1
CLI-001726,03 Dec 2023,dimanche,Commerce,France,tpe,Starter,14,8,2,25.0,1,0.1,8,2,1,11,0,11.8,4,0,"100,9",vert,us-e1,A,,40,2565,0
CLI-004578,12 Jun 2024,mercredi,Santé,Canada,PME,Pro,8,28,3,10.7,1,0.5,16,2,2,18,0,,4,0,"688,9",bleu,ap-s1,A,,67,7344,0
CLI-002659,07/04/2024,dimanche,Finance,France,TPE,starter,10,10,5,50.0%,17,0.8,8,2,2,0,0,17.4,4,2,132.69,sombre,eu-w1,B,,53,1632,0
CLI-002088,09 Sep 2023,samedi,Tech,Canada,ETI,Pro,17,167,126,75.4,43,19.3,16,9,6,0,0,11.1,4,0,5016.59,vert,ap-s1,A,,74,197453,0
CLI-000204,2023-05-13,samedi,Éducation,France,ETI,Business,21,123,59,48.0,28,4.4,26,7,7,0,1,5.1,3,0,6211.62,sombre,eu-w3,B,,74,45842,0
CLI-002772,02 Dec 2024,lundi,SANTÉ,France,PME, Starter ,2,15,13,"86,7",98,46.0,8,4,0,5,2,22.6 h,5,2,178.42,clair,eu-w3,B,,57,11704,0
CLI-004842,08/12/2024,dimanche,Industrie,France,pme,Pro,2,17,10,"58,8",36,21.5,16,8,0,1,2,11.1,4,0,414.14,violet,eu-w3,B,,55,1358,0
CLI-002984,15 Mar 2024,vendredi,,France,GE,Pro,11,370,231,62.4,19,5.8,16,8,2,1,6,18.5 h,2,0,10606.74,sombre,eu-w3,A,,55,191346,0
CLI-001019,09/11/2023,jeudi,Public,France,PME, Pro ,15,52,16,30.8,5,,16,9,6,1,0,3.6,5,0,1258.13,clair,us-e1,A,,69,11348,0
CLI-002994,01/01/2024,lundi,Commerce,France, PME ,Pro,13,19,8,42.1,20,4.2,16,7,2,1,9,26.2,1,0,487.51 €,sombre,eu-w1,control,Mécontentement exprimé au support.,44,3998,0
CLI-001999,2023-12-16,samedi,,Allemagne,PME,Business,14,28,6,"21,4",1,0.1,26,5,2,3,1,6.2,,1,999.91 €,clair,us-e1,B,Déploiement interne limité.,48,9839,0
CLI-003384,2025-01-03,vendredi,finance,Allemagne,TPE,Pro,1,11,3,27.3%,9,"2,1",16,3,0,2,2,10.8,5,3,240.73,violet,ap-s1,B,,45,1974,0
CLI-000648,2023-08-03,jeudi,PUBLIC,France,ETI, Pro ,18,76,45,59.2,15,5.5,16,4,3,8,3,15.7 h,3,0,2080.96,clair,us-e1,A,Compte dans la moyenne.,32,32421,1
CLI-004504,10 Jan 2024,mercredi, Tech ,Espagne,GE,BUSINESS,13,229,0,0.0,0,"0,0",26,0,0,66,4,3.7,4,1,"9922,74",clair,ap-s1,control,,0,447516,1
CLI-002701,01/04/2024,lundi,Public,France, PME ,Starter,10,16,14,"87,5",99,90.2,8,5,2,1,7,36.7,3,0,223.0,vert,eu-w3,control,,46,7863,0
CLI-001601,11 Apr 2024,jeudi,Tech,Canada,PME,Starter,10,28,16,,42,13.5,8,2,1,2,3,24.7,4,0,364.76,clair,eu-w1,A,RAS.,15,6580,1
CLI-004274,14 Jun 2023,mercredi,industrie,Espagne,tpe,Pro,20,10,1,10.0,1,0.1,16,2,4,2,0,8.1,3,0,167.03,bleu,eu-w3,control,,65,548,0
CLI-000696,2024-05-03,vendredi,Industrie,France,GE,Pro,9,547,84,15.4,1,"0,2",16,6,1,30,6,14.5 h,1,1,14424.51,vert,eu-w1,A,,2,390327,1
CLI-004210,09 Sep 2024,lundi,santé,,TPE,starter,5,10,9,90.0%,55,34.3,8,3,0,1,0,13.9,5,1,128.04 €,clair,ap-s1,control,Compte dans la moyenne.,59,2100,0
CLI-001485,2024-09-10,mardi,,France,PME,Pro,5,10,8,80.0%,53,"40,1",16,7,0,2,0,"13,0",2,1,234.74,bleu,eu-w3,control,,11,3850,1
CLI-000703,30 Sep 2023,samedi, Éducation ,France,ETI,PRO,16,50,6,12.0%,2,"0,6",16,6,2,4,0,10.5,4,0,1236.17 €,violet,ap-s1,control,,66,11150,0
CLI-003593,02 Aug 2024,vendredi,Finance,France,TPE,Starter,6,10,6,60.0,7,,8,4,1,4,3,31.0,3,0,108.66,clair,us-e1,B,,50,1158,0
CLI-002496,2024-09-04,mercredi,ÉDUCATION,Canada,PME, Business ,5,32,26,"81,2",52,15.9,26,15,0,0,1,4.9,5,1,"1811,49",violet,eu-w1,B,,65,114377,0
CLI-001365,15 Dec 2023,vendredi,Commerce,, PME ,PRO,14,12,7,58.3,33,7.9,16,6,1,1,1,11.3,5,,263.63,sombre,us-e1,A,,63,1946,0
CLI-003211,2024-12-23,lundi,santé,France,ETI, Business ,1,95,60,63.2,22,16.2,26,9,0,0,4,,3,2,3883.46 €,sombre,eu-w1,B,,3,28660,1
CLI-000213,03 Apr 2024,mercredi,éducation,Suisse,PME,Business,10,6,4,66.7,20,6.5,26,11,3,1,5,"12,6",2,0,"276,13",clair,eu-w3,control,"Client insatisfait, risque de départ.",53,3623,0
CLI-002956,2023-10-17,mardi,Tech,Belgique,GE,ENTERPRISE,16,321,43,13.4%,1,"0,6",40,9,,30,3,"2,5",4,0,27549.32,violet,ap-s1,A,,53,1784645,0
CLI-000065,10 May 2024,vendredi,Tech,Suisse,PME,Pro,9,29,13,"44,8",17,9.8,16,8,1,6,0,"3,8",5,0,"622,99",clair,eu-w3,B,,74,7663,0
CLI-002142,04 Jan 2025,samedi,Santé,France, PME ,Business,1,47,11,23.4,1,0.1,26,8,0,8,1,"6,4",4,2,1639.54,sombre,eu-w1,A,Faible adoption des sièges.,12,48399,1
CLI-002416,29/10/2024,mardi,ÉDUCATION,France,PME,Pro,3,56,41,73.2%,54,"21,5",16,10,1,0,2,9.0 h,3,2,1432.87,bleu,ap-s1,B,Compte dans la moyenne.,4,24674,1
CLI-003003,06 Jan 2023,vendredi,Finance,Espagne, GE ,Business,25,301,103,34.2%,7,0.9,26,11,2,7,0,1.7,4,0,"15164,38",vert,us-e1,B,Compte dans la moyenne.,72,261131,0
CLI-000284,2023-01-06,vendredi,Finance,Belgique,TPE,BUSINESS,25,8,5,62.5%,21,6.2,26,13,7,0,7,10.1 h,4,0,362.5,clair,eu-w1,control,"Multiples tickets ouverts, friction élevée.",78,8026,0
CLI-004379,13/02/2023,lundi,,France,ETI,pro,24,212,17,8.0,1,"0,1",16,4,2,6,2,"14,5",3,0,6017.69,vert,eu-w1,control,,60,468778,0
CLI-000547,19 Aug 2023,samedi,PUBLIC,France,TPE,Pro,18,5,2,40.0,15,"4,6",16,6,4,0,0,17.6,3,0,"118,01",vert,ap-s1,control,,60,3484,0
CLI-001406,2024-03-07,jeudi, Public ,Allemagne, TPE ,starter,11,4,1,25.0,1,0.4,8,2,1,14,4,24.4,2,0,42.53,vert,us-e1,B,Mécontentement exprimé au support.,40,300,0
CLI-001637,2024-11-25,lundi,Public,Belgique,pme,Pro,2,38,15,39.5,10,2.7,16,2,0,1,2,12.3,4,3,1128.49 €,bleu,ap-s1,B,,43,29612,0
CLI-001001,28 Dec 2024,samedi,INDUSTRIE,Espagne, PME ,Business,1,42,22,52.4,32,16.7,26,10,0,0,1,,4,5,1668.16,violet,us-e1,B,RAS.,10,5472,1
CLI-001246,14 Aug 2023,lundi, Éducation ,Suisse,eti,Business,18,37,26,70.3,63,"55,5",26,13,3,0,1,5.5,3,0,"1651,73",vert,us-e1,B,,64,85328,0
CLI-002131,2023-10-03,mardi,,France,tpe,Starter,16,10,6,,34,10.7,8,4,4,1,8,44.7,1,0,126.44,vert,ap-s1,A,,61,4355,0
CLI-001337,2022-12-17,samedi,,France,eti,BUSINESS,26,58,0,"0,0",0,"0,0",26,0,0,48,2,,3,0,2350.43,violet,eu-w3,B,Déploiement interne limité.,35,102150,0
CLI-002528,22/03/2023,mercredi,Éducation,France,eti,Enterprise,23,174,68,39.1,6,,40,15,11,3,4,7.2,3,0,15354.18,violet,eu-w3,A,,72,314761,0
CLI-004113,29/03/2024,vendredi,Tech,France,pme,business,10,19,6,31.6,11,3.4,26,8,1,4,6,"8,0",2,2,870.46,bleu,ap-s1,A,,13,8565,1
CLI-002199,26 Dec 2024,jeudi,Finance,France,PME,Pro,1,51,41,80.4,73,27.6,16,6,0,1,2,11.1,4,2,1272.36,sombre,us-e1,B,Compte dans la moyenne.,8,16693,1
CLI-002171,2023-12-04,lundi,PUBLIC,Canada,TPE, Starter ,14,11,5,45.5,10,"6,0",8,3,5,1,0,11.4 h,4,0,147.96,vert,ap-s1,control,,66,2669,0
CLI-001056,2024-12-31,mardi, Éducation ,France,ETI,Business,1,133,12,9.0,1,"0,1",26,4,1,8,5,6.8,3,2,4760.24,vert,eu-w1,A,Faible adoption des sièges.,8,31227,1
CLI-000699,07/05/2023,dimanche,public,France, PME ,Starter,21,29,21,72.4,35,13.2,8,5,3,1,3,28.7,3,0,436.34,violet,eu-w1,B,,61,27193,0
CLI-001507,2025-01-04,samedi,Finance,France,TPE, Starter ,1,6,1,16.7,1,0.1,8,1,0,12,0,11.7,4,0,64.63 €,clair,ap-s1,control,Déploiement interne limité.,49,689,0
CLI-002653,07/08/2024,mercredi, Finance ,Allemagne,PME,Pro,6,30,16,53.3%,38,15.6,16,7,1,0,6,12.5,3,2,864.04,clair,ap-s1,A,RAS.,8,17004,1
CLI-000509,28/06/2024,vendredi,PUBLIC,France, PME ,Pro,7,44,21,47.7,3,1.3,16,6,1,2,6,"16,8",1,,"1070,54",clair,us-e1,B,"Client insatisfait, risque de départ.",2,9656,1
CLI-002471,01 Aug 2024,jeudi,public,France,ETI,Business,6,198,108,54.5%,28,"6,9",26,13,0,0,4,4.5,,1,8945.54 €,clair,eu-w1,control,RAS.,67,176048,0
CLI-002742,29/07/2024,lundi,COMMERCE,Suisse,ge,Enterprise,6,453,333,73.5,62,45.5,40,17,1,0,5,1.7,3,0,35791.12 €,vert,ap-s1,B,,54,851113,0
CLI-001183,25 Dec 2024,mercredi,Santé,France,TPE, Pro ,1,8,5,62.5%,46,"23,2",16,9,0,2,0,7.8,,4,"217,99",bleu,us-e1,A,,45,715,0
CLI-000406,27 Jul 2024,samedi,commerce,Canada,TPE,Starter,6,3,2,66.7,33,12.7,8,4,2,1,4,25.4,4,3,41.61,violet,eu-w1,control,,32,1433,0
CLI-004824,18/04/2023,mardi,Tech,Canada,PME, Starter ,22,50,19,38.0%,19,8.1,8,2,3,1,5,"34,6",,0,710.25,clair,us-e1,control,,38,32615,0
CLI-002485,14 Nov 2023,mardi,Santé,France,eti, Enterprise ,15,97,65,"67,0",53,"24,1",40,27,2,1,0,4.7,5,0,9563.95 €,violet,ap-s1,A,,81,172534,0
CLI-002194,27/12/2024,vendredi,Finance,Belgique,TPE,Pro,1,4,3,75.0,29,18.5,16,4,0,2,2,14.8,3,0,103.12,bleu,us-e1,control,Compte dans la moyenne.,59,2368,0
CLI-002543,28/01/2024,dimanche, Commerce ,Belgique, PME ,Business,12,26,13,50.0,29,10.0,26,8,4,3,1,4.6,5,0,1112.64 €,clair,ap-s1,control,"Compte engagé, ambassadeur potentiel.",70,17335,0
CLI-003456,07/05/2023,dimanche,Tech,France,tpe,starter,21,10,2,20.0,2,0.2,8,1,3,23,5,"26,4",3,0,127.18,violet,ap-s1,control,Faible adoption des sièges.,38,7300,0
CLI-004616,07/04/2024,dimanche, Tech ,Canada,PME,ENTERPRISE,10,8,6,"75,0",59,"20,5",40,25,0,2,2,0.5,3,1,697.2,clair,us-e1,control,,58,12006,0
CLI-002021,08/12/2023,vendredi,Tech,France, PME , Pro ,14,14,10,71.4,37,"11,1",16,6,3,0,1,9.4 h,3,0,"287,54",bleu,ap-s1,B,,63,1415,0
CLI-001684,23/12/2024,lundi,Finance,France,ETI,Business,1,96,62,64.6,25,19.9,26,8,0,1,6,7.5,3,1,3081.7,vert,eu-w3,B,,46,32851,0
CLI-000075,2023-10-14,samedi,Tech,Allemagne,PME,PRO,16,33,14,42.4,7,,16,7,5,2,2,"8,6",5,0,"852,5",bleu,eu-w1,control,,73,27962,0
CLI-000482,06 Jan 2025,lundi,Industrie,,eti,business,1,203,80,39.4%,5,1.6,26,12,1,27,10,"5,6",2,0,"9495,82",bleu,us-e1,B,,12,210237,1
CLI-004076,09/10/2024,mercredi,Éducation,France,PME,Starter,4,12,2,16.7,6,1.8,8,4,1,4,0,8.3 h,5,,86.4,violet,eu-w3,A,Déploiement interne limité.,58,300,0
CLI-000668,13 Feb 2024,mardi,COMMERCE,Suisse,TPE,Starter,12,9,2,22.2,1,0.5,8,2,,11,5,35.0 h,2,0,82.74,vert,eu-w1,A,"Client insatisfait, risque de départ.",48,543,0
CLI-001397,2022-11-08,mardi,Finance,France,PME,pro,27,14,10,71.4,48,"29,1",16,4,5,0,3,9.4,,,378.4,bleu,ap-s1,A,"Compte engagé, ambassadeur potentiel.",69,9309,0
CLI-003510,12/05/2024,dimanche,COMMERCE,France,PME, Pro ,9,38,31,81.6,79,75.6,16,6,2,0,0,"8,5",5,1,1121.66,sombre,eu-w3,control,,58,34031,0
CLI-002977,08 Sep 2023,vendredi, Finance ,Allemagne,PME, Business ,17,48,42,87.5,70,14.5,26,20,3,0,0,,5,1,2518.76,vert,eu-w1,A,,75,41308,0
CLI-000439,02 Jun 2024,dimanche,Finance,France, ETI ,Enterprise,8,34,24,70.6,33,20.4,40,24,2,0,0,0.5,5,2,"2627,51",clair,eu-w3,A,,66,36627,0
CLI-001767,13 May 2024,lundi, Finance ,France,GE, Business ,9,194,173,89.2%,84,56.9,26,9,2,4,0,0.9,5,0,9830.51,violet,eu-w1,B,,62,120915,0
CLI-000682,2024-12-31,mardi,Finance,France,TPE,Pro,1,8,5,"62,5",31,19.4,16,8,,1,3,10.7 h,5,0,214.69,clair,eu-w3,control,,57,5633,0
CLI-000270,2024-02-02,vendredi,Santé,Suisse, PME ,Starter,12,42,31,73.8,65,52.6,8,4,2,1,0,13.2,4,1,500.95,vert,eu-w3,B,,64,7394,0
CLI-000085,2024-04-08,lundi,tech,France,PME,business,10,30,9,30.0%,12,"5,5",26,5,1,4,3,5.6,4,0,1282.9 €,sombre,us-e1,B,,62,30507,0
CLI-001613,31 Oct 2024,jeudi,santé,France,ETI,Business,3,206,152,"73,8",26,9.5,26,12,0,0,3,6.1,4,1,9583.21,vert,eu-w3,A,,52,125732,0
CLI-001773,09 Jul 2023,dimanche,Industrie,Suisse,TPE,Starter,19,8,6,75.0,35,14.6,8,3,4,0,0,27.2,4,,135.07,clair,eu-w1,control,"Compte engagé, ambassadeur potentiel.",65,5427,0
CLI-001970,05/12/2022,lundi,Santé,France,GE,Business,26,241,123,"51,0",15,"8,5",26,13,6,3,1,1.5,5,0,10703.71,bleu,ap-s1,A,"Compte engagé, ambassadeur potentiel.",90,236980,0
CLI-003584,05 Jun 2023,lundi,Public,France,PME,Enterprise,20,10,9,"90,0",85,59.9,40,20,5,3,0,"2,5",,0,939.41,bleu,ap-s1,B,,87,23109,0
CLI-001655,05 Jun 2023,lundi,public,Belgique,GE,Enterprise,20,142,105,73.9%,43,30.4,40,11,2,1,6,1.1 h,4,0,11782.18,sombre,eu-w1,control,,61,241535,0
CLI-000265,19/03/2023,dimanche,Public,Espagne,GE, Pro ,23,888,465,,16,8.6,16,5,5,3,2,11.0,4,0,"23558,91",clair,ap-s1,B,Client très satisfait et actif.,71,463639,0
CLI-001845,10/01/2025,vendredi,Santé,Espagne,pme,Pro,1,23,0,0.0,0,"0,0",16,0,0,30,0,11.1,4,1,"551,74",clair,eu-w1,control,Faible adoption des sièges.,44,10858,0
CLI-003446,2024-07-01,lundi,Tech,France,TPE,Pro,7,5,1,20.0,1,"0,1",16,0,2,30,0,9.5,4,2,119.5,clair,us-e1,control,Faible adoption des sièges.,19,1078,1
CLI-000959,2024-02-13,mardi,Finance,Belgique,ETI,PRO,12,160,17,"10,6",4,0.2,16,4,7,6,2,9.8,4,,3508.62,vert,eu-w3,A,,64,60418,0
CLI-000366,09/12/2024,lundi,Industrie,France,PME,pro,2,39,24,61.5,41,7.9,16,6,0,1,10,"19,2",3,0,,sombre,eu-w1,control,Support très sollicité récemment.,9,16986,1
CLI-000079,12/08/2024,lundi,FINANCE,France, GE ,Enterprise,6,405,325,"80,2",33,10.7,40,8,2,1,4,5.9 h,2,0,,bleu,ap-s1,control,"Client insatisfait, risque de départ.",55,476670,0
CLI-001172,2023-11-17,vendredi,commerce,France,TPE,Enterprise,15,2,2,100.0%,83,"35,0",40,29,0,1,2,5.2,4,0,178.28 €,vert,eu-w1,B,Compte dans la moyenne.,69,5263,0
CLI-000231,01/10/2024,mardi,COMMERCE,,TPE, Pro ,4,4,2,50.0%,1,0.6,16,6,1,6,4,19.1,2,0,"100,62",clair,eu-w3,B,Mécontentement exprimé au support.,5,825,1
CLI-001594,23 Nov 2024,samedi,PUBLIC,France,PME, Starter ,2,47,35,"74,5",27,"11,2",8,3,1,1,2,26.9,2,2,600.17 €,sombre,eu-w1,A,,40,9351,0
CLI-004141,14 Feb 2024,mercredi,Tech,Espagne,TPE,Starter,12,7,2,"28,6",6,"3,0",8,3,5,15,0,,3,0,"88,01",bleu,eu-w3,control,,54,433,0
CLI-000055,07/05/2024,mardi,SANTÉ,France,TPE, Business ,9,6,3,"50,0",7,"0,6",26,4,1,21,5,9.8,1,1,235.49,bleu,eu-w3,A,"Client insatisfait, risque de départ.",18,2510,1
CLI-001571,26 Sep 2024,jeudi,finance,France,pme,Pro,4,30,22,73.3%,50,17.7,16,6,0,0,2,8.9,5,1,"695,68",vert,eu-w1,A,Compte dans la moyenne.,50,6275,0
CLI-000312,10 Jul 2023,lundi,santé,Belgique,TPE,starter,19,8,2,"25,0",1,0.3,8,2,5,5,2,"24,7",3,0,91.09,bleu,eu-w3,control,,61,1419,0
CLI-002135,2024-10-01,mardi,Tech,Espagne,TPE,Pro,4,10,7,70.0,42,23.3,16,8,3,2,2,11.9,4,0,277.88,violet,ap-s1,A,Client très satisfait et actif.,51,9114,0
CLI-002924,28 Jan 2024,dimanche, Éducation ,France, PME ,Pro,12,22,12,"54,5",19,11.6,16,7,6,0,1,,4,0,676.33,bleu,eu-w1,B,Client très satisfait et actif.,69,25511,0
CLI-003197,30 Apr 2024,mardi,tech,France,TPE,Starter,9,11,9,81.8%,68,"16,5",8,5,3,0,0,"10,9",5,0,123.59,violet,ap-s1,control,,71,3851,0
CLI-000025,29/12/2024,dimanche,Public,France,PME,PRO,1,26,7,"26,9",1,0.2,16,3,0,2,3,,2,3,551.71,vert,ap-s1,A,Mécontentement exprimé au support.,8,2714,1
CLI-000506,11 Mar 2024,lundi,Commerce,Belgique, PME ,Starter,11,34,10,"29,4",15,"10,7",8,2,1,1,0,11.5,4,1,404.28,violet,eu-w1,B,Compte dans la moyenne.,55,10277,0
CLI-000820,05 Nov 2023,dimanche,Industrie,France,PME,business,15,56,26,46.4,22,12.2,26,12,4,1,3,"4,7",3,0,3364.39,bleu,eu-w1,control,,72,165528,0
CLI-003265,2023-09-30,samedi,Finance,France,ETI,Pro,16,200,119,59.5,27,4.7,16,7,3,0,0,1.8,5,0,5565.88,violet,ap-s1,A,"Compte engagé, ambassadeur potentiel.",77,164305,0
CLI-000242,14/02/2024,mercredi, Industrie ,Belgique,tpe,PRO,12,2,1,"50,0",4,2.4,16,8,0,5,3,,3,0,50.28,vert,ap-s1,A,Suivi standard.,58,1319,0
CLI-003938,22 Mar 2023,mercredi,industrie,Allemagne,TPE,Pro,23,7,4,57.1,15,"10,1",16,2,3,0,2,,4,0,221.6,bleu,eu-w3,control,Client très satisfait et actif.,50,6905,0
CLI-001765,06 Jul 2024,samedi,TECH,Allemagne,PME, Pro ,7,45,18,40.0,9,"1,7",16,5,1,0,0,6.4,5,0,"1064,52",violet,eu-w3,B,Compte dans la moyenne.,59,23568,0
CLI-004287,2023-09-10,dimanche,Tech,France,PME,pro,17,49,28,57.1%,36,20.4,16,7,,2,5,"12,9",2,0,1168.82,clair,ap-s1,control,Mécontentement exprimé au support.,56,7667,0
CLI-004893,11 May 2023,jeudi,industrie,France,pme,Pro,21,50,14,"28,0",1,0.4,16,7,4,6,0,"11,4",3,0,1102.76 €,sombre,eu-w1,A,,76,42500,0
CLI-000749,06/09/2024,vendredi,Industrie,France,PME, Pro ,5,38,17,44.7,5,2.1,16,4,0,1,0,,5,1,840.04,bleu,ap-s1,control,,55,7577,0
CLI-000139,02/09/2023,samedi, Finance ,France,TPE,starter,17,3,1,"33,3",18,11.3,8,4,0,1,3,,4,0,"31,02",bleu,ap-s1,B,Compte dans la moyenne.,23,331,1
CLI-004733,15/03/2024,vendredi,Tech,Canada,GE,ENTERPRISE,11,142,118,83.1%,71,45.9,40,22,0,2,2,"4,3",4,0,11176.28,sombre,ap-s1,B,,66,174126,0
CLI-002276,01 Oct 2024,mardi,Public,France,PME,Enterprise,4,45,12,26.7,1,,40,15,2,1,5,4.3,,3,3797.79,sombre,eu-w1,control,,20,31142,1
CLI-004593,02/12/2023,samedi,Industrie,Suisse, TPE ,PRO,14,4,1,"25,0",1,0.2,16,0,1,30,1,,2,0,98.14,bleu,eu-w1,control,"Client insatisfait, risque de départ.",15,1690,1
CLI-002840,13 Aug 2023,dimanche,tech,France,PME,Pro,18,51,0,"0,0",0,0.0,16,0,0,84,5,16.2,3,0,1340.16,sombre,eu-w1,B,,0,25275,1
CLI-000896,2024-04-15,lundi,Tech,France,tpe,Starter,10,11,6,54.5,23,"11,5",8,2,10,6,1,20.4,5,0,127.66 €,sombre,eu-w1,control,,75,1466,0
CLI-003931,09/07/2023,dimanche,Commerce,Allemagne,PME,PRO,19,42,8,19.0,4,"1,5",16,4,8,11,0,8.1,4,0,1060.91,violet,us-e1,B,Faible adoption des sièges.,67,28708,0
CLI-003738,12 May 2024,dimanche,tech,France,PME,pro,9,33,16,48.5%,24,,16,11,2,1,2,13.3,5,0,"888,53",clair,eu-w3,control,Compte dans la moyenne.,56,31330,0
CLI-002150,11 Mar 2024,lundi,industrie,Belgique,ETI,Pro,11,98,52,53.1,32,17.3,16,6,2,2,0,10.9,4,1,"2080,62",sombre,eu-w1,control,Compte dans la moyenne.,70,18767,0
CLI-000013,2024-11-24,dimanche,PUBLIC,France,pme,PRO,2,44,6,"13,6",1,"0,2",16,3,0,14,3,14.9,,1,1064.77,clair,us-e1,B,Mécontentement exprimé au support.,13,11350,1
CLI-003442,30/09/2024,lundi,Commerce,,TPE,business,4,1,1,100.0,67,,26,13,1,1,3,6.1,,0,"51,75",bleu,us-e1,B,Compte dans la moyenne.,56,424,0
CLI-002092,23 Dec 2024,lundi,Commerce,Suisse,tpe, Starter ,1,4,1,25.0,1,0.3,8,1,,5,0,8.3,4,2,35.49 €,violet,eu-w3,A,Suivi standard.,12,300,1
CLI-001661,2024-05-04,samedi,Éducation,France,PME,Pro,9,22,14,63.6,23,4.5,16,1,2,2,8,"17,5",1,1,581.57,vert,eu-w3,control,"Client insatisfait, risque de départ.",30,25752,0
CLI-004383,2024-11-05,mardi,Éducation,France,PME,Pro,3,9,2,22.2%,4,0.8,16,3,0,13,6,17.8,,3,190.58,vert,eu-w3,B,,5,781,1
CLI-004895,01 Jan 2025,mercredi,Éducation,Espagne, PME ,Business,1,19,15,"78,9",69,"45,0",26,17,0,5,11,"6,3",3,3,"1021,8",vert,eu-w3,A,,0,30164,1
CLI-001085,2024-11-05,mardi,Finance,Canada, ETI ,Pro,3,117,13,11.1%,1,0.4,16,5,1,8,3,,3,2,2732.49,sombre,eu-w3,A,Faible adoption des sièges.,6,33610,1
CLI-000291,09/11/2022,mercredi,TECH,Allemagne,PME,BUSINESS,27,42,12,"28,6",8,2.4,26,8,4,2,5,6.3,3,0,2202.05,violet,eu-w1,B,,72,126398,0
CLI-001895,2023-07-07,vendredi,Public,Suisse,PME, Pro ,19,18,11,61.1,46,2.3,16,4,4,0,0,6.0,5,0,,sombre,ap-s1,B,Client très satisfait et actif.,60,18563,0
CLI-001220,03 Mar 2024,dimanche,finance,Canada,ETI,Business,11,116,25,21.6,1,0.4,26,8,1,5,0,2.9,3,2,5963.38,sombre,us-e1,B,Faible adoption des sièges.,21,112469,1
CLI-004487,15 Dec 2023,vendredi,SANTÉ,,GE,ENTERPRISE,14,704,502,71.3,23,10.3,40,18,7,3,1,3.1,4,0,55455.8,bleu,ap-s1,B,,97,1409686,0
CLI-003960,08/01/2025,mercredi,FINANCE,,TPE, Starter ,1,3,1,33.3,11,3.7,8,2,0,0,0,11.9,5,6,36.96,violet,eu-w3,A,,36,667,0
CLI-001013,25 Nov 2024,lundi,industrie,Espagne,eti, Enterprise ,2,162,101,62.3,39,29.6,40,19,0,1,0,,4,0,"14244,09",clair,eu-w1,A,Compte dans la moyenne.,60,233603,0
CLI-003126,01 Jan 2024,lundi,Finance,France, TPE ,Pro,13,4,2,"50,0",10,2.3,16,3,1,3,5,13.7,3,0,99.28,vert,ap-s1,A,,54,570,0
CLI-002277,2024-05-15,mercredi,Commerce,France,ETI, Business ,9,180,85,47.2,11,2.9,26,7,0,1,0,8.1,4,1,7938.97,bleu,eu-w3,A,,55,234358,0
CLI-003927,02/07/2023,dimanche,finance,France,TPE,pro,19,5,3,"60,0",30,3.7,16,6,3,3,1,7.9,4,0,117.86,violet,eu-w3,B,,68,580,0
CLI-000400,31/05/2024,vendredi,Finance,France, PME ,PRO,8,56,29,51.8%,13,"1,1",16,6,1,0,3,16.3,,0,1240.71,vert,eu-w3,control,,51,22382,0
CLI-003304,2025-01-04,samedi,Commerce,Suisse, PME ,Pro,1,50,28,56.0,19,3.4,16,6,0,1,1,8.5,5,0,"1214,49",bleu,eu-w1,control,,62,10955,0
CLI-000499,09/03/2024,samedi,Industrie,Allemagne,eti,Enterprise,11,44,26,59.1%,8,3.3,40,17,2,3,6,"5,5",4,1,,vert,ap-s1,control,,59,83864,0
CLI-000247,2024-02-02,vendredi,Finance,France,PME,pro,12,32,20,,18,0.9,16,6,3,0,3,,3,0,480.0,clair,eu-w1,control,,55,2755,0
CLI-004425,2023-11-16,jeudi,Tech,France, TPE ,Starter,15,4,2,50.0,18,8.8,8,2,4,1,0,1.9,,0,"48,57",violet,eu-w1,A,,80,2629,0
CLI-003178,2024-12-31,mardi,Finance,Espagne,PME,Business,1,24,7,29.2,9,0.4,26,8,0,1,0,1.6,5,2,"1037,37",sombre,us-e1,B,RAS.,48,4253,0
CLI-004237,2023-08-01,mardi, Éducation ,Canada,PME,Starter,18,16,0,0.0,0,"0,0",8,0,0,50,0,22.1,4,0,179.64,clair,ap-s1,B,Déploiement interne limité.,7,9133,1
CLI-001468,03/09/2024,mardi, Santé ,France,GE, Enterprise ,5,593,435,73.4,43,22.7,40,16,1,2,1,4.0,2,1,56081.79,bleu,eu-w3,control,,14,2000000,1
CLI-000837,08 Aug 2024,jeudi,Santé,France,PME,Starter,6,18,16,88.9,108,64.6,8,6,0,0,0,11.5,5,1,196.94,clair,eu-w1,B,,17,6621,1
CLI-001614,18/06/2023,dimanche,Tech,Allemagne,TPE, Starter ,20,3,2,66.7,50,"6,9",8,4,4,1,3,32.4,2,0,40.17,sombre,ap-s1,control,,52,922,0
CLI-003536,2024-05-09,jeudi,Commerce,France,PME,Starter,9,32,5,"15,6",4,1.1,8,3,3,7,0,27.2,3,0,296.92,clair,ap-s1,B,Faible adoption des sièges.,57,6817,0
CLI-001106,2024-12-01,dimanche,Santé,France,PME,STARTER,2,39,26,66.7,31,"15,5",8,5,0,1,2,"19,0",4,1,"467,55",sombre,eu-w3,A,,4,13419,1
CLI-000811,07/09/2024,samedi,PUBLIC,France,pme,ENTERPRISE,5,14,3,"21,4",1,0.1,40,16,2,2,5,"4,9",2,0,1170.41,clair,eu-w3,B,Mécontentement exprimé au support.,48,19195,0
CLI-003471,2024-04-07,dimanche,,France,eti,STARTER,10,170,106,62.4%,19,"9,0",8,3,3,0,1,14.7,3,2,2124.77 €,vert,us-e1,B,,62,26135,0
CLI-000899,26 Aug 2024,lundi,commerce,France,TPE,Business,5,6,2,33.3,1,0.1,26,8,0,1,0,"1,3",3,2,223.76,vert,eu-w1,control,Suivi standard.,47,1651,0
CLI-001878,2024-04-12,vendredi, Tech ,France,eti,business,10,114,57,"50,0",28,13.9,26,7,4,0,1,4.9,,0,4343.55 €,bleu,ap-s1,control,Client très satisfait et actif.,67,85481,0
CLI-002850,03/08/2023,jeudi,Public,Canada,TPE,STARTER,18,2,1,,18,11.2,8,4,2,0,6,"32,6",2,0,22.56 €,clair,eu-w3,A,"Client insatisfait, risque de départ.",24,300,1
CLI-003877,2024-12-25,mercredi,Éducation,Espagne,TPE,pro,1,8,1,12.5,1,0.2,16,2,0,2,2,8.5,4,2,150.85 €,clair,eu-w3,A,,42,495,0
CLI-002235,06 Jun 2024,jeudi,Tech,France,PME, Business ,8,9,7,77.8,63,45.9,26,14,,1,4,7.9,3,1,"353,93",sombre,eu-w3,control,RAS.,32,3483,1
CLI-000742,05 Dec 2024,jeudi,Santé,Espagne,PME, Pro ,2,38,12,31.6,6,"3,8",16,5,0,1,4,"11,4",4,0,"927,18",sombre,us-e1,A,RAS.,30,14445,1
CLI-000532,2024-04-14,dimanche,Tech,Espagne,ETI, Pro ,10,206,76,"36,9",20,"8,8",16,8,2,0,3,"13,3",2,1,6176.21,vert,eu-w1,A,Mécontentement exprimé au support.,18,70903,1
CLI-003394,2025-01-03,vendredi,Tech,Allemagne,ETI,Business,1,106,51,"48,1",30,27.1,26,9,0,0,2,7.5,4,3,4752.64,bleu,eu-w1,control,RAS.,5,124709,1
CLI-001590,30 Jul 2024,mardi,Finance,Allemagne,PME,Business,6,22,12,"54,5",31,18.6,26,13,2,4,0,4.2,5,2,972.33,violet,eu-w1,B,,58,7973,0
CLI-001302,01 Nov 2024,vendredi, Public ,France, ETI , Business ,3,215,98,,3,1.1,26,8,0,30,2,7.1,4,2,11350.58,violet,us-e1,B,Compte dans la moyenne.,6,279224,1
CLI-002408,03 Jun 2024,lundi,,Espagne,ETI,Starter,8,108,57,52.8%,30,6.2,8,3,2,1,2,25.9 h,,,1271.92,violet,eu-w3,B,,50,8344,0
CLI-002689,2023-08-13,dimanche,Tech,France,PME,Pro,18,47,31,66.0,38,12.3,16,8,4,0,4,9.0,5,,1407.69,bleu,us-e1,B,"Compte engagé, ambassadeur potentiel.",68,30012,0
CLI-000466,26 Aug 2024,lundi,finance,France,pme,ENTERPRISE,5,13,6,"46,2",22,4.5,40,14,3,3,3,4.6,3,4,966.43,vert,eu-w3,B,,55,18227,0
CLI-000579,01/12/2024,dimanche,Santé,France,tpe,Starter,2,5,3,60.0%,35,7.7,8,4,0,1,4,23.5,3,0,58.42,bleu,us-e1,A,,19,671,1
CLI-000355,29/12/2024,dimanche,COMMERCE,France, TPE ,Pro,1,9,3,33.3,6,1.9,16,3,0,6,9,20.0,2,1,223.96,sombre,eu-w1,B,,37,7530,0
CLI-004539,14 Apr 2023,vendredi,Industrie,France,TPE, Pro ,22,6,3,50.0%,14,14.1,16,9,9,2,1,8.3 h,5,0,152.57,bleu,eu-w3,A,"Compte engagé, ambassadeur potentiel.",78,5755,0
CLI-000104,2024-11-01,vendredi, Public ,France,PME,Business,3,36,9,25.0,3,0.4,26,7,0,3,3,3.5,2,2,1745.29,vert,us-e1,B,"Client insatisfait, risque de départ.",8,17174,1
CLI-001994,2023-12-04,lundi,INDUSTRIE,France,ETI,Enterprise,14,87,50,,34,"19,8",40,11,6,0,9,6.1,1,0,7102.34,violet,eu-w1,A,,55,75711,0
CLI-003166,14/12/2023,jeudi,Santé,France,ETI,Pro,14,45,8,17.8,1,"0,2",16,2,3,15,0,6.9,5,0,994.07,violet,eu-w1,B,,58,13857,0
CLI-004661,29 Jul 2024,lundi, Commerce ,Allemagne,PME,pro,6,28,15,53.6,23,"12,6",16,10,2,1,0,7.0 h,4,3,"751,1",clair,eu-w3,control,,58,20325,0
CLI-002185,13/08/2023,dimanche,,France, TPE ,Pro,18,6,3,50.0,35,36.0,16,6,3,1,2,13.8,4,,"180,1",bleu,eu-w1,control,,76,2954,0
CLI-000832,30 Sep 2023,samedi,PUBLIC,Espagne, ETI , Enterprise ,16,174,68,39.1%,15,7.8,40,10,3,1,0,0.5,5,0,14130.73,sombre,ap-s1,A,Client très satisfait et actif.,88,498250,0
CLI-004474,10 May 2024,vendredi,Commerce,France,PME,business,9,29,2,"6,9",1,0.1,26,1,1,2,14,"13,9",1,1,1125.49,bleu,ap-s1,control,,0,5537,1
CLI-001443,25/09/2024,mercredi,SANTÉ,Belgique,PME,Business,4,30,17,56.7,15,8.1,26,13,0,2,0,5.8,4,0,1474.13,violet,us-e1,control,Compte dans la moyenne.,59,24176,0
CLI-004235,2024-03-08,vendredi,Public,France,TPE,starter,11,1,0,0.0,0,0.0,8,0,0,39,4,23.6,4,0,12.35 €,clair,eu-w3,A,Déploiement interne limité.,5,365,1
CLI-004421,2025-01-05,dimanche, Commerce ,France,TPE,Starter,1,9,7,77.8,54,"35,5",8,3,0,0,1,24.0,5,0,93.05 €,violet,eu-w1,A,,63,3205,0
CLI-004139,14 Feb 2024,mercredi,santé,France,TPE,Pro,12,10,0,0.0,0,,16,0,0,79,0,8.9,4,,197.9,sombre,ap-s1,B,,0,1623,1
CLI-002053,18 Jul 2023,mardi,Santé,Canada,PME,Business,19,43,30,69.8,54,41.2,26,15,3,1,3,5.4,2,0,2315.3,sombre,ap-s1,B,Mécontentement exprimé au support.,68,68348,0
CLI-000044,09/01/2024,mardi,industrie,France,ETI,PRO,13,161,123,76.4,54,,16,8,2,0,0,7.1 h,4,0,4601.55,bleu,ap-s1,control,,72,135838,0
CLI-000397,2024-02-02,vendredi,Santé,France,PME,Pro,12,47,8,17.0,7,"1,9",16,4,4,7,4,11.8,4,0,1163.48,sombre,eu-w1,control,Déploiement interne limité.,20,21943,1
CLI-000177,14/06/2024,vendredi, Commerce ,,PME,Business,8,54,41,75.9,56,32.9,26,12,0,1,5,11.8,4,0,2940.98,vert,eu-w1,A,Suivi standard.,46,67525,0
CLI-000808,2024-04-11,jeudi,Commerce,France, GE ,BUSINESS,10,534,364,68.2,53,22.9,26,15,1,0,0,3.5,5,0,22229.74,clair,ap-s1,B,,74,273426,0
CLI-003205,2025-01-02,jeudi,industrie,France,TPE, Starter ,1,2,0,"0,0",0,"0,0",8,0,0,30,4,30.4,2,5,18.67,violet,us-e1,control,,0,444,1
CLI-000765,15 May 2024,mercredi,PUBLIC,France,PME,Pro,9,55,0,0.0,0,0.0,16,0,0,143,5,19.2,3,0,901.02 €,violet,us-e1,B,Usage en forte baisse ce trimestre.,0,7388,1
CLI-004269,2025-01-06,lundi,SANTÉ,Allemagne,GE,enterprise,1,193,127,65.8,25,12.1,40,17,0,0,4,2.8,4,2,12623.32 €,clair,ap-s1,control,Compte dans la moyenne.,60,144916,0
CLI-003151,16/01/2024,mardi,Industrie,Allemagne,PME,BUSINESS,13,33,3,9.1%,1,"0,1",26,2,0,30,4,4.8,4,0,,sombre,ap-s1,B,,14,13087,1
CLI-000097,2024-07-30,mardi,Commerce,Belgique,PME, Pro ,6,51,25,49.0,37,12.3,16,5,2,0,5,14.9,4,0,1196.41,clair,us-e1,A,,49,38261,0
CLI-001870,30/07/2024,mardi,Éducation,France,tpe,Starter,6,11,6,54.5,22,2.0,8,3,0,2,5,"37,4",1,1,118.85,bleu,us-e1,B,Mécontentement exprimé au support.,0,682,1
CLI-001241,29/05/2024,mercredi,TECH,Allemagne,TPE,Pro,8,10,8,80.0,70,"56,7",16,10,2,1,0,,5,1,282.92,sombre,ap-s1,control,,57,3016,0
CLI-000202,07 Apr 2023,vendredi,Tech,France,PME,BUSINESS,22,34,18,52.9%,18,10.1,26,9,4,2,2,7.7,4,0,1691.7,sombre,us-e1,control,,62,38841,0
CLI-004774,30/01/2024,mardi,Santé,France,eti, Starter ,12,64,37,57.8%,31,15.1,8,4,6,0,4,29.2,2,0,893.18,sombre,us-e1,A,,47,12451,0
CLI-001227,09/10/2024,mercredi,,Allemagne,PME,Pro,4,53,37,69.8,46,27.4,16,9,0,0,6,17.7,2,2,1141.46,violet,us-e1,control,,40,10296,0
CLI-003064,04/06/2024,mardi,finance,Espagne,PME,Pro,8,44,16,36.4,1,0.3,16,2,1,2,2,9.2,5,0,1058.24,clair,us-e1,B,,60,3471,0
CLI-003078,31 Jul 2024,mercredi,Industrie,France,PME,Starter,6,55,25,45.5%,15,4.4,8,2,0,2,1,24.2,4,0,511.63,vert,ap-s1,A,,53,3776,0
CLI-001630,06/11/2022,dimanche,,France,ETI,Pro,27,98,0,,0,0.0,16,0,0,76,4,20.4,2,0,2697.77 €,bleu,eu-w3,A,,0,132730,1
CLI-002192,13 Apr 2024,samedi,FINANCE,France,pme,Starter,10,51,30,"58,8",27,,8,2,2,1,4,,2,0,612.29,sombre,ap-s1,B,,32,10042,0
CLI-001804,31 Jan 2024,mercredi,Santé,Suisse,PME,Enterprise,12,34,18,"52,9",36,21.2,40,19,4,1,0,2.1,,,2042.2,vert,us-e1,B,"Compte engagé, ambassadeur potentiel.",75,33492,0
CLI-000311,2024-10-07,lundi,Public,Belgique,PME,BUSINESS,4,51,34,66.7%,41,22.6,26,12,0,0,1,6.3,5,2,"2289,85",clair,ap-s1,B,,27,45064,1
CLI-001849,19/04/2023,mercredi,Commerce,Suisse,PME,Business,22,50,8,"16,0",1,0.1,26,2,4,3,3,3.2,4,,2372.14 €,sombre,eu-w3,A,,70,64190,0
CLI-002209,05 Dec 2023,mardi,commerce,Canada,PME,Pro,14,50,14,28.0%,2,"0,1",16,5,5,10,3,"8,7",2,0,1216.46,clair,eu-w1,B,Mécontentement exprimé au support.,63,13965,0
CLI-001384,2022-11-10,jeudi,Industrie,Suisse,PME,Pro,27,33,28,84.8%,79,64.6,16,12,6,2,4,"15,0",4,0,979.74,clair,us-e1,control,Client très satisfait et actif.,65,31332,0
CLI-004118,2024-04-15,lundi,Industrie,Espagne,tpe,Starter,10,8,1,12.5%,1,0.1,8,0,3,17,4,34.3 h,2,0,80.47,bleu,us-e1,B,"Client insatisfait, risque de départ.",12,300,1
CLI-002039,05 Dec 2023,mardi,tech,Espagne,eti,ENTERPRISE,14,100,45,45.0,16,"5,9",40,14,3,3,10,4.5 h,2,0,"7594,52",sombre,ap-s1,control,,24,143233,1
CLI-002548,31/01/2024,mercredi,Tech,Espagne,TPE,starter,12,5,5,100.0,111,"71,6",8,6,5,2,0,16.7,,0,61.24 €,clair,eu-w1,B,,76,1004,0
CLI-000790,2023-05-17,mercredi,Finance,France,ETI,Pro,21,33,0,0.0,0,"0,0",16,0,0,163,0,9.3,5,0,"796,31",violet,eu-w3,A,,0,17630,1
CLI-002737,17/12/2023,dimanche, Commerce ,Espagne,GE,enterprise,14,572,302,52.8,4,"0,4",40,11,4,2,5,"3,8",2,0,51497.59,violet,eu-w3,control,Mécontentement exprimé au support.,34,675648,1
CLI-000936,05/01/2025,dimanche,Finance,Espagne,GE,Enterprise,1,417,229,54.9%,14,"6,3",40,12,,2,0,1.2,5,4,"41273,89",sombre,eu-w3,control,,44,1489162,0
CLI-002352,2024-03-12,mardi,tech,France, PME ,starter,11,27,4,"14,8",1,"0,2",8,1,3,10,1,"26,1",3,1,,vert,eu-w1,A,Faible adoption des sièges.,38,11193,0
CLI-004839,06/01/2025,lundi,Public,Belgique,TPE,starter,1,1,1,,13,"5,6",8,1,0,5,5,44.7,1,2,10.63,vert,eu-w3,A,Mécontentement exprimé au support.,0,300,1
CLI-002936,05/01/2025,dimanche,,France, PME ,STARTER,1,19,6,31.6,1,"0,2",8,1,1,9,2,19.7,3,0,218.83,sombre,eu-w1,control,,29,1974,0
CLI-004587,2024-02-27,mardi,Éducation,France,TPE, Pro ,11,8,5,62.5%,27,7.6,16,4,2,1,1,"10,1",,0,,bleu,us-e1,A,Compte dans la moyenne.,51,3166,0
CLI-004044,29/03/2024,vendredi,commerce,France,GE,Enterprise,10,440,341,77.5,39,28.0,40,21,1,0,1,5.2,3,1,29685.5,sombre,ap-s1,control,Suivi standard.,66,486842,0
CLI-003590,02/01/2024,mardi,tech,France,tpe,starter,13,9,6,66.7,26,10.8,8,3,4,2,1,29.0 h,3,0,96.74,clair,eu-w1,B,Compte dans la moyenne.,51,1111,0
CLI-004020,2024-10-10,jeudi,Santé,France,TPE,STARTER,4,8,5,62.5,24,10.3,8,3,3,2,3,22.5,4,1,110.61,sombre,eu-w1,control,,46,3356,0
CLI-002354,07/06/2024,vendredi,Public,Suisse,PME,Pro,8,40,29,"72,5",41,25.9,16,6,3,1,1,9.0 h,3,1,"1094,58",vert,us-e1,B,,56,57444,0
CLI-000643,11 Feb 2024,dimanche,finance,France,PME,Business,12,22,12,"54,5",24,,26,11,3,1,4,10.6,3,0,"891,5",clair,ap-s1,B,RAS.,43,5848,0
CLI-004691,08/07/2024,lundi,Finance,Belgique,PME,Pro,7,52,46,88.5,71,66.5,16,8,0,0,2,14.6,4,1,1288.66,violet,eu-w1,B,,65,12680,0
CLI-001688,2023-04-15,samedi,Santé,France,eti,Business,22,43,26,60.5,13,"9,1",26,9,,8,0,0.5,4,,2208.1,vert,eu-w1,control,"Compte engagé, ambassadeur potentiel.",67,28970,0
CLI-003455,03/01/2025,vendredi,Santé,France,PME,pro,1,55,42,76.4%,41,14.9,16,9,0,2,0,5.6,5,3,"1162,97",clair,us-e1,A,RAS.,48,13351,0
CLI-003382,2022-09-21,mercredi,éducation,Belgique,PME,Business,29,46,21,45.7,24,12.7,26,13,3,1,3,7.1 h,4,,2584.52,clair,eu-w3,A,,75,67818,0
CLI-000877,09 Dec 2023,samedi,Commerce,France,ETI,Pro,14,134,67,50.0,22,10.9,16,5,1,0,5,"26,6",3,0,3549.95,bleu,eu-w3,control,Suivi standard.,45,66952,0
CLI-002920,2024-07-31,mercredi, Santé ,France,PME,PRO,6,45,37,"82,2",65,44.4,16,10,1,0,0,"7,5",5,1,1271.36,bleu,eu-w1,A,,79,92784,0
CLI-003087,02/01/2024,mardi,Public,Belgique,GE,Business,13,438,139,31.7,11,4.1,26,11,2,0,1,1.9,5,,18445.29 €,bleu,us-e1,A,,59,378128,0
CLI-001458,2024-11-07,jeudi,Industrie,France,GE,Pro,3,588,67,11.4,1,0.1,16,1,0,2,0,5.0,5,1,12434.69,violet,eu-w1,control,Déploiement interne limité.,21,142750,1
CLI-003020,06 Jul 2023,jeudi, Commerce ,Suisse,pme,Pro,19,13,4,30.8,7,3.7,16,2,2,1,1,,5,,324.22,clair,eu-w1,control,,69,9039,0
CLI-000517,2024-04-02,mardi,Éducation,France,PME,Business,10,42,13,31.0,8,3.7,26,4,1,2,3,"5,6",2,0,1590.55,sombre,ap-s1,control,"Client insatisfait, risque de départ.",44,37823,0
CLI-001329,2024-10-01,mardi,Tech,Espagne,PME,Starter,4,19,11,"57,9",34,"13,7",8,4,1,1,0,15.0,5,3,205.96,violet,us-e1,control,,52,4391,0
CLI-004582,2024-12-31,mardi,FINANCE,France,ETI,Business,1,181,60,33.1,1,0.1,26,5,0,16,2,5.1,3,5,5481.93,bleu,eu-w1,control,Suivi standard.,0,17981,1
CLI-001909,05/12/2023,mardi, Finance ,France,PME,PRO,14,55,47,85.5%,39,15.8,16,5,3,0,0,7.8,4,0,"1322,53",clair,ap-s1,control,"Compte engagé, ambassadeur potentiel.",72,13014,0
CLI-003279,25/12/2024,mercredi,Tech,Allemagne, PME ,Pro,1,30,18,"60,0",40,"5,2",16,6,0,0,0,,3,4,628.8 €,sombre,ap-s1,B,,12,5672,1
CLI-002532,2024-08-02,vendredi,Éducation,France, ETI ,Business,6,167,69,41.3%,11,,26,12,1,2,3,6.4,4,0,8488.3 €,bleu,eu-w3,A,,14,243614,1
CLI-000531,13 Jul 2023,jeudi,Industrie,France,TPE,Pro,19,5,1,20.0,3,1.7,16,4,4,6,2,"7,7",4,0,"101,79",sombre,ap-s1,A,Faible adoption des sièges.,68,4173,0
CLI-001304,2023-10-12,jeudi,Commerce,France,TPE,Starter,16,7,4,57.1,33,19.3,8,4,3,2,2,19.3,5,0,79.23,vert,ap-s1,A,"Compte engagé, ambassadeur potentiel.",33,3248,1
CLI-004145,2022-11-07,lundi,Éducation,France,TPE,pro,27,6,4,66.7%,39,15.5,16,7,3,1,0,7.2,5,0,174.47,clair,eu-w3,A,,70,3720,0
CLI-000647,02 Feb 2024,vendredi,finance,France,TPE,Business,12,5,2,40.0%,31,17.4,26,17,1,0,1,"3,9",3,0,293.03,clair,eu-w3,control,,62,15378,0
CLI-001282,2024-07-10,mercredi,Éducation,Allemagne,PME,Business,7,30,16,53.3,13,3.8,26,6,0,1,6,,3,0,"1224,4",vert,eu-w3,control,,49,38152,0
CLI-004440,2024-06-06,jeudi,industrie,France,PME,Business,8,52,45,86.5%,72,"42,1",26,18,0,1,6,13.0,2,,"2446,67",vert,eu-w3,A,,18,96301,1
CLI-000045,03 Mar 2024,dimanche,Tech,Belgique, TPE ,pro,11,7,2,"28,6",1,"0,5",16,4,0,5,0,,5,0,"158,34",clair,us-e1,B,,53,2986,0
CLI-000146,10/12/2024,mardi,Finance,Belgique,PME,Pro,2,47,20,"42,6",6,"4,2",16,6,0,1,7,"18,5",2,,"894,45",sombre,eu-w3,control,"Client insatisfait, risque de départ.",29,5134,0
CLI-004056,2023-10-01,dimanche,Finance,Belgique,PME,Starter,16,29,9,31.0%,1,"0,5",8,1,2,30,3,21.7,,0,331.92 €,violet,us-e1,B,Compte dans la moyenne.,46,13064,0
CLI-003142,28/02/2024,mercredi,Commerce,Espagne,eti,Business,11,31,10,"32,3",10,"2,3",26,13,1,0,1,5.8,3,1,,vert,us-e1,A,,25,9707,1
CLI-002549,2025-01-04,samedi,public,France,TPE,Business,1,10,5,50.0%,6,,26,4,0,1,2,5.3,4,,"519,58",clair,eu-w1,A,,51,7669,0
CLI-004761,2023-10-03,mardi,tech,France,PME,Business,16,25,6,24.0%,1,0.1,26,4,5,13,0,1.4 h,5,,1334.48,bleu,us-e1,B,,68,107239,0
CLI-002409,10 Jan 2024,mercredi,Tech,Belgique,GE,PRO,13,494,0,0.0,0,0.0,16,0,0,43,0,7.7,4,1,8597.23,bleu,eu-w3,control,,17,197392,1
CLI-001152,12 Jul 2023,mercredi,Finance,France, GE ,enterprise,19,276,71,25.7%,1,"0,3",40,2,4,8,0,2.0,4,0,"20600,81",sombre,eu-w3,B,"Compte engagé, ambassadeur potentiel.",64,371639,0
CLI-004343,2023-08-12,samedi,Industrie,France,GE,ENTERPRISE,18,501,310,"61,9",6,2.8,40,12,2,3,3,8.1,5,0,42893.88,vert,eu-w3,B,,67,457249,0
CLI-001451,19 Jun 2023,lundi,,France,TPE,Pro,20,3,2,66.7,12,2.3,16,6,,0,8,,3,0,83.53,sombre,ap-s1,B,,60,1301,0
CLI-000394,02 May 2024,jeudi,SANTÉ,France,GE,BUSINESS,9,715,170,23.8,15,"9,3",26,12,,2,0,"0,5",5,0,37661.22,bleu,eu-w1,A,,75,1204406,0
CLI-004837,09/05/2024,jeudi,Industrie,Allemagne,PME,business,9,46,18,39.1,1,0.5,26,6,3,2,3,12.8,2,0,2015.48,bleu,ap-s1,control,Mécontentement exprimé au support.,58,56192,0
CLI-004775,05/09/2023,mardi,tech,Canada,PME, Business ,17,45,0,0.0%,0,0.0,26,0,0,77,7,10.1,1,0,2045.99 €,clair,us-e1,B,Usage en forte baisse ce trimestre.,0,95630,1
CLI-003563,08 Dec 2023,vendredi,Industrie,France,tpe,pro,14,10,5,50.0%,17,12.0,16,4,5,3,0,8.0,,1,248.47,clair,eu-w3,B,"Compte engagé, ambassadeur potentiel.",74,4890,0
CLI-004411,30/11/2023,jeudi, Industrie ,Canada,TPE,Pro,14,7,6,85.7,57,"24,7",16,5,3,3,2,19.1,3,0,186.47,vert,eu-w1,A,Suivi standard.,55,3364,0
CLI-001558,10/05/2024,vendredi,SANTÉ,Suisse,TPE,STARTER,9,8,5,62.5,28,2.6,8,3,1,1,0,,5,1,"82,72",clair,ap-s1,B,,70,678,0
CLI-002273,21 May 2023,dimanche, Finance ,Canada,PME,pro,21,35,19,54.3,25,16.5,16,4,7,2,5,17.0,2,0,1020.98,vert,ap-s1,B,"Client insatisfait, risque de départ.",65,45209,0
CLI-002143,07/06/2024,vendredi,,Espagne,PME,BUSINESS,8,57,29,50.9,5,"1,6",26,5,1,2,3,7.9,4,2,2451.54,violet,ap-s1,B,Compte dans la moyenne.,44,46236,0
CLI-002875,03 Oct 2024,jeudi,SANTÉ,France, ETI ,Business,4,193,68,35.2%,1,,26,8,0,12,5,10.4,2,1,8643.54,sombre,us-e1,control,,33,28351,0
CLI-004810,2024-02-14,mercredi,TECH,,PME,Enterprise,12,22,11,50.0,17,13.3,40,18,6,0,3,1.7,3,1,1827.95,bleu,ap-s1,control,,64,28479,0
CLI-003915,13 Mar 2023,lundi, Commerce ,France,eti,Enterprise,23,30,26,"86,7",62,"27,8",40,24,5,0,3,4.8 h,4,0,2829.45 €,clair,us-e1,control,Client très satisfait et actif.,73,102087,0
CLI-004203,11 Feb 2024,dimanche,Éducation,Belgique,TPE,Business,12,9,7,77.8%,53,36.2,26,16,2,1,0,7.5,3,1,291.33,violet,eu-w3,A,,55,1911,0
CLI-003164,06/10/2023,vendredi,SANTÉ,Belgique,pme,PRO,16,43,27,62.8,27,17.7,16,6,5,1,4,,3,0,1062.98,bleu,us-e1,control,,79,17433,0
CLI-003745,05 Jul 2024,vendredi,éducation,Canada,TPE, Pro ,7,10,3,30.0%,15,6.8,16,1,0,1,4,21.0,1,1,191.3,sombre,eu-w1,B,,5,2667,1
CLI-002658,2023-05-13,samedi,Public,Canada,GE,Enterprise,21,362,127,35.1%,1,0.3,40,1,1,15,1,3.2,3,0,30088.63,violet,ap-s1,B,,62,271399,0
CLI-000644,2024-01-07,dimanche,éducation,France,TPE,Starter,13,10,1,"10,0",1,"0,3",8,0,7,1,0,9.0,5,0,99.4,sombre,ap-s1,B,,75,978,0
CLI-001839,28 May 2024,mardi,éducation,France, ETI ,Enterprise,8,102,83,81.4,43,27.9,40,11,3,1,3,3.9,3,0,"7810,05",bleu,eu-w1,A,,54,89659,0
CLI-003174,2023-06-03,samedi,Commerce,France, PME ,Pro,20,8,6,75.0,33,23.6,16,11,7,0,0,4.1,,1,"240,1",violet,eu-w1,control,,80,14766,0
CLI-003492,31 Dec 2023,dimanche,Tech,Espagne,TPE,starter,13,8,5,62.5,24,"10,5",8,2,2,0,2,28.3,4,,94.17,sombre,ap-s1,A,,63,2780,0
CLI-001034,11 Nov 2023,samedi,Commerce,Allemagne,ETI,Business,15,54,0,,0,0.0,26,0,0,60,2,10.2,3,0,2457.24,sombre,us-e1,A,,2,32239,1
CLI-001387,30/07/2024,mardi, Finance ,France,TPE,PRO,6,10,3,30.0,6,,16,8,0,1,0,7.4,4,1,205.1,sombre,us-e1,B,RAS.,60,1177,0
CLI-004407,13 Jul 2024,samedi,industrie,France,PME,STARTER,7,10,5,"50,0",17,10.5,8,3,2,1,1,19.5,4,0,"129,95",sombre,ap-s1,B,,21,5328,1
CLI-004751,08 Sep 2023,vendredi,Tech,Belgique,TPE,BUSINESS,17,1,1,,45,25.6,26,13,2,1,2,7.7 h,3,0,52.78,clair,us-e1,B,,61,2510,0
CLI-004336,20/01/2023,vendredi,éducation,France,GE,Pro,25,803,627,78.1,83,57.6,16,4,,0,8,18.4,2,0,22178.64,bleu,ap-s1,A,,68,345543,0
CLI-001435,12 Apr 2024,vendredi,FINANCE,France,PME,BUSINESS,10,6,3,50.0%,5,0.7,26,7,3,2,0,4.7,5,0,282.17,sombre,eu-w1,A,,76,16659,0
CLI-001690,2024-03-28,jeudi,Industrie,Canada,TPE,PRO,10,2,1,"50,0",1,0.3,16,2,1,30,8,21.3,1,2,"38,14",clair,eu-w1,A,"Client insatisfait, risque de départ.",7,300,1
CLI-003613,13 Mar 2023,lundi,Santé,France,PME,business,23,43,24,55.8,1,"0,7",26,2,6,30,2,,3,1,1703.68,sombre,eu-w1,B,,56,41911,0
CLI-004219,07/01/2025,mardi,santé,France,eti,Pro,1,93,75,80.6,71,25.1,16,9,0,2,0,8.9,4,4,2173.71,bleu,us-e1,control,RAS.,58,89122,0
CLI-003105,06/10/2024,dimanche,Éducation,Canada,ETI,BUSINESS,4,193,115,59.6,20,,26,8,0,1,1,,3,2,"8911,93",vert,ap-s1,control,,16,387312,1
CLI-000557,06 Jul 2024,samedi,Public,France,PME,business,7,15,1,"6,7",1,0.1,26,2,0,3,0,4.4,3,1,640.35,violet,eu-w1,control,Faible adoption des sièges.,50,5251,0
CLI-000420,09 Nov 2023,jeudi,tech,France,tpe,PRO,15,5,2,40.0,14,"4,9",16,5,7,1,2,"11,1",3,0,101.36,vert,eu-w3,B,,63,914,0
CLI-001036,02 Sep 2023,samedi,Commerce,Allemagne,TPE,Pro,17,7,0,0.0,0,"0,0",16,0,,42,3,"11,8",2,0,191.29 €,vert,eu-w1,control,,12,5019,1
CLI-002170,27/12/2024,vendredi, Finance ,Belgique,ETI,PRO,1,154,30,"19,5",1,0.7,16,1,0,23,2,11.0,3,6,3608.63,sombre,eu-w1,control,,0,53263,1
CLI-001318,11/04/2024,jeudi,Éducation,France,GE,Pro,10,589,226,38.4,10,2.5,16,5,2,0,2,18.2,2,,"13368,38",sombre,eu-w3,B,,39,131545,0
CLI-000175,30 Dec 2024,lundi,Finance,Belgique,PME,pro,1,47,0,0.0,0,0.0,16,0,0,30,2,10.7,4,2,837.88,clair,eu-w1,B,,4,12367,1
CLI-003230,2023-08-09,mercredi,Public,Allemagne,PME,Business,18,31,18,58.1,36,"16,8",26,16,3,1,2,6.1 h,3,0,1327.32 €,vert,ap-s1,A,,77,10884,0
CLI-001958,2023-10-12,jeudi,Santé,France,TPE,PRO,16,6,4,"66,7",47,39.0,16,12,,2,2,13.1,,0,158.31 €,clair,eu-w1,B,Client très satisfait et actif.,58,9476,0
CLI-003256,2023-11-03,vendredi,industrie,Allemagne, PME ,Business,15,56,35,"62,5",24,12.9,26,9,1,1,11,8.8,2,0,2914.87,violet,eu-w1,B,,49,52584,0
CLI-002078,02 Dec 2023,samedi,finance,France,TPE,starter,14,2,1,50.0,18,10.0,8,5,1,5,3,25.9,3,0,"27,91",violet,eu-w1,A,,41,1121,0
CLI-000971,2025-01-04,samedi,Santé,Canada,PME, Pro ,1,36,28,77.8,76,39.0,16,11,0,0,6,24.0,2,2,998.65,sombre,eu-w1,B,,0,22929,1
CLI-001502,09/11/2023,jeudi,éducation,Allemagne,pme,STARTER,15,51,17,"33,3",1,,8,3,2,21,6,24.5,2,0,623.05,sombre,eu-w3,B,"Client insatisfait, risque de départ.",4,22480,1
CLI-004884,06 Oct 2024,dimanche,commerce,France, PME ,STARTER,4,17,8,47.1,21,,8,3,2,1,0,21.9,3,0,"223,48",violet,eu-w1,B,,50,2199,0
CLI-001917,2024-03-07,jeudi,Tech,France,pme,ENTERPRISE,11,42,32,"76,2",77,"27,8",40,19,2,0,7,1.5,4,0,3440.25,vert,us-e1,control,,67,157976,0
CLI-004887,03 Jan 2025,vendredi,Tech,France, TPE ,starter,1,8,5,62.5,31,"12,1",8,2,0,0,1,"15,1",5,2,113.39,sombre,eu-w1,A,Compte dans la moyenne.,49,5951,0
CLI-004150,2024-01-28,dimanche,Tech,France,pme,pro,12,43,28,"65,1",38,"22,2",16,9,2,1,0,10.1 h,5,0,1227.45 €,sombre,eu-w1,A,Compte dans la moyenne.,64,40260,0
CLI-000453,31 Oct 2023,mardi, Industrie ,France,ETI,Business,15,211,139,65.9,40,"13,1",26,13,1,1,3,1.9,4,0,7015.78,violet,ap-s1,A,Suivi standard.,54,103553,0
CLI-001794,30 Dec 2023,samedi,FINANCE,France,PME,business,13,53,7,13.2,1,"0,1",26,2,3,23,1,6.6,1,0,2185.58,violet,eu-w1,B,,50,28675,0
CLI-004551,2023-11-09,jeudi,Commerce,France,PME,pro,15,39,15,38.5,18,4.6,16,3,1,4,4,16.8,3,1,949.17,vert,ap-s1,control,,18,35024,1
CLI-003807,08 Oct 2024,mardi,COMMERCE,France, ETI , Business ,4,151,104,68.9,38,31.6,26,10,0,0,2,"5,9",4,2,"7954,93",vert,us-e1,B,RAS.,60,182645,0
CLI-000016,08/01/2025,mercredi,Public,Espagne,ETI,BUSINESS,1,136,20,14.7%,1,0.2,26,4,0,26,2,4.9 h,3,3,"3693,38",vert,us-e1,control,,36,21200,0
CLI-001752,2023-08-12,samedi,Tech,Suisse,TPE,Pro,18,2,1,50.0,10,4.0,16,5,6,1,0,1.5,5,0,49.05,vert,ap-s1,B,"Compte engagé, ambassadeur potentiel.",64,1046,0
CLI-000419,2024-04-27,samedi,Finance,France,TPE,Starter,9,11,7,63.6,33,19.5,8,3,3,2,2,,4,1,100.31 €,clair,ap-s1,B,,56,329,0
CLI-003219,15 Dec 2023,vendredi,Tech,France,PME,starter,14,56,45,"80,4",74,55.3,8,5,1,0,2,24.8,4,0,"695,36",sombre,eu-w1,A,Compte dans la moyenne.,79,33071,0
CLI-004608,2024-08-10,samedi,ÉDUCATION,Suisse,pme,Pro,6,35,19,54.3%,19,11.2,16,5,2,1,0,7.0,5,3,979.2,violet,eu-w3,A,Suivi standard.,64,23285,0
CLI-003123,01 Apr 2024,lundi,Tech,France,PME,PRO,10,22,3,13.6,1,0.1,16,1,8,6,2,,3,0,583.14 €,violet,eu-w1,B,Déploiement interne limité.,68,18649,0
CLI-000963,08 Feb 2024,jeudi,Commerce,France,ETI,Enterprise,12,101,26,25.7%,7,1.0,40,14,3,4,2,"4,3",,1,8681.21,clair,eu-w1,control,,59,142372,0
CLI-001021,2025-01-03,vendredi, Finance ,France,tpe, Starter ,1,4,1,"25,0",1,0.3,8,1,0,8,1,33.6 h,2,1,32.68,bleu,eu-w3,B,,34,456,0
CLI-001094,2024-08-04,dimanche,Commerce,France,PME,business,6,57,0,0.0,0,0.0,26,0,0,57,1,6.7,4,4,2939.08,violet,us-e1,A,Faible adoption des sièges.,0,132553,1
CLI-003493,07/10/2024,lundi,Public,France,TPE,Starter,4,6,4,"66,7",41,29.9,8,3,1,2,3,33.0,2,1,74.86,bleu,ap-s1,A,"Client insatisfait, risque de départ.",34,1473,0
CLI-002271,2024-05-27,lundi,Éducation,Belgique,TPE,Starter,8,5,4,80.0,34,,8,4,2,2,4,30.3,3,0,64.66,clair,eu-w1,A,RAS.,41,901,0
CLI-001925,2024-10-09,mercredi,PUBLIC,France,PME,Pro,4,26,10,38.5%,5,"0,9",16,5,0,15,1,14.5,5,2,"571,87",bleu,ap-s1,B,,54,7503,0
CLI-004619,25 Mar 2022,vendredi,ÉDUCATION,France, TPE ,Pro,35,4,2,50.0%,14,7.9,16,5,8,0,2,16.6,1,0,"116,65",violet,eu-w1,control,,75,6409,0
CLI-001143,07 May 2023,dimanche, Commerce ,Allemagne,TPE,starter,21,7,2,28.6,1,0.1,8,1,7,8,0,13.3 h,4,0,86.26,violet,ap-s1,control,Client très satisfait et actif.,80,2476,0
CLI-004166,02 Nov 2024,samedi,tech,France,GE,Enterprise,3,171,94,55.0,16,4.5,40,15,0,1,0,1.1 h,5,1,12455.44,clair,eu-w1,A,Compte dans la moyenne.,65,204269,0
CLI-001905,01/10/2023,dimanche,Finance,Belgique,TPE, Starter ,16,11,6,54.5,14,"5,7",8,2,3,1,0,11.7,4,0,129.8,violet,us-e1,control,,64,1384,0
CLI-000702,15 Jan 2024,lundi, Industrie ,France,eti,Pro,13,120,47,39.2,7,0.4,16,5,2,2,1,6.7,4,0,"3262,24",violet,eu-w3,A,,61,69551,0
CLI-002366,05 Jun 2024,mercredi,INDUSTRIE,Canada,PME,Enterprise,8,26,12,46.2,6,2.5,40,21,1,2,1,3.3,4,0,2308.87,bleu,ap-s1,A,Suivi standard.,63,22719,0
CLI-002598,13 May 2023,samedi,éducation,Suisse,tpe,pro,21,5,3,"60,0",18,6.6,16,7,0,1,5,18.5,3,0,98.81 €,clair,eu-w1,A,RAS.,62,1053,0
CLI-001689,09/12/2023,samedi,Tech,France,PME, Pro ,14,39,20,51.3,14,"10,8",16,5,1,1,1,,,0,728.34,violet,us-e1,control,,64,11945,0
CLI-001996,11 Oct 2024,vendredi,Santé,France,PME,PRO,4,23,14,"60,9",32,"13,1",16,3,0,1,0,8.7 h,4,2,616.85,vert,ap-s1,A,,56,17704,0
CLI-004130,2024-05-12,dimanche,Industrie,Belgique,PME,Starter,9,54,11,20.4,1,0.3,8,1,1,2,1,16.9,5,0,"613,21",vert,eu-w3,control,Faible adoption des sièges.,52,19108,0
CLI-000527,09 Sep 2024,lundi,Industrie,France,pme,pro,5,54,43,79.6,63,"49,1",16,10,0,1,6,16.0,4,1,1401.41,sombre,eu-w1,B,,51,87336,0
CLI-003620,07 Jul 2023,vendredi,santé,France,TPE,Pro,19,6,2,33.3%,9,"0,8",16,4,5,1,0,6.1,5,0,"173,79",vert,eu-w1,control,,76,4418,0
CLI-002887,02/07/2024,mardi,Industrie,France,PME,Pro,7,25,14,"56,0",15,7.4,16,7,0,1,0,0.6,5,2,574.95,vert,eu-w1,A,,63,8015,0
CLI-002311,23/12/2024,lundi,,France,pme,Business,1,32,12,37.5,1,0.1,26,9,0,30,2,,2,3,1591.43,vert,eu-w1,A,Mécontentement exprimé au support.,2,27404,1
CLI-003146,07/04/2023,vendredi, Commerce ,France,TPE,Business,22,1,1,100.0,25,12.8,26,7,4,0,4,,2,0,36.33,vert,eu-w3,control,Mécontentement exprimé au support.,70,506,0
CLI-002972,2024-03-10,dimanche,Éducation,France,PME,Starter,11,34,24,70.6,49,22.4,8,3,2,1,0,20.8,5,0,416.14,clair,eu-w1,B,,68,6825,0
CLI-002612,02/09/2024,lundi,Santé,France,PME,business,5,54,23,42.6,18,15.7,26,8,1,3,1,9.0 h,2,1,"2507,4",bleu,eu-w3,B,"Client insatisfait, risque de départ.",60,16449,0
CLI-004483,11/03/2023,samedi,INDUSTRIE,Belgique,ETI,business,23,68,44,64.7,34,17.4,26,11,6,3,0,2.0,5,0,,bleu,eu-w3,A,,81,100600,0
CLI-003890,31 Oct 2023,mardi,Industrie,France,TPE,Starter,15,8,3,37.5%,17,8.0,8,2,5,1,4,32.1 h,3,0,72.56,sombre,eu-w3,control,,26,892,1
CLI-001261,10 Jul 2023,lundi,COMMERCE,France,ETI,Business,19,184,160,87.0,79,,26,12,4,4,0,1.8,,0,"9183,04",violet,eu-w3,A,,77,271083,0
CLI-003134,30/06/2024,dimanche,Tech,Espagne,PME, Business ,7,44,16,36.4,6,1.0,26,10,6,5,6,"8,1",,1,"1933,17",violet,ap-s1,B,,64,11096,0
CLI-003218,11 Jun 2024,mardi,Public,France,PME,pro,8,14,10,71.4,46,"9,0",16,5,,2,1,"13,2",3,1,"383,52",vert,eu-w1,B,,47,10378,0
CLI-003069,06/06/2024,jeudi,Éducation,France, PME ,STARTER,8,47,0,0.0%,0,"0,0",8,0,0,42,5,"26,7",3,1,"494,44",clair,eu-w1,control,Faible adoption des sièges.,0,6892,1
CLI-000334,2024-03-13,mercredi,santé,Belgique,PME,Pro,11,35,23,"65,7",30,,16,7,2,0,4,13.7,4,1,"984,17",sombre,eu-w1,B,RAS.,47,16140,0
CLI-003435,28/01/2024,dimanche,COMMERCE,France,TPE,Starter,12,7,2,28.6,1,0.5,8,2,1,26,0,13.9,5,1,68.9,sombre,us-e1,B,,46,1186,0
CLI-003756,01/03/2024,vendredi,Tech,Belgique,eti,enterprise,11,131,96,73.3,47,35.9,40,16,4,1,5,2.9,4,1,11570.21,clair,eu-w3,B,,73,75901,0
CLI-000088,2023-03-14,mardi,Éducation,Canada,PME,BUSINESS,23,51,38,74.5,71,42.8,26,14,5,2,2,"8,3",4,0,2285.88,vert,eu-w3,control,,68,67479,0
CLI-000728,2024-09-01,dimanche,Tech,,ETI,Enterprise,5,156,16,"10,3",1,0.4,40,6,,30,7,"2,7",,1,10370.87,vert,us-e1,control,,13,51025,1
CLI-003355,2023-03-14,mardi,Commerce,Allemagne,pme,Pro,23,12,7,58.3,35,24.1,16,3,2,1,3,12.8,3,0,385.71,vert,ap-s1,A,Suivi standard.,56,6642,0
CLI-002693,2024-07-02,mardi,Commerce,Canada,ETI,Starter,7,81,10,12.3,1,0.1,8,2,1,9,3,37.2,2,1,817.38,clair,us-e1,control,Mécontentement exprimé au support.,36,9384,0
CLI-001733,27/12/2024,vendredi,Commerce,,tpe,Starter,1,2,0,0.0,0,,8,0,0,30,1,24.3,,2,26.44,sombre,us-e1,B,,5,542,1
CLI-000459,2024-10-08,mardi,Santé,Canada,PME,STARTER,4,51,0,"0,0",0,0.0,8,0,0,42,0,"17,9",,2,496.83,sombre,eu-w1,B,,0,4889,1
CLI-000046,30/12/2023,samedi,INDUSTRIE,Suisse, TPE ,Starter,13,6,1,16.7,1,0.1,8,3,2,2,2,25.5,,0,,violet,us-e1,B,,20,637,1
CLI-003280,20 Mar 2023,lundi,Commerce,France, ETI ,Business,23,130,0,0.0%,0,0.0,26,0,,70,3,6.6 h,5,,6007.5,violet,ap-s1,B,,16,187194,1
CLI-000424,28 Apr 2024,dimanche,Industrie,France, ETI ,Pro,9,135,80,59.3,20,5.8,16,3,3,1,5,15.4,4,2,3486.17,violet,ap-s1,B,,14,51456,1
CLI-004338,20/04/2023,jeudi,Public,Belgique,tpe,starter,22,7,5,71.4,53,24.5,8,3,2,2,0,23.0,3,0,95.0,sombre,ap-s1,A,,58,1091,0
CLI-000442,2023-12-09,samedi,Tech,Espagne,ETI, Enterprise ,14,217,157,72.4,53,37.4,40,9,3,1,0,5.2,5,1,,sombre,eu-w1,control,,78,146491,0
CLI-001121,2024-08-09,vendredi,industrie,Canada,PME,Starter,6,7,5,71.4,52,"19,1",8,6,0,1,0,21.1,4,0,90.89,bleu,eu-w1,B,,64,2981,0
CLI-002704,09 Dec 2023,samedi,Commerce,Belgique, TPE ,Starter,14,2,1,50.0%,22,1.9,8,1,5,2,3,24.3,3,0,26.12,sombre,ap-s1,control,,64,300,0
CLI-002771,2024-02-07,mercredi,éducation,France,eti,Enterprise,12,139,71,"51,1",30,10.4,40,17,3,0,3,6.1,4,1,10374.51,bleu,ap-s1,A,Client très satisfait et actif.,73,408341,0
CLI-000711,2023-11-10,vendredi,Public,France,PME, Starter ,15,15,5,"33,3",5,"0,3",8,2,7,1,4,32.7 h,3,0,"180,66",vert,eu-w1,B,,70,889,0
CLI-001891,06 Aug 2024,mardi,Éducation,Belgique,PME, Pro ,6,37,31,83.8,55,29.5,16,6,0,4,7,13.1,3,0,"991,91",bleu,us-e1,B,Support très sollicité récemment.,8,9760,1
CLI-004039,13 Mar 2023,lundi,Santé,France, PME , Business ,23,15,4,26.7,5,2.7,26,9,4,26,5,"5,2",5,0,747.28,bleu,ap-s1,B,,75,16545,0
CLI-000583,31 Oct 2023,mardi,Industrie,Belgique,ge,BUSINESS,15,267,134,50.2,23,10.3,26,16,3,1,1,6.1,5,0,14780.41,clair,ap-s1,control,Client très satisfait et actif.,73,424198,0
CLI-001864,17/10/2023,mardi,Éducation,France,GE,business,16,450,247,"54,9",31,"4,0",26,9,3,1,5,6.6,3,0,19063.05,clair,us-e1,control,,69,375161,0
CLI-003916,2023-11-16,jeudi,INDUSTRIE,,PME,Business,15,33,22,"66,7",27,"11,9",26,8,3,2,2,9.2,,0,1681.1,violet,eu-w1,B,,58,79953,0
CLI-003598,2024-01-04,jeudi,Tech,Belgique,TPE, Starter ,13,9,7,"77,8",33,19.9,8,4,2,0,3,26.2,4,0,"109,6",clair,eu-w3,control,,45,2337,0
CLI-003117,2024-03-04,lundi, Industrie ,Canada,TPE, Pro ,11,2,1,50.0,13,10.2,16,6,1,0,1,,5,1,46.14,sombre,eu-w3,B,,60,303,0
CLI-003568,09 Jan 2025,jeudi, Éducation ,Belgique,TPE,BUSINESS,1,1,1,,37,9.9,26,7,1,1,0,,4,2,39.83,sombre,eu-w3,A,,61,300,0
CLI-002599,12 Jan 2024,vendredi,santé,France, TPE ,Starter,13,2,1,50.0,27,16.4,8,3,3,1,1,24.8,3,0,23.16,vert,eu-w1,A,Suivi standard.,20,494,1
CLI-004028,26 Dec 2024,jeudi,Finance,,PME,Pro,1,13,0,0.0,0,0.0,16,0,0,30,0,"3,9",4,1,"304,13",clair,us-e1,A,,52,7232,0
CLI-003160,06 Oct 2023,vendredi,COMMERCE,Belgique,PME,Business,16,55,0,0.0,0,"0,0",26,0,0,47,0,5.5,5,0,2138.58 €,vert,ap-s1,A,,12,28058,1
CLI-004344,04/02/2023,samedi, Tech ,Allemagne,PME,Pro,24,13,10,76.9,60,44.1,16,5,4,1,1,,3,0,383.33,vert,eu-w1,B,Compte dans la moyenne.,78,26404,0
CLI-002602,27 Sep 2024,vendredi,FINANCE,Espagne,PME,Starter,4,49,33,67.3,28,21.9,8,3,1,0,1,"23,1",4,1,626.4 €,vert,ap-s1,control,,57,16950,0
CLI-002921,2023-11-17,vendredi,Public,Allemagne,PME,Business,15,47,30,63.8,33,"24,4",26,12,4,1,0,7.0,4,0,2255.86,clair,us-e1,B,,92,31447,0
CLI-002879,31 Oct 2023,mardi,Tech,Canada,GE,Business,15,618,394,63.8,31,"14,8",26,13,2,1,2,5.7,,0,28656.13,clair,eu-w3,B,,53,610949,0
CLI-003443,2023-06-03,samedi,Tech,Canada,TPE,Starter,20,3,2,66.7,35,"17,8",8,3,5,1,1,23.3,5,0,41.19,bleu,ap-s1,A,"Compte engagé, ambassadeur potentiel.",87,946,0
CLI-004289,02/01/2024,mardi,Public,France,tpe,Pro,13,7,2,28.6,1,0.3,16,5,2,21,3,14.2 h,3,0,202.95,bleu,eu-w3,B,,41,5658,0
CLI-001421,06 Mar 2024,mercredi,TECH,,TPE,Pro,11,6,0,0.0,0,0.0,16,0,0,54,3,14.9,4,0,167.16,bleu,eu-w3,A,Déploiement interne limité.,3,7813,1
CLI-002743,05/01/2025,dimanche,Industrie,Belgique, PME , Starter ,1,11,4,36.4,1,"0,1",8,1,0,20,5,49.2,1,1,"128,37",bleu,eu-w3,A,,0,737,1
CLI-002105,2023-09-17,dimanche,finance,Canada,PME, Pro ,17,22,10,45.5,16,"8,9",16,4,6,0,0,11.2 h,2,0,583.78 €,sombre,us-e1,control,Mécontentement exprimé au support.,71,8138,0
CLI-000923,2023-12-29,vendredi,Commerce,Suisse, TPE ,BUSINESS,13,10,8,80.0%,56,10.4,26,15,2,0,5,9.6,3,0,450.64,violet,ap-s1,control,,71,11086,0
CLI-002866,14/09/2023,jeudi, Public ,France,TPE,Pro,17,1,1,"100,0",61,37.3,16,5,2,1,4,19.5,1,0,32.11,sombre,us-e1,control,"Client insatisfait, risque de départ.",64,658,0
CLI-002085,2023-08-16,mercredi,Commerce,France,PME,PRO,18,12,4,33.3,4,"0,2",16,7,4,2,2,"8,5",3,0,310.4 €,clair,eu-w3,A,RAS.,70,2291,0
CLI-003845,2024-03-31,dimanche,Public,Allemagne,PME,BUSINESS,10,20,4,20.0,1,0.1,26,6,,17,4,9.9,2,1,926.0,bleu,us-e1,A,,53,16705,0
CLI-000344,2024-05-08,mercredi,Éducation,France,ETI,business,9,190,72,37.9,2,0.9,26,7,1,9,3,3.2,1,1,9684.09,violet,us-e1,control,,40,389107,0
CLI-000560,2024-04-06,samedi,finance,France, PME ,PRO,10,55,37,67.3,39,12.1,16,8,,3,0,10.0,5,0,"1280,0",bleu,us-e1,control,,60,20992,0
CLI-001391,2023-07-05,mercredi,Commerce,Belgique,pme,STARTER,19,10,6,60.0,30,"8,6",8,3,,0,1,25.3,2,0,157.2,bleu,us-e1,A,,58,3996,0
CLI-001166,06/09/2023,mercredi,Éducation,France,ETI,Business,17,171,119,69.6,36,,26,15,2,2,0,8.1,5,0,8140.19,violet,ap-s1,B,RAS.,71,133499,0
CLI-001273,2023-08-18,vendredi,Éducation,France,TPE,Business,18,10,3,30.0%,2,0.1,26,5,,1,5,,3,0,484.84,clair,eu-w3,B,Suivi standard.,55,12325,1
CLI-003707,21/12/2022,mercredi,Commerce,France,pme,Pro,26,32,17,53.1%,30,17.8,16,6,3,1,5,18.1,2,0,1007.09,bleu,us-e1,control,,66,51200,0
CLI-002804,2024-03-14,jeudi, Éducation ,France,TPE, Starter ,11,6,3,50.0%,24,10.5,8,4,2,1,4,"32,9",3,0,62.91,bleu,eu-w1,control,RAS.,31,980,0
CLI-000745,15/03/2023,mercredi,finance,France,PME,Pro,23,12,5,41.7,22,6.8,16,4,7,1,0,7.0,5,0,320.08,bleu,eu-w1,B,,71,3150,0
CLI-004659,05/09/2024,jeudi,COMMERCE,Canada,ETI,Enterprise,5,132,51,38.6,11,2.9,40,23,,1,0,"0,7",4,1,"9905,71",sombre,eu-w1,A,RAS.,60,64981,0
CLI-000611,2023-12-14,jeudi,Industrie,Allemagne, TPE ,Pro,14,10,6,60.0,20,"6,3",16,7,2,0,3,14.0,4,0,295.16,clair,ap-s1,control,,21,2904,1
CLI-004349,2024-02-15,jeudi, Public ,Allemagne, PME ,Business,12,39,19,48.7,16,"13,5",26,13,1,0,0,0.5,5,2,1920.98,bleu,eu-w3,B,Suivi standard.,63,45681,0
CLI-001809,18 Sep 2022,dimanche,Commerce,Belgique,ge, Business ,29,675,490,72.6,54,28.8,26,10,4,1,0,"3,1",5,0,"37686,36",violet,eu-w1,control,,93,1328821,0
CLI-002856,25 Dec 2024,mercredi,Santé,France,PME, Pro ,1,34,12,35.3%,1,0.3,16,4,0,19,6,16.8,4,1,"647,44",clair,eu-w1,A,,10,5840,1
CLI-000972,13/07/2024,samedi, Santé ,Belgique,pme,Starter,7,14,8,57.1,35,23.1,8,4,0,1,0,12.1,5,0,169.04 €,bleu,us-e1,B,Suivi standard.,64,832,0
CLI-003156,2023-11-02,jeudi,Industrie,France,PME,PRO,15,20,18,90.0,55,33.0,16,12,3,1,1,"6,4",4,0,581.02,violet,eu-w3,control,,66,33827,0
CLI-000461,2024-11-26,mardi,INDUSTRIE,Allemagne,PME,BUSINESS,2,16,14,87.5,57,,26,15,0,1,2,7.8,3,1,"765,76",clair,eu-w3,A,,49,42071,0
CLI-004061,14/04/2024,dimanche,,France,PME,Pro,10,9,6,66.7%,45,29.6,16,8,2,1,1,8.1,4,0,236.09,clair,us-e1,control,Suivi standard.,61,3678,0
CLI-001816,10/03/2024,dimanche,Éducation,Espagne,PME,business,11,29,25,86.2%,55,,26,13,2,1,2,,5,0,1605.58,sombre,eu-w1,B,,64,40814,0
CLI-002898,07/05/2023,dimanche,Finance,Canada,PME,Business,21,29,21,72.4,74,"41,9",26,8,5,1,1,"3,1",4,0,1216.86,vert,ap-s1,A,"Compte engagé, ambassadeur potentiel.",75,27939,0
CLI-004633,03 May 2024,vendredi,Tech,France, PME ,enterprise,9,26,17,65.4,47,5.0,40,26,1,0,0,4.6,4,2,2183.41,clair,us-e1,control,,67,35808,0
CLI-002654,2022-10-19,mercredi,Industrie,France, TPE ,enterprise,28,9,7,,63,,40,25,8,1,0,"5,4",3,0,783.74,violet,us-e1,B,Compte dans la moyenne.,90,23136,0
CLI-000779,02/09/2023,samedi,commerce,Espagne,TPE,Business,17,1,1,,15,"0,8",26,10,4,5,3,6.0,2,0,"50,66",sombre,eu-w3,B,,68,3489,0
CLI-003880,10 Mar 2024,dimanche,Santé,France,GE,ENTERPRISE,11,482,240,49.8,32,17.8,40,23,4,0,2,1.1,3,0,35359.24,vert,eu-w3,control,,55,260951,0
CLI-003848,2024-03-28,jeudi,Éducation,Canada,PME,Pro,10,29,13,,10,"3,4",16,2,2,2,1,11.1,5,2,744.59,bleu,eu-w3,A,,49,6106,0
CLI-000640,06/08/2024,mardi,tech,Allemagne, TPE ,Pro,6,11,10,,89,35.6,16,8,0,1,4,16.1,4,0,316.91,sombre,eu-w3,A,,48,7536,0
CLI-004377,2023-10-12,jeudi, Éducation ,Belgique,TPE,starter,16,9,6,66.7,47,20.4,8,3,1,1,5,27.1,2,0,114.34,bleu,eu-w3,control,,45,4594,0
CLI-003749,2023-11-03,vendredi,Finance,Allemagne,TPE, Pro ,15,3,2,66.7,54,49.3,16,8,9,1,0,6.1,5,0,76.07,violet,ap-s1,A,,78,4242,0
CLI-004532,10/01/2025,vendredi,industrie,Canada,TPE, Pro ,1,8,3,37.5,1,0.1,16,2,0,21,6,13.0,,4,197.78,sombre,us-e1,control,Suivi standard.,0,2433,1
CLI-002069,2025-01-07,mardi,Éducation,Suisse,PME,Business,1,52,42,"80,8",56,"44,2",26,13,0,1,0,7.0,4,1,1985.35 €,clair,ap-s1,A,,47,17908,0
CLI-000508,2024-12-25,mercredi,Industrie,France,GE,pro,1,715,141,19.7,3,1.3,16,2,0,1,4,"12,0",3,2,17286.54,clair,eu-w3,A,,22,184275,1
CLI-004888,05/10/2024,samedi,Public,Suisse,PME,BUSINESS,4,54,13,"24,1",1,0.1,26,5,1,3,0,"5,1",5,1,2422.62,bleu,eu-w1,B,Faible adoption des sièges.,49,75489,0
CLI-000991,01 Jun 2024,samedi,Public,Canada, PME ,PRO,8,59,35,"59,3",17,"7,6",16,7,2,1,2,10.8,4,2,"1697,06",clair,ap-s1,A,,61,34790,0
CLI-002968,2023-10-18,mercredi, Commerce ,Allemagne,ETI,ENTERPRISE,16,194,0,"0,0",0,0.0,40,0,0,181,0,3.3,3,0,15814.01,vert,ap-s1,A,"Compte peu actif, relance nécessaire.",0,298252,1
CLI-004003,01 Aug 2024,jeudi, Tech ,France,tpe,Business,6,1,0,0.0%,0,0.0,26,0,0,65,1,2.2,4,,38.09 €,vert,eu-w3,B,Usage en forte baisse ce trimestre.,8,406,1
CLI-004523,2024-05-27,lundi,INDUSTRIE,France,TPE,STARTER,8,7,1,14.3,1,0.1,8,2,1,6,2,29.8,3,0,68.0 €,bleu,eu-w1,A,,7,948,1
CLI-003985,2024-07-08,lundi,commerce,Canada,PME,pro,7,47,6,12.8,1,0.2,16,6,0,24,4,12.7,2,0,"1033,95",sombre,us-e1,control,"Client insatisfait, risque de départ.",1,40696,1
CLI-004348,2024-07-14,dimanche,Commerce,France,ETI,business,7,65,31,47.7%,18,"8,2",26,11,2,2,0,5.1,5,1,"3105,61",sombre,us-e1,control,Suivi standard.,62,28013,0
CLI-004052,11/01/2024,jeudi, Tech ,France,TPE, Starter ,13,10,3,30.0,1,0.2,8,2,3,22,0,22.8,3,0,122.98 €,violet,ap-s1,A,,48,10488,0
CLI-003628,2024-04-15,lundi, Finance ,France,PME, Starter ,10,43,18,,7,,8,3,2,2,0,13.2,3,0,437.33,violet,us-e1,control,Suivi standard.,6,1793,1
CLI-000035,13/11/2023,lundi, Industrie ,France,PME,business,15,12,6,50.0%,19,6.3,26,12,4,0,1,"6,0",4,,598.28,bleu,ap-s1,B,Client très satisfait et actif.,73,29926,0
CLI-004807,2023-07-08,samedi, Commerce ,France,GE,Enterprise,19,894,108,12.1,1,0.1,40,3,1,30,3,1.1,2,0,"67990,64",clair,us-e1,B,Mécontentement exprimé au support.,45,1059294,0
CLI-001032,13/06/2023,mardi,public,France,GE,ENTERPRISE,20,460,130,28.3,4,0.5,40,18,4,8,6,"4,2",2,0,41945.48 €,clair,ap-s1,B,"Client insatisfait, risque de départ.",38,1444602,1
CLI-002596,12 Nov 2022,samedi,Finance,France,TPE,business,27,3,2,,80,68.4,26,13,8,1,0,1.1 h,4,,176.4,violet,eu-w3,A,"Compte engagé, ambassadeur potentiel.",97,17358,0
CLI-003966,2024-03-16,samedi,Commerce,France,PME, Pro ,11,7,0,"0,0",0,0.0,16,0,0,58,4,22.1,1,1,,clair,us-e1,B,,0,2873,1
CLI-001575,2024-12-28,samedi, Industrie ,Canada,ETI,Enterprise,1,110,52,"47,3",20,4.3,40,15,0,1,2,6.8,3,0,8067.11,bleu,eu-w1,B,,55,158761,0
CLI-004816,28/07/2024,dimanche,finance,Canada,tpe, Starter ,6,5,1,"20,0",3,"1,2",8,5,0,3,2,24.1,5,1,"63,85",sombre,eu-w3,control,Déploiement interne limité.,46,1047,0
CLI-000812,26/11/2024,mardi,COMMERCE,France,PME,PRO,2,37,7,"18,9",1,0.1,16,3,0,6,8,16.7,3,0,753.27,vert,us-e1,A,Support très sollicité récemment.,38,2471,0
CLI-003940,2023-03-12,dimanche,commerce,, PME ,Pro,23,42,29,,59,23.5,16,6,3,0,0,,5,0,1163.33,bleu,eu-w1,B,"Compte engagé, ambassadeur potentiel.",63,53420,0
CLI-003630,2023-10-14,samedi,santé,France,PME, Pro ,16,57,38,66.7,31,17.2,16,8,0,0,1,"5,7",5,1,1395.89,clair,us-e1,control,Suivi standard.,73,29760,0
CLI-001589,2024-07-13,samedi,COMMERCE,Suisse,PME,Business,7,26,11,42.3,9,"3,2",26,1,,10,3,"4,5",,1,954.77,clair,us-e1,B,RAS.,50,11744,0
CLI-000169,08 Sep 2024,dimanche,Finance,France,ETI,business,5,154,20,13.0,1,0.3,26,6,0,0,4,8.2,,1,6448.26,vert,eu-w3,control,,17,190353,1
CLI-002380,03 Jan 2024,mercredi,Industrie,Suisse,ETI, Enterprise ,13,43,27,62.8%,24,"16,1",40,14,4,0,2,,2,0,3129.95 €,violet,ap-s1,control,"Client insatisfait, risque de départ.",61,41065,0
CLI-004420,30/04/2024,mardi, Commerce ,Belgique,tpe, Pro ,9,7,6,,51,29.1,16,8,1,0,1,18.2,3,3,162.37,vert,eu-w1,B,,46,3728,0
CLI-001940,07 Dec 2023,jeudi,Éducation,France,GE,Pro,14,421,294,69.8,42,33.1,16,6,3,3,0,7.8,4,0,11403.25,violet,ap-s1,B,Client très satisfait et actif.,70,84156,0
CLI-003811,14 Oct 2023,samedi,commerce,France,pme,pro,16,57,31,54.4,50,22.9,16,12,3,0,0,2.1,5,1,1512.04 €,sombre,us-e1,A,,77,18598,0
CLI-003222,05 Jan 2024,vendredi,Public,France,PME, Pro ,13,42,6,14.3,1,0.1,16,2,3,5,1,7.8,4,1,"921,67",sombre,eu-w3,B,,17,6802,1
CLI-004772,01 Aug 2023,mardi,Tech,Belgique,TPE, Pro ,18,2,1,"50,0",14,1.3,16,7,1,1,3,,4,0,51.66 €,vert,ap-s1,B,Suivi standard.,54,678,0
CLI-004717,15 Sep 2023,vendredi,Santé,Espagne,PME, Business ,17,15,6,40.0,31,18.9,26,10,4,0,0,9.3,,0,703.81,bleu,us-e1,A,Compte dans la moyenne.,66,27125,0
CLI-002562,31 Dec 2024,mardi,Industrie,France,tpe,starter,1,5,0,0.0,0,"0,0",8,0,0,30,3,36.8,2,1,42.7,clair,eu-w3,B,,0,300,1
CLI-003004,02/04/2024,mardi,Commerce,France,PME,pro,10,30,5,"16,7",1,"0,2",16,1,3,2,1,8.6 h,4,0,"772,64",clair,us-e1,control,,59,14572,0
CLI-002811,2024-05-09,jeudi,finance,France,ETI, Enterprise ,9,64,9,14.1%,1,0.1,40,3,2,10,3,5.4,3,1,4934.23,sombre,eu-w3,control,,44,230626,0
CLI-004931,12 Sep 2022,lundi,finance,Canada, ETI ,Business,29,181,78,"43,1",10,4.2,26,10,8,1,2,5.5,3,0,,clair,eu-w3,A,Suivi standard.,73,400438,0
CLI-004503,05/02/2024,lundi,Finance,Belgique,TPE,Starter,12,6,3,50.0%,16,4.1,8,2,,1,4,26.5 h,4,0,47.92,bleu,eu-w1,control,Client très satisfait et actif.,53,300,0
CLI-002791,01 Sep 2023,vendredi,tech,France,TPE,STARTER,17,11,4,"36,4",1,0.1,8,2,4,13,1,24.4 h,,0,109.58,violet,us-e1,A,,46,1258,0
CLI-000022,12/06/2023,lundi,TECH,France,PME, Enterprise ,20,18,11,61.1,34,"8,7",40,24,3,3,0,0.5,4,0,1683.72,vert,eu-w3,B,"Compte engagé, ambassadeur potentiel.",90,26232,0
CLI-001758,07 Feb 2024,mercredi, Éducation ,Canada, PME ,Business,12,43,6,"14,0",1,0.1,26,3,1,19,5,9.7 h,2,0,1987.42 €,clair,ap-s1,A,,46,120597,0
CLI-003137,2023-10-11,mercredi,Tech,Allemagne,PME,PRO,16,51,16,31.4,14,4.7,16,5,2,0,5,"11,3",2,0,1412.86 €,violet,eu-w1,A,Mécontentement exprimé au support.,62,12744,0
CLI-000927,11 May 2024,samedi,Industrie,France,PME,PRO,9,32,12,"37,5",16,8.0,16,6,0,3,2,9.4,4,0,739.13,violet,ap-s1,control,RAS.,55,24850,0
CLI-001914,2023-08-01,mardi,Éducation,France,TPE,STARTER,18,4,1,25.0,2,"0,8",8,2,3,28,0,20.5,4,0,"54,0",bleu,eu-w1,B,Compte dans la moyenne.,20,2568,1
CLI-000838,31 Jul 2024,mercredi,Commerce,France, TPE ,STARTER,6,2,1,50.0,6,1.6,8,3,0,5,6,40.2,1,1,20.96,vert,us-e1,B,"Client insatisfait, risque de départ.",0,300,1
CLI-001570,29/06/2024,samedi,Public,Espagne,TPE,Pro,7,8,3,37.5,3,"0,9",16,0,1,15,1,8.0 h,4,0,204.35,sombre,eu-w1,A,,19,3519,1
CLI-002970,12 Nov 2023,dimanche,Public,Espagne, ETI , Business ,15,219,51,"23,3",1,0.4,26,3,4,8,0,1.9,3,0,11039.41 €,violet,ap-s1,A,Faible adoption des sièges.,61,190099,0
CLI-003907,06/12/2023,mercredi,Tech,Canada,pme, Enterprise ,14,49,22,"44,9",14,"3,5",40,16,,2,4,"3,7",3,0,4592.71 €,clair,eu-w3,B,,38,225961,1
CLI-002482,2024-03-04,lundi,Tech,France,TPE,Pro,11,4,1,25.0,1,0.2,16,0,4,4,2,10.8,5,3,93.07,bleu,us-e1,control,,49,1068,0
CLI-003903,03 Oct 2023,mardi,industrie,France,TPE,Starter,16,7,4,57.1,29,14.6,8,2,5,1,1,31.4,3,0,85.26,violet,eu-w1,B,Compte dans la moyenne.,51,1538,0
CLI-003668,08/02/2023,mercredi,tech,France,ETI,Pro,24,57,25,"43,9",15,"7,9",16,2,3,2,2,"18,1",4,0,1525.67,bleu,ap-s1,A,"Compte engagé, ambassadeur potentiel.",75,25021,0
CLI-004783,11/02/2024,dimanche,Finance,Espagne,TPE,business,12,8,3,37.5,4,"2,0",26,7,2,1,0,0.5,5,0,294.23 €,violet,eu-w3,A,,61,3378,0
CLI-001126,25/08/2024,dimanche, Industrie ,France,TPE, Business ,5,2,1,50.0,6,1.6,26,1,3,7,1,"7,2",3,,78.34,clair,eu-w1,B,,57,642,0
CLI-000179,2023-12-15,vendredi,Finance,Espagne,GE,Enterprise,14,671,211,31.4,1,0.1,40,7,1,11,7,,4,0,54958.69 €,vert,eu-w1,B,"Multiples tickets ouverts, friction élevée.",16,1126653,1
CLI-001512,27 Oct 2024,dimanche, Commerce ,Canada,TPE, Starter ,3,2,2,"100,0",61,,8,4,0,4,8,,1,2,"26,79",sombre,us-e1,B,,6,1911,1
CLI-002217,15 Feb 2022,mardi, Santé ,France,ETI,Business,36,55,0,0.0,0,0.0,26,0,0,73,0,4.9,,0,3019.79,violet,us-e1,B,"Compte peu actif, relance nécessaire.",8,136193,1
CLI-002438,05/04/2024,vendredi,Industrie,,TPE, Starter ,10,11,0,0.0%,0,0.0,8,0,0,147,0,16.1,4,0,133.33,clair,ap-s1,control,,0,1312,1
CLI-000341,2023-08-16,mercredi,Public,Canada,TPE,Starter,18,8,5,62.5,30,20.1,8,4,5,2,4,28.6,3,0,118.77,violet,us-e1,control,,63,2824,0
CLI-003595,2024-12-23,lundi,Commerce,France,TPE,pro,1,5,1,"20,0",1,0.1,16,1,0,2,7,12.6,2,5,113.86,violet,ap-s1,B,Mécontentement exprimé au support.,0,3081,1
CLI-004029,01/10/2023,dimanche, Commerce ,France,PME,Starter,16,24,15,62.5,17,10.2,8,3,5,1,5,39.5,2,,"292,57",bleu,eu-w3,control,,48,4798,0
CLI-000039,11/01/2024,jeudi,éducation,Espagne,eti,Starter,13,120,86,71.7,36,"11,4",8,4,1,0,0,8.9,5,0,1462.46,clair,eu-w1,A,Compte dans la moyenne.,64,23984,0
CLI-003969,2024-02-04,dimanche,Industrie,France,TPE,STARTER,12,10,4,"40,0",1,"0,2",8,1,3,12,7,37.3,2,0,"130,59",vert,ap-s1,A,Mécontentement exprimé au support.,23,1071,1
CLI-003094,2024-12-06,vendredi,,France,TPE,business,2,1,0,0.0,0,0.0,26,0,0,58,0,"5,6",3,2,,sombre,eu-w3,B,,8,852,1
CLI-001795,01 Jun 2024,samedi,santé,Canada,ETI,BUSINESS,8,196,90,45.9%,11,3.1,26,6,0,1,5,,2,,8798.14,violet,ap-s1,A,,18,317437,1
CLI-001631,2023-12-10,dimanche,Finance,Belgique,TPE,STARTER,14,11,2,"18,2",6,2.2,8,1,3,1,1,,4,1,"127,58",bleu,eu-w1,B,,60,1151,0
CLI-003412,11 Oct 2023,mercredi,Tech,,PME, Starter ,16,8,6,75.0,39,"18,1",8,2,0,2,10,39.3,2,0,74.82,sombre,ap-s1,A,"Client insatisfait, risque de départ.",7,736,1
CLI-003808,11 Sep 2024,mercredi,Finance,Belgique,PME,Pro,5,29,16,55.2%,22,"11,2",16,6,1,0,1,"10,8",,1,"895,74",bleu,ap-s1,B,RAS.,55,41132,0
CLI-002481,2024-11-10,dimanche,tech,France,PME,Starter,3,52,42,"80,8",65,"49,4",8,7,0,0,0,22.4,4,1,621.65,sombre,ap-s1,A,,52,14783,0
CLI-002706,01/11/2023,mercredi,Santé,France,PME, Business ,15,30,21,,41,"8,0",26,12,4,2,6,10.3,1,0,1149.8,bleu,eu-w1,A,"Client insatisfait, risque de départ.",17,22628,1
CLI-002417,2024-01-06,samedi,Commerce,Suisse,ETI,ENTERPRISE,13,186,59,31.7,1,"0,6",40,3,1,11,5,,,0,,violet,us-e1,A,,26,337518,1
